buyer,seller,trade_count,total_qty,products,avg_price,avg_buyer_markout_10,avg_buyer_markout_50,buyer_win_rate_10,days
Mark 01,Mark 22,1339,4636.0,VEV_5400|VEV_5500|VEV_6000|VEV_6500|VEV_5300|VEV_5200,7.1127707244212095,0.5575056011949215,0.6269662921348315,0.9103808812546677,1|2|3
Mark 01,Mark 55,260,1417.0,VELVETFRUIT_EXTRACT,5245.434615384615,2.8365384615384617,2.4673076923076924,0.8,1|2|3
Mark 14,Mark 22,83,302.0,VEV_5500|VEV_5300|VEV_5400|VEV_5200,48.30120481927711,0.5843373493975904,0.8554216867469879,0.6144578313253012,1|2|3
Mark 14,Mark 38,728,2447.0,VEV_4000|HYDROGEL_PACK,7199.304945054945,8.953296703296703,9.161157024793388,0.9217032967032966,1|2|3
Mark 14,Mark 55,316,1761.0,VELVETFRUIT_EXTRACT,5244.604430379747,2.175632911392405,1.8993610223642172,0.7721518987341772,1|2|3
Mark 22,Mark 38,17,60.0,HYDROGEL_PACK|VEV_4000|VEV_4500|VEV_5000|VEV_5100|VEV_5200|VEV_5300,6613.705882352941,0.7647058823529411,-1.6470588235294117,0.6470588235294118,1|2|3
Mark 22,Mark 49,7,54.0,VELVETFRUIT_EXTRACT,5244.142857142857,1.3571428571428572,4.214285714285714,0.5714285714285714,1|2|3
Mark 22,Mark 55,18,92.0,VELVETFRUIT_EXTRACT,5244.666666666667,1.3888888888888888,-0.19444444444444445,0.6111111111111112,1|2|3
Mark 38,Mark 14,714,2445.0,VEV_4000|HYDROGEL_PACK,7465.640056022409,-8.653361344537815,-9.478230337078651,0.05742296918767507,1|2|3
Mark 38,Mark 22,19,48.0,HYDROGEL_PACK|VEV_4000|VEV_4500|VEV_5000|VEV_5100|VEV_5200|VEV_5300,4468.894736842105,-1.0,-2.0526315789473686,0.15789473684210525,1|2|3
Mark 49,Mark 22,12,89.0,VELVETFRUIT_EXTRACT,5249.5,-0.75,1.7083333333333333,0.4166666666666667,1|2|3
Mark 49,Mark 55,5,26.0,VELVETFRUIT_EXTRACT,5243.4,0.2,-0.9,0.4,1|2
Mark 55,Mark 01,244,1375.0,VELVETFRUIT_EXTRACT,5250.709016393443,-3.0,-3.0614754098360657,0.14754098360655737,1|2|3
Mark 55,Mark 14,331,1763.0,VELVETFRUIT_EXTRACT,5249.740181268882,-2.294561933534743,-1.641337386018237,0.2175226586102719,1|2|3
Mark 55,Mark 22,14,62.0,VELVETFRUIT_EXTRACT,5255.714285714285,0.6071428571428571,2.2857142857142856,0.5714285714285714,1|2|3
Mark 55,Mark 49,9,54.0,VELVETFRUIT_EXTRACT,5242.444444444444,-0.16666666666666666,-0.16666666666666666,0.5555555555555556,1|3
Mark 67,Mark 22,75,546.0,VELVETFRUIT_EXTRACT,5247.48,1.1533333333333333,0.8666666666666667,0.6533333333333333,1|2|3
Mark 67,Mark 49,89,963.0,VELVETFRUIT_EXTRACT,5250.887640449439,1.646067415730337,1.2359550561797752,0.6741573033707865,1|2|3
Mark 67,Mark 55,1,1.0,VELVETFRUIT_EXTRACT,5241.0,5.5,10.0,1.0,3
