timestamp;buyer;seller;symbol;currency;price;quantity
200;Mark 01;Mark 22;VEV_5300;XIRECS;20;5
200;Mark 01;Mark 22;VEV_5400;XIRECS;0;5
200;Mark 01;Mark 22;VEV_6000;XIRECS;0;5
200;Mark 01;Mark 22;VEV_6500;XIRECS;0;5
2700;Mark 01;Mark 22;VEV_5400;XIRECS;0;2
2700;Mark 01;Mark 22;VEV_5500;XIRECS;0;2
2700;Mark 01;Mark 22;VEV_6500;XIRECS;0;2
3900;Mark 01;Mark 22;VEV_6000;XIRECS;0;2
3900;Mark 01;Mark 22;VEV_6500;XIRECS;0;2
4000;Mark 55;Mark 14;VELVETFRUIT_EXTRACT;XIRECS;5216;6
7000;Mark 01;Mark 55;VELVETFRUIT_EXTRACT;XIRECS;5209;6
7300;Mark 55;Mark 14;VELVETFRUIT_EXTRACT;XIRECS;5214;8
9400;Mark 14;Mark 55;VELVETFRUIT_EXTRACT;XIRECS;5219;4
10100;Mark 14;Mark 38;HYDROGEL_PACK;XIRECS;9992;3
10800;Mark 38;Mark 14;HYDROGEL_PACK;XIRECS;10015;5
11300;Mark 01;Mark 55;VELVETFRUIT_EXTRACT;XIRECS;5214;4
13900;Mark 14;Mark 55;VELVETFRUIT_EXTRACT;XIRECS;5215;4
22400;Mark 01;Mark 55;VELVETFRUIT_EXTRACT;XIRECS;5214;5
24400;Mark 14;Mark 38;HYDROGEL_PACK;XIRECS;9997;5
25400;Mark 01;Mark 55;VELVETFRUIT_EXTRACT;XIRECS;5217;4
26700;Mark 14;Mark 38;HYDROGEL_PACK;XIRECS;9997;3
27500;Mark 38;Mark 14;HYDROGEL_PACK;XIRECS;10008;3
29600;Mark 55;Mark 01;VELVETFRUIT_EXTRACT;XIRECS;5219;5
29900;Mark 38;Mark 14;HYDROGEL_PACK;XIRECS;10021;5
32300;Mark 01;Mark 22;VEV_5300;XIRECS;22;2
32300;Mark 01;Mark 22;VEV_5400;XIRECS;1;2
32300;Mark 01;Mark 22;VEV_5500;XIRECS;0;2
32300;Mark 01;Mark 22;VEV_6000;XIRECS;0;2
34000;Mark 55;Mark 01;VELVETFRUIT_EXTRACT;XIRECS;5239;3
34400;Mark 01;Mark 22;VEV_5400;XIRECS;2;2
34400;Mark 01;Mark 22;VEV_5500;XIRECS;0;2
34400;Mark 01;Mark 22;VEV_6000;XIRECS;0;2
34400;Mark 01;Mark 22;VEV_6500;XIRECS;0;2
35000;Mark 38;Mark 14;HYDROGEL_PACK;XIRECS;10014;3
35600;Mark 14;Mark 55;VELVETFRUIT_EXTRACT;XIRECS;5226;6
38000;Mark 14;Mark 38;VEV_4000;XIRECS;1218;2
39700;Mark 38;Mark 14;HYDROGEL_PACK;XIRECS;10024;6
40600;Mark 01;Mark 22;VEV_5400;XIRECS;0;5
40600;Mark 01;Mark 22;VEV_5500;XIRECS;0;5
40600;Mark 01;Mark 22;VEV_6500;XIRECS;0;5
41200;Mark 55;Mark 14;VELVETFRUIT_EXTRACT;XIRECS;5217;8
42100;Mark 01;Mark 22;VEV_5300;XIRECS;20;2
42100;Mark 01;Mark 22;VEV_5400;XIRECS;0;2
42100;Mark 01;Mark 22;VEV_5500;XIRECS;0;2
42100;Mark 01;Mark 22;VEV_6000;XIRECS;0;2
42100;Mark 01;Mark 22;VEV_6500;XIRECS;0;2
43600;Mark 38;Mark 14;HYDROGEL_PACK;XIRECS;10012;5
43800;Mark 14;Mark 22;VEV_5200;XIRECS;63;5
43800;Mark 01;Mark 22;VEV_5400;XIRECS;0;5
43800;Mark 01;Mark 22;VEV_6500;XIRECS;0;5
44100;Mark 01;Mark 55;VELVETFRUIT_EXTRACT;XIRECS;5217;4
44300;Mark 38;Mark 14;VEV_4000;XIRECS;1235;3
45900;Mark 14;Mark 55;VELVETFRUIT_EXTRACT;XIRECS;5230;5
47300;Mark 01;Mark 22;VEV_5200;XIRECS;72;2
47300;Mark 01;Mark 22;VEV_5300;XIRECS;25;2
47300;Mark 01;Mark 22;VEV_5400;XIRECS;2;2
47300;Mark 01;Mark 22;VEV_6000;XIRECS;0;2
50300;Mark 14;Mark 38;VEV_4000;XIRECS;1221;1
50500;Mark 14;Mark 38;HYDROGEL_PACK;XIRECS;9973;2
50900;Mark 01;Mark 22;VEV_5300;XIRECS;24;5
50900;Mark 01;Mark 22;VEV_5400;XIRECS;1;5
50900;Mark 01;Mark 22;VEV_5500;XIRECS;0;5
50900;Mark 01;Mark 22;VEV_6500;XIRECS;0;5
51100;Mark 01;Mark 22;VEV_5300;XIRECS;24;2
51100;Mark 01;Mark 22;VEV_5500;XIRECS;0;2
51100;Mark 01;Mark 22;VEV_6500;XIRECS;0;2
52000;Mark 55;Mark 14;VELVETFRUIT_EXTRACT;XIRECS;5228;4
52800;Mark 55;Mark 14;VELVETFRUIT_EXTRACT;XIRECS;5228;3
53400;Mark 38;Mark 14;HYDROGEL_PACK;XIRECS;9988;6
54100;Mark 14;Mark 22;VEV_5300;XIRECS;24;2
54100;Mark 01;Mark 22;VEV_5400;XIRECS;1;2
54100;Mark 01;Mark 22;VEV_5500;XIRECS;0;2
54100;Mark 01;Mark 22;VEV_6000;XIRECS;0;2
56200;Mark 55;Mark 14;VELVETFRUIT_EXTRACT;XIRECS;5234;7
61400;Mark 14;Mark 38;VEV_4000;XIRECS;1230;2
61900;Mark 38;Mark 14;HYDROGEL_PACK;XIRECS;9984;5
62100;Mark 01;Mark 22;VEV_5300;XIRECS;27;3
62100;Mark 01;Mark 22;VEV_5500;XIRECS;0;3
62100;Mark 01;Mark 22;VEV_6000;XIRECS;0;3
67000;Mark 38;Mark 14;HYDROGEL_PACK;XIRECS;10000;4
67300;Mark 14;Mark 38;HYDROGEL_PACK;XIRECS;9980;3
68100;Mark 01;Mark 55;VELVETFRUIT_EXTRACT;XIRECS;5247;4
73000;Mark 67;Mark 49;VELVETFRUIT_EXTRACT;XIRECS;5248;9
74100;Mark 14;Mark 55;VELVETFRUIT_EXTRACT;XIRECS;5249;8
75800;Mark 14;Mark 55;VELVETFRUIT_EXTRACT;XIRECS;5244;6
79900;Mark 38;Mark 14;HYDROGEL_PACK;XIRECS;9959;4
81900;Mark 38;Mark 14;HYDROGEL_PACK;XIRECS;9960;6
83200;Mark 55;Mark 14;VELVETFRUIT_EXTRACT;XIRECS;5258;7
84300;Mark 38;Mark 14;HYDROGEL_PACK;XIRECS;9968;4
86000;Mark 55;Mark 14;VELVETFRUIT_EXTRACT;XIRECS;5257;7
86100;Mark 01;Mark 22;VEV_5400;XIRECS;5;3
86100;Mark 01;Mark 22;VEV_5500;XIRECS;0;3
86100;Mark 01;Mark 22;VEV_6500;XIRECS;0;3
86300;Mark 01;Mark 22;VEV_5500;XIRECS;0;3
86300;Mark 01;Mark 22;VEV_6000;XIRECS;0;3
86300;Mark 01;Mark 22;VEV_6500;XIRECS;0;3
88300;Mark 38;Mark 14;HYDROGEL_PACK;XIRECS;9958;3
90300;Mark 38;Mark 14;HYDROGEL_PACK;XIRECS;9968;3
91400;Mark 01;Mark 22;VEV_5300;XIRECS;28;4
91400;Mark 01;Mark 22;VEV_5500;XIRECS;0;4
91400;Mark 01;Mark 22;VEV_6000;XIRECS;0;4
91400;Mark 01;Mark 22;VEV_6500;XIRECS;0;4
91500;Mark 01;Mark 22;VEV_5300;XIRECS;28;4
91500;Mark 01;Mark 22;VEV_5400;XIRECS;3;4
91500;Mark 01;Mark 22;VEV_5500;XIRECS;0;4
91500;Mark 01;Mark 22;VEV_6000;XIRECS;0;4
92000;Mark 14;Mark 38;HYDROGEL_PACK;XIRECS;9945;3
96400;Mark 55;Mark 14;VELVETFRUIT_EXTRACT;XIRECS;5251;8
96900;Mark 67;Mark 49;VELVETFRUIT_EXTRACT;XIRECS;5247;10
98300;Mark 01;Mark 22;VEV_5400;XIRECS;4;3
98300;Mark 01;Mark 22;VEV_5500;XIRECS;0;3
98300;Mark 01;Mark 22;VEV_6500;XIRECS;0;3
100100;Mark 01;Mark 55;VELVETFRUIT_EXTRACT;XIRECS;5236;4
101100;Mark 14;Mark 55;VELVETFRUIT_EXTRACT;XIRECS;5234;4
101700;Mark 01;Mark 22;VEV_5300;XIRECS;25;5
101700;Mark 01;Mark 22;VEV_5400;XIRECS;2;5
101700;Mark 01;Mark 22;VEV_6500;XIRECS;0;5
101800;Mark 01;Mark 55;VELVETFRUIT_EXTRACT;XIRECS;5234;6
106300;Mark 38;Mark 14;HYDROGEL_PACK;XIRECS;9970;5
110400;Mark 14;Mark 38;HYDROGEL_PACK;XIRECS;9957;2
110800;Mark 14;Mark 38;VEV_4000;XIRECS;1234;1
111200;Mark 14;Mark 38;HYDROGEL_PACK;XIRECS;9961;4
111200;Mark 14;Mark 22;VEV_5200;XIRECS;76;4
111200;Mark 01;Mark 22;VEV_5300;XIRECS;27;4
111200;Mark 01;Mark 22;VEV_5400;XIRECS;3;4
111200;Mark 01;Mark 22;VEV_5500;XIRECS;0;4
111200;Mark 01;Mark 22;VEV_6000;XIRECS;0;4
112100;Mark 14;Mark 22;VEV_5300;XIRECS;27;4
112100;Mark 01;Mark 22;VEV_5400;XIRECS;3;4
112100;Mark 01;Mark 22;VEV_6000;XIRECS;0;4
112100;Mark 01;Mark 22;VEV_6500;XIRECS;0;4
112400;Mark 67;Mark 49;VELVETFRUIT_EXTRACT;XIRECS;5239;14
114200;Mark 38;Mark 14;VEV_4000;XIRECS;1254;2
117200;Mark 14;Mark 22;VEV_5200;XIRECS;76;2
117200;Mark 01;Mark 22;VEV_5400;XIRECS;3;2
117200;Mark 01;Mark 22;VEV_6000;XIRECS;0;2
118800;Mark 14;Mark 38;VEV_4000;XIRECS;1233;1
119600;Mark 67;Mark 49;VELVETFRUIT_EXTRACT;XIRECS;5243;14
120200;Mark 38;Mark 14;VEV_4000;XIRECS;1266;1
120600;Mark 01;Mark 22;VEV_5300;XIRECS;29;5
120600;Mark 01;Mark 22;VEV_6500;XIRECS;0;5
123100;Mark 55;Mark 01;VELVETFRUIT_EXTRACT;XIRECS;5262;7
125500;Mark 38;Mark 14;HYDROGEL_PACK;XIRECS;9969;3
126000;Mark 38;Mark 14;HYDROGEL_PACK;XIRECS;9972;4
127400;Mark 55;Mark 14;VELVETFRUIT_EXTRACT;XIRECS;5258;3
131300;Mark 14;Mark 38;HYDROGEL_PACK;XIRECS;9940;6
131800;Mark 67;Mark 49;VELVETFRUIT_EXTRACT;XIRECS;5254;8
132300;Mark 38;Mark 14;HYDROGEL_PACK;XIRECS;9968;2
134900;Mark 55;Mark 14;VELVETFRUIT_EXTRACT;XIRECS;5255;3
138100;Mark 55;Mark 14;VELVETFRUIT_EXTRACT;XIRECS;5255;3
138300;Mark 55;Mark 14;VELVETFRUIT_EXTRACT;XIRECS;5254;3
138400;Mark 14;Mark 55;VELVETFRUIT_EXTRACT;XIRECS;5249;3
139500;Mark 38;Mark 14;HYDROGEL_PACK;XIRECS;9963;4
140000;Mark 55;Mark 14;VELVETFRUIT_EXTRACT;XIRECS;5255;8
140200;Mark 38;Mark 14;HYDROGEL_PACK;XIRECS;9959;2
140300;Mark 14;Mark 22;VEV_5300;XIRECS;31;2
140300;Mark 01;Mark 22;VEV_5400;XIRECS;4;2
140300;Mark 01;Mark 22;VEV_6000;XIRECS;0;2
140300;Mark 01;Mark 22;VEV_6500;XIRECS;0;2
141800;Mark 01;Mark 22;VEV_5300;XIRECS;31;2
141800;Mark 01;Mark 22;VEV_5500;XIRECS;0;2
141800;Mark 01;Mark 22;VEV_6000;XIRECS;0;2
141800;Mark 01;Mark 22;VEV_6500;XIRECS;0;2
142700;Mark 38;Mark 14;HYDROGEL_PACK;XIRECS;9959;6
143200;Mark 14;Mark 55;VELVETFRUIT_EXTRACT;XIRECS;5243;4
145800;Mark 14;Mark 38;VEV_4000;XIRECS;1240;2
146000;Mark 14;Mark 38;VEV_4000;XIRECS;1239;2
148300;Mark 14;Mark 38;HYDROGEL_PACK;XIRECS;9942;5
152600;Mark 55;Mark 14;VELVETFRUIT_EXTRACT;XIRECS;5238;7
152900;Mark 01;Mark 22;VEV_5300;XIRECS;24;2
152900;Mark 01;Mark 22;VEV_6000;XIRECS;0;2
152900;Mark 01;Mark 22;VEV_6500;XIRECS;0;2
153600;Mark 14;Mark 38;HYDROGEL_PACK;XIRECS;9944;6
153800;Mark 38;Mark 14;HYDROGEL_PACK;XIRECS;9959;2
154100;Mark 14;Mark 55;VELVETFRUIT_EXTRACT;XIRECS;5236;3
155700;Mark 38;Mark 14;VEV_4000;XIRECS;1250;2
156600;Mark 14;Mark 55;VELVETFRUIT_EXTRACT;XIRECS;5238;4
157800;Mark 01;Mark 55;VELVETFRUIT_EXTRACT;XIRECS;5236;4
158400;Mark 14;Mark 55;VELVETFRUIT_EXTRACT;XIRECS;5232;5
162500;Mark 55;Mark 14;VELVETFRUIT_EXTRACT;XIRECS;5230;3
163300;Mark 14;Mark 55;VELVETFRUIT_EXTRACT;XIRECS;5221;7
163500;Mark 14;Mark 55;VELVETFRUIT_EXTRACT;XIRECS;5221;7
164500;Mark 38;Mark 14;HYDROGEL_PACK;XIRECS;9970;5
165200;Mark 67;Mark 22;VELVETFRUIT_EXTRACT;XIRECS;5224;9
165500;Mark 01;Mark 22;VEV_5400;XIRECS;1;3
165500;Mark 01;Mark 22;VEV_5500;XIRECS;0;3
165500;Mark 01;Mark 22;VEV_6000;XIRECS;0;3
165500;Mark 01;Mark 22;VEV_6500;XIRECS;0;3
167500;Mark 55;Mark 14;VELVETFRUIT_EXTRACT;XIRECS;5231;3
168700;Mark 14;Mark 55;VELVETFRUIT_EXTRACT;XIRECS;5231;7
170500;Mark 55;Mark 01;VELVETFRUIT_EXTRACT;XIRECS;5234;8
171100;Mark 01;Mark 55;VELVETFRUIT_EXTRACT;XIRECS;5225;8
171300;Mark 14;Mark 55;VELVETFRUIT_EXTRACT;XIRECS;5222;5
171600;Mark 38;Mark 14;HYDROGEL_PACK;XIRECS;9979;6
173000;Mark 14;Mark 55;VELVETFRUIT_EXTRACT;XIRECS;5221;7
174600;Mark 55;Mark 01;VELVETFRUIT_EXTRACT;XIRECS;5222;5
175500;Mark 01;Mark 55;VELVETFRUIT_EXTRACT;XIRECS;5215;3
181900;Mark 38;Mark 14;HYDROGEL_PACK;XIRECS;9984;3
184600;Mark 38;Mark 14;VEV_4000;XIRECS;1237;3
188200;Mark 14;Mark 38;HYDROGEL_PACK;XIRECS;9966;6
188900;Mark 14;Mark 55;VELVETFRUIT_EXTRACT;XIRECS;5225;4
189400;Mark 14;Mark 22;VEV_5400;XIRECS;1;5
189400;Mark 01;Mark 22;VEV_6000;XIRECS;0;5
189400;Mark 01;Mark 22;VEV_6500;XIRECS;0;5
191100;Mark 55;Mark 14;VELVETFRUIT_EXTRACT;XIRECS;5230;7
191800;Mark 14;Mark 38;VEV_4000;XIRECS;1222;1
192300;Mark 55;Mark 14;VELVETFRUIT_EXTRACT;XIRECS;5233;8
194300;Mark 55;Mark 14;VELVETFRUIT_EXTRACT;XIRECS;5235;8
195600;Mark 22;Mark 38;HYDROGEL_PACK;XIRECS;9964;5
195900;Mark 01;Mark 22;VEV_5400;XIRECS;2;3
195900;Mark 01;Mark 22;VEV_6000;XIRECS;0;3
195900;Mark 01;Mark 22;VEV_6500;XIRECS;0;3
196900;Mark 01;Mark 22;VEV_6000;XIRECS;0;2
196900;Mark 01;Mark 22;VEV_6500;XIRECS;0;2
197000;Mark 01;Mark 55;VELVETFRUIT_EXTRACT;XIRECS;5236;4
198600;Mark 01;Mark 55;VELVETFRUIT_EXTRACT;XIRECS;5240;5
199500;Mark 55;Mark 01;VELVETFRUIT_EXTRACT;XIRECS;5248;6
200600;Mark 38;Mark 14;VEV_4000;XIRECS;1221;1
201100;Mark 14;Mark 55;VELVETFRUIT_EXTRACT;XIRECS;5205;5
204000;Mark 14;Mark 38;HYDROGEL_PACK;XIRECS;10040;4
206200;Mark 14;Mark 38;HYDROGEL_PACK;XIRECS;10028;2
206300;Mark 14;Mark 38;HYDROGEL_PACK;XIRECS;10027;4
206400;Mark 14;Mark 55;VELVETFRUIT_EXTRACT;XIRECS;5206;5
208100;Mark 55;Mark 14;VELVETFRUIT_EXTRACT;XIRECS;5216;4
209400;Mark 14;Mark 38;VEV_4000;XIRECS;1206;1
211100;Mark 38;Mark 14;VEV_4000;XIRECS;1224;2
213300;Mark 01;Mark 22;VEV_6000;XIRECS;0;3
213300;Mark 01;Mark 22;VEV_6500;XIRECS;0;3
214800;Mark 55;Mark 01;VELVETFRUIT_EXTRACT;XIRECS;5214;3
214900;Mark 01;Mark 22;VEV_5400;XIRECS;0;2
214900;Mark 01;Mark 22;VEV_5500;XIRECS;0;2
214900;Mark 01;Mark 22;VEV_6000;XIRECS;0;2
219200;Mark 14;Mark 55;VELVETFRUIT_EXTRACT;XIRECS;5206;8
219300;Mark 38;Mark 14;VEV_4000;XIRECS;1221;3
220100;Mark 38;Mark 14;HYDROGEL_PACK;XIRECS;10056;4
220800;Mark 38;Mark 14;VEV_4000;XIRECS;1217;1
220900;Mark 14;Mark 38;VEV_4000;XIRECS;1198;2
221900;Mark 38;Mark 14;VEV_4000;XIRECS;1222;2
222600;Mark 01;Mark 55;VELVETFRUIT_EXTRACT;XIRECS;5204;8
223100;Mark 55;Mark 14;VELVETFRUIT_EXTRACT;XIRECS;5208;8
223500;Mark 55;Mark 14;VELVETFRUIT_EXTRACT;XIRECS;5208;4
224800;Mark 38;Mark 14;HYDROGEL_PACK;XIRECS;10051;4
226300;Mark 14;Mark 38;VEV_4000;XIRECS;1196;2
226700;Mark 14;Mark 55;VELVETFRUIT_EXTRACT;XIRECS;5199;7
227000;Mark 14;Mark 38;HYDROGEL_PACK;XIRECS;10033;5
227100;Mark 55;Mark 14;VELVETFRUIT_EXTRACT;XIRECS;5205;4
227500;Mark 01;Mark 22;VEV_5300;XIRECS;16;5
227500;Mark 01;Mark 22;VEV_5400;XIRECS;0;5
227500;Mark 01;Mark 22;VEV_6500;XIRECS;0;5
228400;Mark 01;Mark 55;VELVETFRUIT_EXTRACT;XIRECS;5194;6
232700;Mark 14;Mark 38;HYDROGEL_PACK;XIRECS;10032;2
235600;Mark 14;Mark 55;VELVETFRUIT_EXTRACT;XIRECS;5194;4
237800;Mark 55;Mark 14;VELVETFRUIT_EXTRACT;XIRECS;5203;7
240000;Mark 38;Mark 14;VEV_4000;XIRECS;1216;1
240400;Mark 38;Mark 14;VEV_4000;XIRECS;1212;2
240800;Mark 14;Mark 38;HYDROGEL_PACK;XIRECS;10037;6
241200;Mark 01;Mark 22;VEV_5300;XIRECS;15;2
241200;Mark 01;Mark 22;VEV_5400;XIRECS;0;2
241200;Mark 01;Mark 22;VEV_5500;XIRECS;0;2
241200;Mark 01;Mark 22;VEV_6000;XIRECS;0;2
241200;Mark 01;Mark 22;VEV_6500;XIRECS;0;2
242200;Mark 67;Mark 22;VELVETFRUIT_EXTRACT;XIRECS;5199;9
245800;Mark 38;Mark 14;HYDROGEL_PACK;XIRECS;10050;3
245800;Mark 01;Mark 22;VEV_5200;XIRECS;56;4
245800;Mark 01;Mark 22;VEV_5400;XIRECS;0;4
245800;Mark 01;Mark 22;VEV_5500;XIRECS;0;4
245800;Mark 01;Mark 22;VEV_6000;XIRECS;0;4
245800;Mark 01;Mark 22;VEV_6500;XIRECS;0;4
247200;Mark 38;Mark 14;HYDROGEL_PACK;XIRECS;10061;6
248900;Mark 14;Mark 38;HYDROGEL_PACK;XIRECS;10051;6
249100;Mark 14;Mark 38;HYDROGEL_PACK;XIRECS;10052;6
251100;Mark 55;Mark 01;VELVETFRUIT_EXTRACT;XIRECS;5203;5
252600;Mark 55;Mark 01;VELVETFRUIT_EXTRACT;XIRECS;5205;5
253400;Mark 01;Mark 22;VEV_5400;XIRECS;0;2
253400;Mark 01;Mark 22;VEV_6500;XIRECS;0;2
254300;Mark 01;Mark 55;VELVETFRUIT_EXTRACT;XIRECS;5197;8
256800;Mark 38;Mark 14;HYDROGEL_PACK;XIRECS;10044;3
257600;Mark 55;Mark 01;VELVETFRUIT_EXTRACT;XIRECS;5201;4
259000;Mark 01;Mark 22;VEV_6000;XIRECS;0;2
259000;Mark 01;Mark 22;VEV_6500;XIRECS;0;2
260900;Mark 01;Mark 22;VEV_5300;XIRECS;15;2
260900;Mark 01;Mark 22;VEV_5400;XIRECS;0;2
260900;Mark 01;Mark 22;VEV_6000;XIRECS;0;2
260900;Mark 01;Mark 22;VEV_6500;XIRECS;0;2
261200;Mark 38;Mark 14;HYDROGEL_PACK;XIRECS;10051;3
262200;Mark 55;Mark 14;VELVETFRUIT_EXTRACT;XIRECS;5197;7
263200;Mark 38;Mark 14;HYDROGEL_PACK;XIRECS;10028;5
263400;Mark 55;Mark 01;VELVETFRUIT_EXTRACT;XIRECS;5192;4
263400;Mark 38;Mark 14;VEV_4000;XIRECS;1202;2
264800;Mark 01;Mark 22;VEV_5300;XIRECS;13;3
264800;Mark 01;Mark 22;VEV_5400;XIRECS;0;3
264800;Mark 01;Mark 22;VEV_5500;XIRECS;0;3
264800;Mark 01;Mark 22;VEV_6000;XIRECS;0;3
265000;Mark 14;Mark 38;VEV_4000;XIRECS;1183;2
265300;Mark 01;Mark 22;VEV_5300;XIRECS;13;3
265300;Mark 01;Mark 22;VEV_5400;XIRECS;0;3
265300;Mark 01;Mark 22;VEV_5500;XIRECS;0;3
269600;Mark 22;Mark 55;VELVETFRUIT_EXTRACT;XIRECS;5196;3
269700;Mark 38;Mark 14;HYDROGEL_PACK;XIRECS;10008;4
270500;Mark 22;Mark 38;HYDROGEL_PACK;XIRECS;10001;6
274300;Mark 14;Mark 38;HYDROGEL_PACK;XIRECS;9999;6
274800;Mark 14;Mark 55;VELVETFRUIT_EXTRACT;XIRECS;5196;5
277000;Mark 01;Mark 22;VEV_5400;XIRECS;0;4
277000;Mark 01;Mark 22;VEV_5500;XIRECS;0;4
277000;Mark 01;Mark 22;VEV_6500;XIRECS;0;4
281000;Mark 01;Mark 22;VEV_5300;XIRECS;18;4
281000;Mark 01;Mark 22;VEV_5500;XIRECS;0;4
281000;Mark 01;Mark 22;VEV_6000;XIRECS;0;4
281000;Mark 01;Mark 22;VEV_6500;XIRECS;0;4
281200;Mark 14;Mark 38;HYDROGEL_PACK;XIRECS;9994;2
281900;Mark 14;Mark 55;VELVETFRUIT_EXTRACT;XIRECS;5210;8
284500;Mark 14;Mark 22;VEV_5200;XIRECS;63;5
284500;Mark 01;Mark 22;VEV_5300;XIRECS;21;5
284500;Mark 01;Mark 22;VEV_5400;XIRECS;0;5
284500;Mark 01;Mark 22;VEV_5500;XIRECS;0;5
284500;Mark 01;Mark 22;VEV_6000;XIRECS;0;5
284600;Mark 14;Mark 55;VELVETFRUIT_EXTRACT;XIRECS;5218;6
284900;Mark 38;Mark 14;HYDROGEL_PACK;XIRECS;10005;5
285800;Mark 01;Mark 22;VEV_6000;XIRECS;0;5
289700;Mark 55;Mark 14;VELVETFRUIT_EXTRACT;XIRECS;5216;4
290300;Mark 67;Mark 22;VELVETFRUIT_EXTRACT;XIRECS;5210;9
290400;Mark 01;Mark 55;VELVETFRUIT_EXTRACT;XIRECS;5208;6
291600;Mark 55;Mark 14;VELVETFRUIT_EXTRACT;XIRECS;5216;8
291900;Mark 55;Mark 01;VELVETFRUIT_EXTRACT;XIRECS;5218;7
292300;Mark 55;Mark 01;VELVETFRUIT_EXTRACT;XIRECS;5220;3
295000;Mark 01;Mark 22;VEV_5500;XIRECS;0;4
295000;Mark 01;Mark 22;VEV_6000;XIRECS;0;4
295000;Mark 01;Mark 22;VEV_6500;XIRECS;0;4
295100;Mark 38;Mark 14;HYDROGEL_PACK;XIRECS;10000;4
295500;Mark 01;Mark 55;VELVETFRUIT_EXTRACT;XIRECS;5219;4
297700;Mark 14;Mark 38;VEV_4000;XIRECS;1217;1
301400;Mark 14;Mark 38;VEV_4000;XIRECS;1231;1
304400;Mark 55;Mark 01;VELVETFRUIT_EXTRACT;XIRECS;5245;5
305800;Mark 01;Mark 22;VEV_6500;XIRECS;0;2
307600;Mark 38;Mark 14;HYDROGEL_PACK;XIRECS;10039;2
308300;Mark 55;Mark 01;VELVETFRUIT_EXTRACT;XIRECS;5249;5
308600;Mark 38;Mark 14;VEV_4000;XIRECS;1258;3
308800;Mark 55;Mark 14;VELVETFRUIT_EXTRACT;XIRECS;5246;7
310200;Mark 14;Mark 38;VEV_4000;XIRECS;1237;1
310700;Mark 14;Mark 38;HYDROGEL_PACK;XIRECS;10029;2
313800;Mark 38;Mark 14;VEV_4000;XIRECS;1257;3
315600;Mark 38;Mark 14;HYDROGEL_PACK;XIRECS;10018;6
315600;Mark 14;Mark 38;VEV_4000;XIRECS;1236;3
316000;Mark 14;Mark 38;HYDROGEL_PACK;XIRECS;10006;6
316900;Mark 38;Mark 14;HYDROGEL_PACK;XIRECS;10030;4
319700;Mark 01;Mark 55;VELVETFRUIT_EXTRACT;XIRECS;5238;8
322600;Mark 14;Mark 38;HYDROGEL_PACK;XIRECS;9991;4
324200;Mark 01;Mark 55;VELVETFRUIT_EXTRACT;XIRECS;5243;3
324800;Mark 38;Mark 14;VEV_4000;XIRECS;1258;1
325400;Mark 14;Mark 38;VEV_4000;XIRECS;1235;1
328200;Mark 14;Mark 38;HYDROGEL_PACK;XIRECS;10005;3
329300;Mark 55;Mark 01;VELVETFRUIT_EXTRACT;XIRECS;5246;7
330100;Mark 14;Mark 38;VEV_4000;XIRECS;1233;1
331000;Mark 55;Mark 14;VELVETFRUIT_EXTRACT;XIRECS;5243;3
332300;Mark 38;Mark 14;HYDROGEL_PACK;XIRECS;10028;5
332500;Mark 01;Mark 55;VELVETFRUIT_EXTRACT;XIRECS;5232;3
333600;Mark 38;Mark 14;HYDROGEL_PACK;XIRECS;10027;3
335100;Mark 01;Mark 55;VELVETFRUIT_EXTRACT;XIRECS;5235;4
335700;Mark 14;Mark 38;HYDROGEL_PACK;XIRECS;9994;5
336000;Mark 38;Mark 14;VEV_4000;XIRECS;1246;1
337000;Mark 14;Mark 38;HYDROGEL_PACK;XIRECS;10002;3
337300;Mark 38;Mark 14;VEV_4000;XIRECS;1244;1
338300;Mark 14;Mark 38;HYDROGEL_PACK;XIRECS;9992;4
338600;Mark 14;Mark 38;HYDROGEL_PACK;XIRECS;9985;5
341000;Mark 55;Mark 14;VELVETFRUIT_EXTRACT;XIRECS;5233;8
341100;Mark 55;Mark 14;VELVETFRUIT_EXTRACT;XIRECS;5233;5
341900;Mark 55;Mark 14;VELVETFRUIT_EXTRACT;XIRECS;5235;5
342700;Mark 14;Mark 38;HYDROGEL_PACK;XIRECS;9971;5
346900;Mark 14;Mark 38;HYDROGEL_PACK;XIRECS;9993;3
347500;Mark 14;Mark 55;VELVETFRUIT_EXTRACT;XIRECS;5229;5
348600;Mark 67;Mark 49;VELVETFRUIT_EXTRACT;XIRECS;5227;14
350600;Mark 38;Mark 22;HYDROGEL_PACK;XIRECS;10019;3
351800;Mark 01;Mark 22;VEV_5300;XIRECS;24;5
351800;Mark 01;Mark 22;VEV_5400;XIRECS;3;5
351800;Mark 01;Mark 22;VEV_5500;XIRECS;0;5
351800;Mark 01;Mark 22;VEV_6000;XIRECS;0;5
351800;Mark 01;Mark 22;VEV_6500;XIRECS;0;5
354100;Mark 14;Mark 38;HYDROGEL_PACK;XIRECS;10012;5
354300;Mark 01;Mark 22;VEV_5400;XIRECS;3;4
354300;Mark 01;Mark 22;VEV_5500;XIRECS;0;4
354300;Mark 01;Mark 22;VEV_6000;XIRECS;0;4
355400;Mark 38;Mark 14;HYDROGEL_PACK;XIRECS;10035;5
355800;Mark 38;Mark 14;HYDROGEL_PACK;XIRECS;10034;2
355900;Mark 01;Mark 22;VEV_5200;XIRECS;67;2
355900;Mark 01;Mark 22;VEV_5300;XIRECS;24;2
355900;Mark 01;Mark 22;VEV_5400;XIRECS;3;2
355900;Mark 01;Mark 22;VEV_5500;XIRECS;0;2
355900;Mark 01;Mark 22;VEV_6000;XIRECS;0;2
355900;Mark 01;Mark 22;VEV_6500;XIRECS;0;2
357900;Mark 55;Mark 14;VELVETFRUIT_EXTRACT;XIRECS;5227;4
363000;Mark 14;Mark 55;VELVETFRUIT_EXTRACT;XIRECS;5235;4
363000;Mark 38;Mark 14;VEV_4000;XIRECS;1251;2
364400;Mark 38;Mark 14;HYDROGEL_PACK;XIRECS;9983;6
367400;Mark 14;Mark 55;VELVETFRUIT_EXTRACT;XIRECS;5229;8
373600;Mark 14;Mark 38;HYDROGEL_PACK;XIRECS;10012;2
374200;Mark 14;Mark 38;VEV_4000;XIRECS;1224;3
374700;Mark 14;Mark 38;VEV_4000;XIRECS;1221;1
377200;Mark 01;Mark 22;VEV_5300;XIRECS;26;2
377200;Mark 01;Mark 22;VEV_5500;XIRECS;0;2
377200;Mark 01;Mark 22;VEV_6500;XIRECS;0;2
379200;Mark 14;Mark 55;VELVETFRUIT_EXTRACT;XIRECS;5228;3
381600;Mark 55;Mark 14;VELVETFRUIT_EXTRACT;XIRECS;5235;8
383700;Mark 01;Mark 22;VEV_5400;XIRECS;4;5
383700;Mark 01;Mark 22;VEV_5500;XIRECS;0;5
383700;Mark 01;Mark 22;VEV_6000;XIRECS;0;5
383700;Mark 01;Mark 22;VEV_6500;XIRECS;0;5
384900;Mark 01;Mark 55;VELVETFRUIT_EXTRACT;XIRECS;5231;4
386200;Mark 38;Mark 14;VEV_4000;XIRECS;1249;1
386900;Mark 14;Mark 22;VEV_5200;XIRECS;76;5
386900;Mark 01;Mark 22;VEV_6000;XIRECS;0;5
386900;Mark 01;Mark 22;VEV_6500;XIRECS;0;5
387800;Mark 67;Mark 49;VELVETFRUIT_EXTRACT;XIRECS;5235;15
388300;Mark 14;Mark 38;HYDROGEL_PACK;XIRECS;10030;4
389900;Mark 14;Mark 38;HYDROGEL_PACK;XIRECS;10031;4
392700;Mark 38;Mark 14;HYDROGEL_PACK;XIRECS;10022;4
393400;Mark 14;Mark 38;HYDROGEL_PACK;XIRECS;10000;2
395100;Mark 14;Mark 38;HYDROGEL_PACK;XIRECS;9994;6
395200;Mark 55;Mark 01;VELVETFRUIT_EXTRACT;XIRECS;5227;4
395600;Mark 38;Mark 14;HYDROGEL_PACK;XIRECS;10010;6
396000;Mark 55;Mark 14;VELVETFRUIT_EXTRACT;XIRECS;5227;5
396700;Mark 14;Mark 38;VEV_4000;XIRECS;1215;3
396900;Mark 55;Mark 01;VELVETFRUIT_EXTRACT;XIRECS;5227;3
397000;Mark 55;Mark 14;VELVETFRUIT_EXTRACT;XIRECS;5226;5
399400;Mark 14;Mark 38;HYDROGEL_PACK;XIRECS;9981;6
399800;Mark 38;Mark 14;HYDROGEL_PACK;XIRECS;10000;6
401400;Mark 38;Mark 14;HYDROGEL_PACK;XIRECS;10079;4
402100;Mark 67;Mark 22;VELVETFRUIT_EXTRACT;XIRECS;5208;9
405000;Mark 14;Mark 38;HYDROGEL_PACK;XIRECS;10050;6
405500;Mark 14;Mark 38;VEV_4000;XIRECS;1206;1
405600;Mark 38;Mark 14;HYDROGEL_PACK;XIRECS;10065;6
406400;Mark 14;Mark 38;HYDROGEL_PACK;XIRECS;10049;3
406900;Mark 14;Mark 38;HYDROGEL_PACK;XIRECS;10048;5
409100;Mark 01;Mark 55;VELVETFRUIT_EXTRACT;XIRECS;5204;3
411200;Mark 38;Mark 14;VEV_4000;XIRECS;1221;1
413400;Mark 38;Mark 14;HYDROGEL_PACK;XIRECS;10060;6
414600;Mark 14;Mark 38;HYDROGEL_PACK;XIRECS;10040;4
416800;Mark 14;Mark 38;HYDROGEL_PACK;XIRECS;10028;2
417000;Mark 14;Mark 55;VELVETFRUIT_EXTRACT;XIRECS;5206;5
420000;Mark 14;Mark 38;VEV_4000;XIRECS;1206;1
421200;Mark 14;Mark 38;HYDROGEL_PACK;XIRECS;10019;4
421700;Mark 38;Mark 14;VEV_4000;XIRECS;1224;2
423900;Mark 01;Mark 22;VEV_5500;XIRECS;0;3
423900;Mark 01;Mark 22;VEV_6000;XIRECS;0;3
425400;Mark 55;Mark 01;VELVETFRUIT_EXTRACT;XIRECS;5214;3
425500;Mark 01;Mark 22;VEV_5400;XIRECS;0;2
425500;Mark 01;Mark 22;VEV_5500;XIRECS;0;2
425500;Mark 01;Mark 22;VEV_6500;XIRECS;0;2
429800;Mark 14;Mark 55;VELVETFRUIT_EXTRACT;XIRECS;5206;8
429900;Mark 38;Mark 14;VEV_4000;XIRECS;1221;3
430700;Mark 38;Mark 14;HYDROGEL_PACK;XIRECS;10056;4
431400;Mark 38;Mark 14;VEV_4000;XIRECS;1217;1
431500;Mark 14;Mark 38;VEV_4000;XIRECS;1198;2
432500;Mark 38;Mark 14;VEV_4000;XIRECS;1222;2
433200;Mark 01;Mark 55;VELVETFRUIT_EXTRACT;XIRECS;5204;8
434100;Mark 55;Mark 14;VELVETFRUIT_EXTRACT;XIRECS;5208;4
437300;Mark 14;Mark 55;VELVETFRUIT_EXTRACT;XIRECS;5199;7
437600;Mark 14;Mark 38;HYDROGEL_PACK;XIRECS;10033;5
437700;Mark 55;Mark 14;VELVETFRUIT_EXTRACT;XIRECS;5205;4
438100;Mark 01;Mark 22;VEV_6500;XIRECS;0;5
439000;Mark 01;Mark 55;VELVETFRUIT_EXTRACT;XIRECS;5194;6
445300;Mark 14;Mark 38;HYDROGEL_PACK;XIRECS;10043;3
446200;Mark 14;Mark 55;VELVETFRUIT_EXTRACT;XIRECS;5194;4
448400;Mark 55;Mark 14;VELVETFRUIT_EXTRACT;XIRECS;5203;7
450600;Mark 38;Mark 14;VEV_4000;XIRECS;1216;1
451000;Mark 38;Mark 14;VEV_4000;XIRECS;1212;2
451400;Mark 14;Mark 38;HYDROGEL_PACK;XIRECS;10037;6
451800;Mark 01;Mark 22;VEV_5200;XIRECS;51;2
451800;Mark 01;Mark 22;VEV_5400;XIRECS;0;2
451800;Mark 01;Mark 22;VEV_5500;XIRECS;0;2
451800;Mark 01;Mark 22;VEV_6500;XIRECS;0;2
452800;Mark 67;Mark 22;VELVETFRUIT_EXTRACT;XIRECS;5199;9
456400;Mark 38;Mark 14;HYDROGEL_PACK;XIRECS;10050;3
456400;Mark 01;Mark 22;VEV_5200;XIRECS;56;4
456400;Mark 01;Mark 22;VEV_5400;XIRECS;0;4
456400;Mark 01;Mark 22;VEV_5500;XIRECS;0;4
456400;Mark 01;Mark 22;VEV_6500;XIRECS;0;4
458200;Mark 14;Mark 55;VELVETFRUIT_EXTRACT;XIRECS;5204;3
459500;Mark 14;Mark 38;HYDROGEL_PACK;XIRECS;10051;6
459700;Mark 14;Mark 38;HYDROGEL_PACK;XIRECS;10052;6
459700;Mark 55;Mark 14;VELVETFRUIT_EXTRACT;XIRECS;5202;8
461700;Mark 55;Mark 01;VELVETFRUIT_EXTRACT;XIRECS;5203;5
463200;Mark 55;Mark 01;VELVETFRUIT_EXTRACT;XIRECS;5205;5
464000;Mark 01;Mark 22;VEV_5200;XIRECS;53;2
464000;Mark 01;Mark 22;VEV_5300;XIRECS;16;2
464000;Mark 01;Mark 22;VEV_5500;XIRECS;0;2
464900;Mark 01;Mark 55;VELVETFRUIT_EXTRACT;XIRECS;5197;8
467400;Mark 38;Mark 14;HYDROGEL_PACK;XIRECS;10044;3
468200;Mark 55;Mark 01;VELVETFRUIT_EXTRACT;XIRECS;5201;4
470300;Mark 01;Mark 55;VELVETFRUIT_EXTRACT;XIRECS;5193;4
471500;Mark 01;Mark 22;VEV_5300;XIRECS;15;2
471500;Mark 01;Mark 22;VEV_5400;XIRECS;0;2
471500;Mark 01;Mark 22;VEV_5500;XIRECS;0;2
471500;Mark 01;Mark 22;VEV_6500;XIRECS;0;2
471800;Mark 38;Mark 14;HYDROGEL_PACK;XIRECS;10051;3
472400;Mark 01;Mark 55;VELVETFRUIT_EXTRACT;XIRECS;5193;4
472800;Mark 55;Mark 14;VELVETFRUIT_EXTRACT;XIRECS;5197;7
473800;Mark 38;Mark 14;HYDROGEL_PACK;XIRECS;10028;5
474700;Mark 14;Mark 55;VELVETFRUIT_EXTRACT;XIRECS;5186;5
474900;Mark 14;Mark 38;VEV_4000;XIRECS;1181;3
475400;Mark 01;Mark 22;VEV_5300;XIRECS;13;3
475400;Mark 01;Mark 22;VEV_5400;XIRECS;0;3
475400;Mark 01;Mark 22;VEV_5500;XIRECS;0;3
475400;Mark 01;Mark 22;VEV_6000;XIRECS;0;3
475400;Mark 01;Mark 22;VEV_6500;XIRECS;0;3
475900;Mark 01;Mark 22;VEV_5200;XIRECS;48;3
475900;Mark 01;Mark 22;VEV_6500;XIRECS;0;3
476400;Mark 14;Mark 38;HYDROGEL_PACK;XIRECS;10018;6
479800;Mark 55;Mark 01;VELVETFRUIT_EXTRACT;XIRECS;5200;3
480200;Mark 22;Mark 55;VELVETFRUIT_EXTRACT;XIRECS;5196;3
480300;Mark 38;Mark 14;HYDROGEL_PACK;XIRECS;10008;4
481100;Mark 22;Mark 38;HYDROGEL_PACK;XIRECS;10001;6
482500;Mark 14;Mark 38;HYDROGEL_PACK;XIRECS;9994;3
484900;Mark 14;Mark 38;HYDROGEL_PACK;XIRECS;9999;6
485400;Mark 14;Mark 55;VELVETFRUIT_EXTRACT;XIRECS;5196;5
487000;Mark 14;Mark 38;VEV_4000;XIRECS;1194;1
487600;Mark 55;Mark 01;VELVETFRUIT_EXTRACT;XIRECS;5206;4
487600;Mark 01;Mark 22;VEV_5400;XIRECS;0;4
487600;Mark 01;Mark 22;VEV_6500;XIRECS;0;4
491600;Mark 01;Mark 22;VEV_5300;XIRECS;18;4
491600;Mark 01;Mark 22;VEV_5500;XIRECS;0;4
491600;Mark 01;Mark 22;VEV_6000;XIRECS;0;4
491800;Mark 14;Mark 38;HYDROGEL_PACK;XIRECS;9994;2
492500;Mark 14;Mark 55;VELVETFRUIT_EXTRACT;XIRECS;5210;8
493500;Mark 14;Mark 38;VEV_4000;XIRECS;1206;1
495100;Mark 01;Mark 22;VEV_5300;XIRECS;21;5
495100;Mark 01;Mark 22;VEV_5400;XIRECS;0;5
495100;Mark 01;Mark 22;VEV_6000;XIRECS;0;5
495100;Mark 01;Mark 22;VEV_6500;XIRECS;0;5
495200;Mark 14;Mark 55;VELVETFRUIT_EXTRACT;XIRECS;5218;6
495500;Mark 38;Mark 14;HYDROGEL_PACK;XIRECS;10005;5
496400;Mark 01;Mark 22;VEV_5400;XIRECS;0;5
496400;Mark 01;Mark 22;VEV_5500;XIRECS;0;5
496400;Mark 01;Mark 22;VEV_6000;XIRECS;0;5
496400;Mark 01;Mark 22;VEV_6500;XIRECS;0;5
500100;Mark 14;Mark 55;VELVETFRUIT_EXTRACT;XIRECS;5218;5
500600;Mark 14;Mark 38;VEV_4000;XIRECS;1217;1
502200;Mark 55;Mark 01;VELVETFRUIT_EXTRACT;XIRECS;5224;4
502400;Mark 14;Mark 55;VELVETFRUIT_EXTRACT;XIRECS;5220;3
504700;Mark 14;Mark 38;VEV_4000;XIRECS;1210;3
505100;Mark 22;Mark 55;VELVETFRUIT_EXTRACT;XIRECS;5213;6
507600;Mark 49;Mark 22;VELVETFRUIT_EXTRACT;XIRECS;5217;7
509500;Mark 14;Mark 38;VEV_4000;XIRECS;1205;2
510600;Mark 38;Mark 14;HYDROGEL_PACK;XIRECS;9992;5
510600;Mark 55;Mark 01;VELVETFRUIT_EXTRACT;XIRECS;5219;8
510700;Mark 01;Mark 55;VELVETFRUIT_EXTRACT;XIRECS;5214;3
511300;Mark 38;Mark 14;VEV_4000;XIRECS;1233;3
512900;Mark 01;Mark 22;VEV_5300;XIRECS;20;5
512900;Mark 01;Mark 22;VEV_5500;XIRECS;0;5
512900;Mark 01;Mark 22;VEV_6000;XIRECS;0;5
512900;Mark 01;Mark 22;VEV_6500;XIRECS;0;5
515400;Mark 01;Mark 22;VEV_5400;XIRECS;0;2
515400;Mark 01;Mark 22;VEV_5500;XIRECS;0;2
515400;Mark 01;Mark 22;VEV_6000;XIRECS;0;2
515400;Mark 01;Mark 22;VEV_6500;XIRECS;0;2
516600;Mark 01;Mark 22;VEV_5300;XIRECS;19;2
516600;Mark 01;Mark 22;VEV_5500;XIRECS;0;2
516600;Mark 01;Mark 22;VEV_6000;XIRECS;0;2
516700;Mark 55;Mark 14;VELVETFRUIT_EXTRACT;XIRECS;5216;6
519700;Mark 01;Mark 55;VELVETFRUIT_EXTRACT;XIRECS;5209;6
520000;Mark 55;Mark 14;VELVETFRUIT_EXTRACT;XIRECS;5214;8
522300;Mark 38;Mark 14;HYDROGEL_PACK;XIRECS;10017;4
522800;Mark 14;Mark 38;HYDROGEL_PACK;XIRECS;9992;3
523500;Mark 38;Mark 14;HYDROGEL_PACK;XIRECS;10015;5
524000;Mark 01;Mark 55;VELVETFRUIT_EXTRACT;XIRECS;5214;4
526600;Mark 14;Mark 55;VELVETFRUIT_EXTRACT;XIRECS;5215;4
527700;Mark 22;Mark 55;VELVETFRUIT_EXTRACT;XIRECS;5215;5
533900;Mark 14;Mark 55;VELVETFRUIT_EXTRACT;XIRECS;5219;4
535100;Mark 01;Mark 55;VELVETFRUIT_EXTRACT;XIRECS;5214;5
538100;Mark 01;Mark 55;VELVETFRUIT_EXTRACT;XIRECS;5217;4
539400;Mark 14;Mark 38;HYDROGEL_PACK;XIRECS;9997;3
540200;Mark 38;Mark 14;HYDROGEL_PACK;XIRECS;10008;3
542600;Mark 38;Mark 14;HYDROGEL_PACK;XIRECS;10021;5
545000;Mark 01;Mark 22;VEV_5300;XIRECS;22;2
545000;Mark 01;Mark 22;VEV_5500;XIRECS;0;2
545000;Mark 01;Mark 22;VEV_6000;XIRECS;0;2
546700;Mark 55;Mark 01;VELVETFRUIT_EXTRACT;XIRECS;5239;3
547100;Mark 01;Mark 22;VEV_5400;XIRECS;2;2
547100;Mark 01;Mark 22;VEV_5500;XIRECS;0;2
547100;Mark 01;Mark 22;VEV_6500;XIRECS;0;2
548300;Mark 14;Mark 55;VELVETFRUIT_EXTRACT;XIRECS;5226;6
549000;Mark 67;Mark 49;VELVETFRUIT_EXTRACT;XIRECS;5226;14
550700;Mark 14;Mark 38;VEV_4000;XIRECS;1218;2
550800;Mark 14;Mark 38;HYDROGEL_PACK;XIRECS;10006;2
552400;Mark 38;Mark 14;HYDROGEL_PACK;XIRECS;10024;6
553300;Mark 01;Mark 22;VEV_5500;XIRECS;0;5
553300;Mark 01;Mark 22;VEV_6500;XIRECS;0;5
553800;Mark 38;Mark 14;HYDROGEL_PACK;XIRECS;10019;6
553900;Mark 55;Mark 14;VELVETFRUIT_EXTRACT;XIRECS;5217;8
554800;Mark 14;Mark 22;VEV_5200;XIRECS;62;2
554800;Mark 01;Mark 22;VEV_5300;XIRECS;20;2
554800;Mark 01;Mark 22;VEV_5500;XIRECS;0;2
554800;Mark 01;Mark 22;VEV_6000;XIRECS;0;2
556500;Mark 01;Mark 22;VEV_5500;XIRECS;0;5
556500;Mark 01;Mark 22;VEV_6000;XIRECS;0;5
556800;Mark 01;Mark 55;VELVETFRUIT_EXTRACT;XIRECS;5217;4
557000;Mark 38;Mark 14;VEV_4000;XIRECS;1235;3
558600;Mark 14;Mark 55;VELVETFRUIT_EXTRACT;XIRECS;5230;5
560000;Mark 01;Mark 22;VEV_5200;XIRECS;72;2
560000;Mark 01;Mark 22;VEV_5300;XIRECS;25;2
560000;Mark 01;Mark 22;VEV_6000;XIRECS;0;2
560000;Mark 01;Mark 22;VEV_6500;XIRECS;0;2
563200;Mark 14;Mark 38;HYDROGEL_PACK;XIRECS;9973;2
563600;Mark 01;Mark 22;VEV_5300;XIRECS;24;5
563600;Mark 01;Mark 22;VEV_5400;XIRECS;1;5
563600;Mark 01;Mark 22;VEV_5500;XIRECS;0;5
563600;Mark 01;Mark 22;VEV_6500;XIRECS;0;5
563800;Mark 01;Mark 22;VEV_5300;XIRECS;24;2
563800;Mark 01;Mark 22;VEV_5400;XIRECS;1;2
563800;Mark 01;Mark 22;VEV_5500;XIRECS;0;2
563800;Mark 01;Mark 22;VEV_6500;XIRECS;0;2
564700;Mark 55;Mark 14;VELVETFRUIT_EXTRACT;XIRECS;5228;4
565500;Mark 55;Mark 14;VELVETFRUIT_EXTRACT;XIRECS;5228;3
566100;Mark 38;Mark 14;HYDROGEL_PACK;XIRECS;9988;6
566800;Mark 01;Mark 22;VEV_5400;XIRECS;1;2
566800;Mark 01;Mark 22;VEV_5500;XIRECS;0;2
566800;Mark 01;Mark 22;VEV_6000;XIRECS;0;2
566800;Mark 01;Mark 22;VEV_6500;XIRECS;0;2
574600;Mark 38;Mark 14;HYDROGEL_PACK;XIRECS;9984;5
574800;Mark 01;Mark 22;VEV_5300;XIRECS;27;3
574800;Mark 14;Mark 22;VEV_5400;XIRECS;3;3
574800;Mark 01;Mark 22;VEV_5500;XIRECS;0;3
574800;Mark 01;Mark 22;VEV_6000;XIRECS;0;3
574800;Mark 01;Mark 22;VEV_6500;XIRECS;0;3
580000;Mark 14;Mark 38;HYDROGEL_PACK;XIRECS;9980;3
581500;Mark 38;Mark 14;HYDROGEL_PACK;XIRECS;10001;3
581800;Mark 55;Mark 14;VELVETFRUIT_EXTRACT;XIRECS;5250;8
583400;Mark 38;Mark 14;HYDROGEL_PACK;XIRECS;9995;2
588500;Mark 14;Mark 55;VELVETFRUIT_EXTRACT;XIRECS;5244;6
591200;Mark 38;Mark 14;HYDROGEL_PACK;XIRECS;9965;6
592600;Mark 38;Mark 14;HYDROGEL_PACK;XIRECS;9959;4
595400;Mark 67;Mark 49;VELVETFRUIT_EXTRACT;XIRECS;5258;8
595900;Mark 55;Mark 14;VELVETFRUIT_EXTRACT;XIRECS;5258;7
598600;Mark 14;Mark 38;VEV_4000;XIRECS;1248;3
598700;Mark 55;Mark 14;VELVETFRUIT_EXTRACT;XIRECS;5257;7
598800;Mark 01;Mark 22;VEV_5500;XIRECS;0;3
598800;Mark 01;Mark 22;VEV_6000;XIRECS;0;3
599000;Mark 01;Mark 22;VEV_5500;XIRECS;0;3
599000;Mark 01;Mark 22;VEV_6000;XIRECS;0;3
600100;Mark 22;Mark 38;HYDROGEL_PACK;XIRECS;10001;6
601500;Mark 14;Mark 38;HYDROGEL_PACK;XIRECS;9994;3
604400;Mark 14;Mark 55;VELVETFRUIT_EXTRACT;XIRECS;5196;5
606600;Mark 55;Mark 01;VELVETFRUIT_EXTRACT;XIRECS;5206;4
606600;Mark 01;Mark 22;VEV_5400;XIRECS;0;4
606600;Mark 01;Mark 22;VEV_5500;XIRECS;0;4
606600;Mark 01;Mark 22;VEV_6000;XIRECS;0;4
606600;Mark 01;Mark 22;VEV_6500;XIRECS;0;4
610600;Mark 01;Mark 22;VEV_5300;XIRECS;18;4
610800;Mark 14;Mark 38;HYDROGEL_PACK;XIRECS;9994;2
611500;Mark 14;Mark 55;VELVETFRUIT_EXTRACT;XIRECS;5210;8
611700;Mark 14;Mark 38;VEV_4000;XIRECS;1205;3
612500;Mark 14;Mark 38;VEV_4000;XIRECS;1206;1
613500;Mark 55;Mark 14;VELVETFRUIT_EXTRACT;XIRECS;5219;3
614100;Mark 14;Mark 22;VEV_5200;XIRECS;63;5
614100;Mark 01;Mark 22;VEV_5400;XIRECS;0;5
614100;Mark 01;Mark 22;VEV_5500;XIRECS;0;5
614200;Mark 14;Mark 55;VELVETFRUIT_EXTRACT;XIRECS;5218;6
615400;Mark 01;Mark 22;VEV_5400;XIRECS;0;5
615400;Mark 01;Mark 22;VEV_5500;XIRECS;0;5
615400;Mark 01;Mark 22;VEV_6000;XIRECS;0;5
615400;Mark 01;Mark 22;VEV_6500;XIRECS;0;5
618400;Mark 01;Mark 55;VELVETFRUIT_EXTRACT;XIRECS;5210;3
619300;Mark 55;Mark 14;VELVETFRUIT_EXTRACT;XIRECS;5216;4
619900;Mark 67;Mark 22;VELVETFRUIT_EXTRACT;XIRECS;5210;9
620000;Mark 01;Mark 55;VELVETFRUIT_EXTRACT;XIRECS;5208;6
621200;Mark 55;Mark 14;VELVETFRUIT_EXTRACT;XIRECS;5216;8
624100;Mark 55;Mark 14;VELVETFRUIT_EXTRACT;XIRECS;5225;6
624600;Mark 01;Mark 22;VEV_6500;XIRECS;0;4
624700;Mark 38;Mark 14;HYDROGEL_PACK;XIRECS;10000;4
625100;Mark 01;Mark 55;VELVETFRUIT_EXTRACT;XIRECS;5219;4
625500;Mark 38;Mark 14;VEV_4000;XIRECS;1236;2
627300;Mark 14;Mark 38;VEV_4000;XIRECS;1217;1
634300;Mark 49;Mark 22;VELVETFRUIT_EXTRACT;XIRECS;5217;7
636200;Mark 14;Mark 38;VEV_4000;XIRECS;1205;2
637300;Mark 55;Mark 01;VELVETFRUIT_EXTRACT;XIRECS;5219;8
637400;Mark 01;Mark 55;VELVETFRUIT_EXTRACT;XIRECS;5214;3
638000;Mark 38;Mark 14;VEV_4000;XIRECS;1233;3
639600;Mark 01;Mark 22;VEV_5300;XIRECS;20;5
639600;Mark 01;Mark 22;VEV_5400;XIRECS;0;5
639600;Mark 01;Mark 22;VEV_5500;XIRECS;0;5
639600;Mark 01;Mark 22;VEV_6000;XIRECS;0;5
639600;Mark 01;Mark 22;VEV_6500;XIRECS;0;5
642100;Mark 01;Mark 22;VEV_5400;XIRECS;0;2
642100;Mark 01;Mark 22;VEV_5500;XIRECS;0;2
642100;Mark 01;Mark 22;VEV_6000;XIRECS;0;2
643300;Mark 01;Mark 22;VEV_5400;XIRECS;0;2
643300;Mark 01;Mark 22;VEV_6000;XIRECS;0;2
643300;Mark 01;Mark 22;VEV_6500;XIRECS;0;2
643400;Mark 55;Mark 14;VELVETFRUIT_EXTRACT;XIRECS;5216;6
647300;Mark 67;Mark 22;VELVETFRUIT_EXTRACT;XIRECS;5212;5
648800;Mark 14;Mark 55;VELVETFRUIT_EXTRACT;XIRECS;5219;4
649000;Mark 38;Mark 14;HYDROGEL_PACK;XIRECS;10017;4
650200;Mark 38;Mark 14;HYDROGEL_PACK;XIRECS;10015;5
660600;Mark 14;Mark 55;VELVETFRUIT_EXTRACT;XIRECS;5219;4
661800;Mark 01;Mark 55;VELVETFRUIT_EXTRACT;XIRECS;5214;5
663800;Mark 14;Mark 38;HYDROGEL_PACK;XIRECS;9997;5
664800;Mark 01;Mark 55;VELVETFRUIT_EXTRACT;XIRECS;5217;4
666100;Mark 14;Mark 38;HYDROGEL_PACK;XIRECS;9997;3
669300;Mark 38;Mark 14;HYDROGEL_PACK;XIRECS;10021;5
671700;Mark 01;Mark 22;VEV_5400;XIRECS;1;2
671700;Mark 01;Mark 22;VEV_5500;XIRECS;0;2
671700;Mark 01;Mark 22;VEV_6000;XIRECS;0;2
671700;Mark 01;Mark 22;VEV_6500;XIRECS;0;2
673800;Mark 01;Mark 22;VEV_5400;XIRECS;2;2
673800;Mark 01;Mark 22;VEV_6000;XIRECS;0;2
673800;Mark 01;Mark 22;VEV_6500;XIRECS;0;2
674400;Mark 38;Mark 14;HYDROGEL_PACK;XIRECS;10014;3
677400;Mark 14;Mark 38;VEV_4000;XIRECS;1218;2
677500;Mark 14;Mark 38;HYDROGEL_PACK;XIRECS;10006;2
679100;Mark 38;Mark 14;HYDROGEL_PACK;XIRECS;10024;6
680000;Mark 01;Mark 22;VEV_6000;XIRECS;0;5
680500;Mark 38;Mark 14;HYDROGEL_PACK;XIRECS;10019;6
681500;Mark 01;Mark 22;VEV_5300;XIRECS;20;2
681500;Mark 01;Mark 22;VEV_5400;XIRECS;0;2
681500;Mark 01;Mark 22;VEV_5500;XIRECS;0;2
681500;Mark 01;Mark 22;VEV_6500;XIRECS;0;2
683000;Mark 38;Mark 14;HYDROGEL_PACK;XIRECS;10012;5
683200;Mark 01;Mark 22;VEV_5400;XIRECS;0;5
683200;Mark 01;Mark 22;VEV_5500;XIRECS;0;5
683200;Mark 01;Mark 22;VEV_6500;XIRECS;0;5
685300;Mark 14;Mark 55;VELVETFRUIT_EXTRACT;XIRECS;5230;5
686700;Mark 01;Mark 22;VEV_5200;XIRECS;72;2
686700;Mark 01;Mark 22;VEV_5400;XIRECS;2;2
686700;Mark 01;Mark 22;VEV_6000;XIRECS;0;2
686700;Mark 01;Mark 22;VEV_6500;XIRECS;0;2
689100;Mark 01;Mark 55;VELVETFRUIT_EXTRACT;XIRECS;5223;6
689700;Mark 14;Mark 38;VEV_4000;XIRECS;1221;1
690300;Mark 01;Mark 22;VEV_5300;XIRECS;24;5
690300;Mark 01;Mark 22;VEV_5500;XIRECS;0;5
690300;Mark 01;Mark 22;VEV_6000;XIRECS;0;5
690500;Mark 01;Mark 22;VEV_5300;XIRECS;24;2
690500;Mark 01;Mark 22;VEV_5400;XIRECS;1;2
690500;Mark 01;Mark 22;VEV_5500;XIRECS;0;2
690500;Mark 01;Mark 22;VEV_6000;XIRECS;0;2
691400;Mark 55;Mark 14;VELVETFRUIT_EXTRACT;XIRECS;5228;4
691500;Mark 01;Mark 55;VELVETFRUIT_EXTRACT;XIRECS;5223;4
692200;Mark 55;Mark 14;VELVETFRUIT_EXTRACT;XIRECS;5228;3
692800;Mark 38;Mark 14;HYDROGEL_PACK;XIRECS;9988;6
693500;Mark 01;Mark 22;VEV_5500;XIRECS;0;2
693500;Mark 01;Mark 22;VEV_6500;XIRECS;0;2
695600;Mark 55;Mark 14;VELVETFRUIT_EXTRACT;XIRECS;5234;7
700800;Mark 14;Mark 38;HYDROGEL_PACK;XIRECS;10007;5
703300;Mark 55;Mark 14;VELVETFRUIT_EXTRACT;XIRECS;5292;3
709800;Mark 01;Mark 55;VELVETFRUIT_EXTRACT;XIRECS;5279;5
711400;Mark 14;Mark 38;HYDROGEL_PACK;XIRECS;10003;2
711900;Mark 38;Mark 14;HYDROGEL_PACK;XIRECS;10019;4
712800;Mark 55;Mark 14;VELVETFRUIT_EXTRACT;XIRECS;5275;5
715000;Mark 38;Mark 14;HYDROGEL_PACK;XIRECS;10036;4
715200;Mark 38;Mark 14;HYDROGEL_PACK;XIRECS;10040;6
715500;Mark 38;Mark 14;VEV_4000;XIRECS;1282;3
716600;Mark 14;Mark 38;HYDROGEL_PACK;XIRECS;10021;2
717200;Mark 14;Mark 38;HYDROGEL_PACK;XIRECS;10025;5
720700;Mark 55;Mark 01;VELVETFRUIT_EXTRACT;XIRECS;5271;5
724000;Mark 14;Mark 38;HYDROGEL_PACK;XIRECS;10031;3
725600;Mark 01;Mark 22;VEV_5300;XIRECS;40;3
725600;Mark 01;Mark 22;VEV_6500;XIRECS;0;3
726100;Mark 14;Mark 55;VELVETFRUIT_EXTRACT;XIRECS;5264;3
726300;Mark 01;Mark 22;VEV_5300;XIRECS;41;2
726300;Mark 14;Mark 22;VEV_5400;XIRECS;10;2
726300;Mark 01;Mark 22;VEV_5500;XIRECS;0;2
726300;Mark 01;Mark 22;VEV_6000;XIRECS;0;2
726300;Mark 01;Mark 22;VEV_6500;XIRECS;0;2
726600;Mark 14;Mark 38;HYDROGEL_PACK;XIRECS;10027;3
726900;Mark 38;Mark 14;HYDROGEL_PACK;XIRECS;10038;6
728200;Mark 14;Mark 38;HYDROGEL_PACK;XIRECS;10023;5
729700;Mark 01;Mark 22;VEV_5500;XIRECS;0;5
729700;Mark 01;Mark 22;VEV_6500;XIRECS;0;5
729800;Mark 14;Mark 38;HYDROGEL_PACK;XIRECS;10014;3
731100;Mark 14;Mark 38;HYDROGEL_PACK;XIRECS;10015;4
731300;Mark 14;Mark 38;HYDROGEL_PACK;XIRECS;10013;5
731800;Mark 01;Mark 55;VELVETFRUIT_EXTRACT;XIRECS;5254;5
732200;Mark 14;Mark 55;VELVETFRUIT_EXTRACT;XIRECS;5253;4
732500;Mark 55;Mark 14;VELVETFRUIT_EXTRACT;XIRECS;5258;3
732900;Mark 01;Mark 22;VEV_5300;XIRECS;36;3
732900;Mark 14;Mark 22;VEV_5400;XIRECS;8;3
732900;Mark 01;Mark 22;VEV_6000;XIRECS;0;3
736300;Mark 14;Mark 38;VEV_4000;XIRECS;1239;1
738300;Mark 01;Mark 22;VEV_5400;XIRECS;6;4
738300;Mark 01;Mark 22;VEV_6500;XIRECS;0;4
739900;Mark 01;Mark 22;VEV_6000;XIRECS;0;3
740900;Mark 14;Mark 55;VELVETFRUIT_EXTRACT;XIRECS;5244;7
742700;Mark 55;Mark 01;VELVETFRUIT_EXTRACT;XIRECS;5252;4
743400;Mark 14;Mark 38;HYDROGEL_PACK;XIRECS;10031;5
745000;Mark 14;Mark 38;HYDROGEL_PACK;XIRECS;10033;6
747100;Mark 01;Mark 22;VEV_5400;XIRECS;6;2
747800;Mark 14;Mark 55;VELVETFRUIT_EXTRACT;XIRECS;5243;4
748900;Mark 14;Mark 38;HYDROGEL_PACK;XIRECS;10036;6
749100;Mark 01;Mark 55;VELVETFRUIT_EXTRACT;XIRECS;5246;5
751000;Mark 67;Mark 22;VELVETFRUIT_EXTRACT;XIRECS;5253;6
753300;Mark 14;Mark 38;VEV_4000;XIRECS;1238;2
754000;Mark 38;Mark 14;HYDROGEL_PACK;XIRECS;10065;6
755100;Mark 14;Mark 55;VELVETFRUIT_EXTRACT;XIRECS;5242;5
757500;Mark 22;Mark 38;HYDROGEL_PACK;XIRECS;10054;2
760300;Mark 55;Mark 14;VELVETFRUIT_EXTRACT;XIRECS;5257;7
760700;Mark 55;Mark 14;VELVETFRUIT_EXTRACT;XIRECS;5257;5
761700;Mark 14;Mark 38;HYDROGEL_PACK;XIRECS;10035;4
762600;Mark 01;Mark 22;VEV_5400;XIRECS;7;5
762600;Mark 01;Mark 22;VEV_6500;XIRECS;0;5
762800;Mark 01;Mark 22;VEV_5400;XIRECS;7;5
762800;Mark 01;Mark 22;VEV_5500;XIRECS;0;5
762800;Mark 01;Mark 22;VEV_6000;XIRECS;0;5
762800;Mark 01;Mark 22;VEV_6500;XIRECS;0;5
763000;Mark 01;Mark 22;VEV_5400;XIRECS;7;4
763000;Mark 01;Mark 22;VEV_5500;XIRECS;0;4
763000;Mark 01;Mark 22;VEV_6000;XIRECS;0;4
763000;Mark 01;Mark 22;VEV_6500;XIRECS;0;4
767000;Mark 01;Mark 22;VEV_5300;XIRECS;36;3
767000;Mark 01;Mark 22;VEV_6500;XIRECS;0;3
768800;Mark 14;Mark 38;VEV_4000;XIRECS;1246;2
769800;Mark 14;Mark 55;VELVETFRUIT_EXTRACT;XIRECS;5251;5
770000;Mark 67;Mark 49;VELVETFRUIT_EXTRACT;XIRECS;5252;6
770300;Mark 67;Mark 22;VELVETFRUIT_EXTRACT;XIRECS;5251;7
771600;Mark 14;Mark 55;VELVETFRUIT_EXTRACT;XIRECS;5252;6
772600;Mark 38;Mark 14;HYDROGEL_PACK;XIRECS;10049;6
776200;Mark 38;Mark 14;HYDROGEL_PACK;XIRECS;10054;5
776800;Mark 01;Mark 55;VELVETFRUIT_EXTRACT;XIRECS;5250;3
777700;Mark 55;Mark 22;VELVETFRUIT_EXTRACT;XIRECS;5244;6
778800;Mark 01;Mark 55;VELVETFRUIT_EXTRACT;XIRECS;5240;6
779800;Mark 14;Mark 38;HYDROGEL_PACK;XIRECS;10033;4
780000;Mark 01;Mark 22;VEV_5400;XIRECS;5;3
780000;Mark 01;Mark 22;VEV_5500;XIRECS;0;3
780000;Mark 01;Mark 22;VEV_6000;XIRECS;0;3
780000;Mark 01;Mark 22;VEV_6500;XIRECS;0;3
780100;Mark 01;Mark 55;VELVETFRUIT_EXTRACT;XIRECS;5241;6
780900;Mark 38;Mark 14;VEV_4000;XIRECS;1256;3
784400;Mark 01;Mark 55;VELVETFRUIT_EXTRACT;XIRECS;5246;6
784900;Mark 01;Mark 22;VEV_5400;XIRECS;7;3
784900;Mark 01;Mark 22;VEV_6000;XIRECS;0;3
784900;Mark 01;Mark 22;VEV_6500;XIRECS;0;3
787900;Mark 38;Mark 14;HYDROGEL_PACK;XIRECS;10042;5
788400;Mark 55;Mark 14;VELVETFRUIT_EXTRACT;XIRECS;5255;8
791100;Mark 55;Mark 14;VELVETFRUIT_EXTRACT;XIRECS;5254;8
791600;Mark 14;Mark 22;VEV_5200;XIRECS;84;3
791600;Mark 01;Mark 22;VEV_5400;XIRECS;6;3
791600;Mark 01;Mark 22;VEV_5500;XIRECS;0;3
791600;Mark 01;Mark 22;VEV_6500;XIRECS;0;3
792100;Mark 67;Mark 49;VELVETFRUIT_EXTRACT;XIRECS;5249;12
793200;Mark 14;Mark 38;HYDROGEL_PACK;XIRECS;10009;6
794000;Mark 55;Mark 01;VELVETFRUIT_EXTRACT;XIRECS;5254;4
794600;Mark 01;Mark 55;VELVETFRUIT_EXTRACT;XIRECS;5246;3
794900;Mark 01;Mark 55;VELVETFRUIT_EXTRACT;XIRECS;5249;4
796400;Mark 67;Mark 49;VELVETFRUIT_EXTRACT;XIRECS;5247;8
796500;Mark 14;Mark 55;VELVETFRUIT_EXTRACT;XIRECS;5247;8
797300;Mark 38;Mark 14;VEV_4000;XIRECS;1260;1
799500;Mark 14;Mark 38;VEV_4000;XIRECS;1238;2
800400;Mark 14;Mark 38;VEV_4000;XIRECS;1224;3
800900;Mark 14;Mark 38;VEV_4000;XIRECS;1221;1
803400;Mark 01;Mark 22;VEV_5500;XIRECS;0;2
803400;Mark 01;Mark 22;VEV_6000;XIRECS;0;2
803400;Mark 01;Mark 22;VEV_6500;XIRECS;0;2
805400;Mark 14;Mark 55;VELVETFRUIT_EXTRACT;XIRECS;5228;3
806700;Mark 38;Mark 14;HYDROGEL_PACK;XIRECS;10037;6
807800;Mark 55;Mark 14;VELVETFRUIT_EXTRACT;XIRECS;5235;8
809900;Mark 01;Mark 22;VEV_5400;XIRECS;4;5
809900;Mark 01;Mark 22;VEV_5500;XIRECS;0;5
809900;Mark 01;Mark 22;VEV_6000;XIRECS;0;5
809900;Mark 01;Mark 22;VEV_6500;XIRECS;0;5
811800;Mark 55;Mark 01;VELVETFRUIT_EXTRACT;XIRECS;5237;3
813100;Mark 14;Mark 22;VEV_5200;XIRECS;76;5
813100;Mark 01;Mark 22;VEV_5500;XIRECS;0;5
813100;Mark 01;Mark 22;VEV_6000;XIRECS;0;5
813100;Mark 01;Mark 22;VEV_6500;XIRECS;0;5
814000;Mark 67;Mark 49;VELVETFRUIT_EXTRACT;XIRECS;5235;15
814500;Mark 14;Mark 38;HYDROGEL_PACK;XIRECS;10030;4
814600;Mark 22;Mark 38;HYDROGEL_PACK;XIRECS;10035;3
817900;Mark 14;Mark 38;HYDROGEL_PACK;XIRECS;10009;3
818900;Mark 38;Mark 14;HYDROGEL_PACK;XIRECS;10022;4
819600;Mark 14;Mark 38;HYDROGEL_PACK;XIRECS;10000;2
820300;Mark 14;Mark 55;VELVETFRUIT_EXTRACT;XIRECS;5224;6
821300;Mark 14;Mark 38;HYDROGEL_PACK;XIRECS;9994;6
821800;Mark 38;Mark 14;HYDROGEL_PACK;XIRECS;10010;6
822200;Mark 55;Mark 14;VELVETFRUIT_EXTRACT;XIRECS;5227;5
823100;Mark 55;Mark 01;VELVETFRUIT_EXTRACT;XIRECS;5227;3
823700;Mark 67;Mark 49;VELVETFRUIT_EXTRACT;XIRECS;5226;9
825600;Mark 14;Mark 38;HYDROGEL_PACK;XIRECS;9981;6
826000;Mark 38;Mark 14;HYDROGEL_PACK;XIRECS;10000;6
827800;Mark 38;Mark 14;VEV_4000;XIRECS;1246;3
828200;Mark 14;Mark 55;VELVETFRUIT_EXTRACT;XIRECS;5232;3
828500;Mark 38;Mark 14;HYDROGEL_PACK;XIRECS;10004;2
828700;Mark 14;Mark 22;VEV_5200;XIRECS;72;2
828700;Mark 01;Mark 22;VEV_5400;XIRECS;4;2
828700;Mark 01;Mark 22;VEV_5500;XIRECS;0;2
828700;Mark 01;Mark 22;VEV_6000;XIRECS;0;2
828700;Mark 01;Mark 22;VEV_6500;XIRECS;0;2
830600;Mark 14;Mark 38;HYDROGEL_PACK;XIRECS;9993;6
832000;Mark 01;Mark 55;VELVETFRUIT_EXTRACT;XIRECS;5229;6
833100;Mark 01;Mark 22;VEV_5500;XIRECS;0;5
833100;Mark 01;Mark 22;VEV_6000;XIRECS;0;5
833100;Mark 01;Mark 22;VEV_6500;XIRECS;0;5
836300;Mark 14;Mark 38;HYDROGEL_PACK;XIRECS;10000;6
840800;Mark 14;Mark 55;VELVETFRUIT_EXTRACT;XIRECS;5233;8
841500;Mark 14;Mark 55;VELVETFRUIT_EXTRACT;XIRECS;5233;4
843600;Mark 01;Mark 55;VELVETFRUIT_EXTRACT;XIRECS;5233;6
844300;Mark 14;Mark 55;VELVETFRUIT_EXTRACT;XIRECS;5237;7
845400;Mark 14;Mark 55;VELVETFRUIT_EXTRACT;XIRECS;5239;5
849100;Mark 01;Mark 22;VEV_5300;XIRECS;26;2
849100;Mark 01;Mark 22;VEV_5500;XIRECS;0;2
849100;Mark 01;Mark 22;VEV_6000;XIRECS;0;2
849100;Mark 01;Mark 22;VEV_6500;XIRECS;0;2
850600;Mark 01;Mark 22;VEV_5300;XIRECS;24;4
850600;Mark 01;Mark 22;VEV_5500;XIRECS;0;4
850600;Mark 01;Mark 22;VEV_6000;XIRECS;0;4
850600;Mark 01;Mark 22;VEV_6500;XIRECS;0;4
852300;Mark 55;Mark 01;VELVETFRUIT_EXTRACT;XIRECS;5226;7
853000;Mark 14;Mark 55;VELVETFRUIT_EXTRACT;XIRECS;5221;3
854000;Mark 67;Mark 22;VELVETFRUIT_EXTRACT;XIRECS;5222;10
855300;Mark 55;Mark 01;VELVETFRUIT_EXTRACT;XIRECS;5217;8
856200;Mark 38;Mark 14;VEV_4000;XIRECS;1231;3
857800;Mark 55;Mark 14;VELVETFRUIT_EXTRACT;XIRECS;5221;5
858500;Mark 01;Mark 55;VELVETFRUIT_EXTRACT;XIRECS;5213;7
862500;Mark 55;Mark 49;VELVETFRUIT_EXTRACT;XIRECS;5220;3
865200;Mark 55;Mark 14;VELVETFRUIT_EXTRACT;XIRECS;5222;8
865800;Mark 14;Mark 38;HYDROGEL_PACK;XIRECS;9998;4
868700;Mark 14;Mark 55;VELVETFRUIT_EXTRACT;XIRECS;5216;6
870000;Mark 55;Mark 14;VELVETFRUIT_EXTRACT;XIRECS;5222;3
870300;Mark 38;Mark 14;HYDROGEL_PACK;XIRECS;9996;5
870600;Mark 55;Mark 49;VELVETFRUIT_EXTRACT;XIRECS;5222;3
872500;Mark 14;Mark 38;HYDROGEL_PACK;XIRECS;9973;5
874500;Mark 38;Mark 14;HYDROGEL_PACK;XIRECS;9994;2
875500;Mark 01;Mark 22;VEV_5300;XIRECS;23;3
875500;Mark 01;Mark 22;VEV_5500;XIRECS;0;3
875500;Mark 01;Mark 22;VEV_6000;XIRECS;0;3
875500;Mark 01;Mark 22;VEV_6500;XIRECS;0;3
876800;Mark 14;Mark 55;VELVETFRUIT_EXTRACT;XIRECS;5220;6
876900;Mark 01;Mark 22;VEV_5300;XIRECS;23;4
876900;Mark 01;Mark 22;VEV_5500;XIRECS;0;4
876900;Mark 01;Mark 22;VEV_6000;XIRECS;0;4
878300;Mark 55;Mark 01;VELVETFRUIT_EXTRACT;XIRECS;5224;4
878800;Mark 14;Mark 38;VEV_4000;XIRECS;1212;3
879100;Mark 14;Mark 55;VELVETFRUIT_EXTRACT;XIRECS;5218;5
879400;Mark 01;Mark 22;VEV_6000;XIRECS;0;2
879400;Mark 01;Mark 22;VEV_6500;XIRECS;0;2
879900;Mark 55;Mark 01;VELVETFRUIT_EXTRACT;XIRECS;5222;7
879900;Mark 01;Mark 22;VEV_5300;XIRECS;22;4
879900;Mark 14;Mark 22;VEV_5400;XIRECS;2;4
879900;Mark 01;Mark 22;VEV_5500;XIRECS;0;4
879900;Mark 01;Mark 22;VEV_6000;XIRECS;0;4
881600;Mark 38;Mark 14;HYDROGEL_PACK;XIRECS;9978;2
883300;Mark 14;Mark 38;HYDROGEL_PACK;XIRECS;9964;2
883300;Mark 14;Mark 38;VEV_4000;XIRECS;1217;1
886500;Mark 01;Mark 55;VELVETFRUIT_EXTRACT;XIRECS;5225;8
887900;Mark 14;Mark 55;VELVETFRUIT_EXTRACT;XIRECS;5223;3
888400;Mark 01;Mark 22;VEV_6000;XIRECS;0;3
888400;Mark 01;Mark 22;VEV_6500;XIRECS;0;3
888900;Mark 14;Mark 22;VEV_5200;XIRECS;69;5
888900;Mark 14;Mark 22;VEV_5300;XIRECS;25;5
888900;Mark 01;Mark 22;VEV_6000;XIRECS;0;5
888900;Mark 01;Mark 22;VEV_6500;XIRECS;0;5
889300;Mark 38;Mark 14;HYDROGEL_PACK;XIRECS;9999;2
890400;Mark 14;Mark 38;HYDROGEL_PACK;XIRECS;9977;3
891700;Mark 14;Mark 55;VELVETFRUIT_EXTRACT;XIRECS;5234;8
892300;Mark 01;Mark 22;VEV_5300;XIRECS;27;2
892300;Mark 01;Mark 22;VEV_5400;XIRECS;3;2
892300;Mark 01;Mark 22;VEV_5500;XIRECS;0;2
892400;Mark 14;Mark 38;HYDROGEL_PACK;XIRECS;9985;5
892500;Mark 14;Mark 55;VELVETFRUIT_EXTRACT;XIRECS;5231;6
892600;Mark 38;Mark 14;VEV_4000;XIRECS;1246;3
894500;Mark 38;Mark 14;VEV_4000;XIRECS;1246;2
899600;Mark 01;Mark 55;VELVETFRUIT_EXTRACT;XIRECS;5224;3
900700;Mark 55;Mark 14;VELVETFRUIT_EXTRACT;XIRECS;5203;5
900800;Mark 55;Mark 14;VELVETFRUIT_EXTRACT;XIRECS;5203;7
903400;Mark 38;Mark 14;VEV_4000;XIRECS;1212;2
904200;Mark 01;Mark 22;VEV_5200;XIRECS;51;2
904200;Mark 01;Mark 22;VEV_5500;XIRECS;0;2
904200;Mark 01;Mark 22;VEV_6000;XIRECS;0;2
904200;Mark 01;Mark 22;VEV_6500;XIRECS;0;2
905200;Mark 67;Mark 22;VELVETFRUIT_EXTRACT;XIRECS;5199;9
908800;Mark 38;Mark 14;HYDROGEL_PACK;XIRECS;10050;3
908800;Mark 01;Mark 22;VEV_5200;XIRECS;56;4
908800;Mark 01;Mark 22;VEV_5400;XIRECS;0;4
910200;Mark 38;Mark 14;HYDROGEL_PACK;XIRECS;10061;6
910600;Mark 14;Mark 55;VELVETFRUIT_EXTRACT;XIRECS;5204;3
911900;Mark 14;Mark 38;HYDROGEL_PACK;XIRECS;10051;6
912100;Mark 14;Mark 38;HYDROGEL_PACK;XIRECS;10052;6
912100;Mark 55;Mark 14;VELVETFRUIT_EXTRACT;XIRECS;5202;8
914100;Mark 55;Mark 01;VELVETFRUIT_EXTRACT;XIRECS;5203;5
915300;Mark 55;Mark 14;VELVETFRUIT_EXTRACT;XIRECS;5207;8
915600;Mark 55;Mark 01;VELVETFRUIT_EXTRACT;XIRECS;5205;5
916400;Mark 01;Mark 22;VEV_5200;XIRECS;53;2
916400;Mark 01;Mark 22;VEV_5300;XIRECS;16;2
916400;Mark 01;Mark 22;VEV_5400;XIRECS;0;2
916400;Mark 01;Mark 22;VEV_5500;XIRECS;0;2
917300;Mark 01;Mark 55;VELVETFRUIT_EXTRACT;XIRECS;5197;8
919800;Mark 38;Mark 14;HYDROGEL_PACK;XIRECS;10044;3
922000;Mark 01;Mark 22;VEV_5400;XIRECS;0;2
922000;Mark 01;Mark 22;VEV_5500;XIRECS;0;2
922700;Mark 01;Mark 55;VELVETFRUIT_EXTRACT;XIRECS;5193;4
923900;Mark 01;Mark 22;VEV_5300;XIRECS;15;2
923900;Mark 01;Mark 22;VEV_5400;XIRECS;0;2
923900;Mark 01;Mark 22;VEV_5500;XIRECS;0;2
923900;Mark 01;Mark 22;VEV_6000;XIRECS;0;2
924800;Mark 01;Mark 55;VELVETFRUIT_EXTRACT;XIRECS;5193;4
926400;Mark 55;Mark 01;VELVETFRUIT_EXTRACT;XIRECS;5192;4
926400;Mark 38;Mark 14;VEV_4000;XIRECS;1202;2
927100;Mark 14;Mark 55;VELVETFRUIT_EXTRACT;XIRECS;5186;5
927300;Mark 14;Mark 38;VEV_4000;XIRECS;1181;3
927800;Mark 01;Mark 22;VEV_5300;XIRECS;13;3
927800;Mark 01;Mark 22;VEV_5400;XIRECS;0;3
927800;Mark 01;Mark 22;VEV_5500;XIRECS;0;3
927800;Mark 01;Mark 22;VEV_6000;XIRECS;0;3
927800;Mark 01;Mark 22;VEV_6500;XIRECS;0;3
928300;Mark 01;Mark 22;VEV_5200;XIRECS;48;3
928300;Mark 01;Mark 22;VEV_5400;XIRECS;0;3
928300;Mark 01;Mark 22;VEV_5500;XIRECS;0;3
928300;Mark 01;Mark 22;VEV_6000;XIRECS;0;3
932200;Mark 55;Mark 01;VELVETFRUIT_EXTRACT;XIRECS;5200;3
932600;Mark 22;Mark 55;VELVETFRUIT_EXTRACT;XIRECS;5196;3
932700;Mark 38;Mark 14;HYDROGEL_PACK;XIRECS;10008;4
934900;Mark 14;Mark 38;HYDROGEL_PACK;XIRECS;9994;3
937800;Mark 14;Mark 55;VELVETFRUIT_EXTRACT;XIRECS;5196;5
940000;Mark 55;Mark 01;VELVETFRUIT_EXTRACT;XIRECS;5206;4
940000;Mark 01;Mark 22;VEV_5400;XIRECS;0;4
940000;Mark 01;Mark 22;VEV_6000;XIRECS;0;4
940000;Mark 01;Mark 22;VEV_6500;XIRECS;0;4
944000;Mark 01;Mark 22;VEV_5500;XIRECS;0;4
944900;Mark 14;Mark 55;VELVETFRUIT_EXTRACT;XIRECS;5210;8
945100;Mark 14;Mark 38;VEV_4000;XIRECS;1205;3
947500;Mark 14;Mark 22;VEV_5200;XIRECS;63;5
947500;Mark 01;Mark 22;VEV_6000;XIRECS;0;5
947900;Mark 38;Mark 14;HYDROGEL_PACK;XIRECS;10005;5
948800;Mark 01;Mark 22;VEV_5400;XIRECS;0;5
948800;Mark 01;Mark 22;VEV_6000;XIRECS;0;5
948800;Mark 01;Mark 22;VEV_6500;XIRECS;0;5
951000;Mark 38;Mark 14;VEV_4000;XIRECS;1228;2
951800;Mark 01;Mark 55;VELVETFRUIT_EXTRACT;XIRECS;5210;3
952700;Mark 55;Mark 14;VELVETFRUIT_EXTRACT;XIRECS;5216;4
953300;Mark 67;Mark 22;VELVETFRUIT_EXTRACT;XIRECS;5210;9
953400;Mark 01;Mark 55;VELVETFRUIT_EXTRACT;XIRECS;5208;6
954600;Mark 55;Mark 14;VELVETFRUIT_EXTRACT;XIRECS;5216;8
957500;Mark 55;Mark 14;VELVETFRUIT_EXTRACT;XIRECS;5225;6
958000;Mark 01;Mark 22;VEV_5500;XIRECS;0;4
958000;Mark 01;Mark 22;VEV_6000;XIRECS;0;4
958000;Mark 01;Mark 22;VEV_6500;XIRECS;0;4
958500;Mark 01;Mark 55;VELVETFRUIT_EXTRACT;XIRECS;5219;4
958900;Mark 38;Mark 14;VEV_4000;XIRECS;1236;2
960200;Mark 14;Mark 55;VELVETFRUIT_EXTRACT;XIRECS;5218;5
960700;Mark 14;Mark 38;VEV_4000;XIRECS;1217;1
962300;Mark 55;Mark 01;VELVETFRUIT_EXTRACT;XIRECS;5224;4
962500;Mark 14;Mark 55;VELVETFRUIT_EXTRACT;XIRECS;5220;3
964800;Mark 14;Mark 38;VEV_4000;XIRECS;1210;3
965200;Mark 22;Mark 55;VELVETFRUIT_EXTRACT;XIRECS;5213;6
967700;Mark 49;Mark 22;VELVETFRUIT_EXTRACT;XIRECS;5217;7
969600;Mark 14;Mark 38;VEV_4000;XIRECS;1205;2
970700;Mark 38;Mark 14;HYDROGEL_PACK;XIRECS;9992;5
970700;Mark 55;Mark 01;VELVETFRUIT_EXTRACT;XIRECS;5219;8
970800;Mark 01;Mark 55;VELVETFRUIT_EXTRACT;XIRECS;5214;3
970900;Mark 14;Mark 38;HYDROGEL_PACK;XIRECS;9977;2
973000;Mark 01;Mark 22;VEV_5300;XIRECS;20;5
973000;Mark 01;Mark 22;VEV_5400;XIRECS;0;5
973000;Mark 01;Mark 22;VEV_5500;XIRECS;0;5
973000;Mark 01;Mark 22;VEV_6000;XIRECS;0;5
973000;Mark 01;Mark 22;VEV_6500;XIRECS;0;5
975500;Mark 01;Mark 22;VEV_5400;XIRECS;0;2
975500;Mark 01;Mark 22;VEV_5500;XIRECS;0;2
975500;Mark 01;Mark 22;VEV_6000;XIRECS;0;2
976700;Mark 01;Mark 22;VEV_5300;XIRECS;19;2
976700;Mark 01;Mark 22;VEV_5500;XIRECS;0;2
976700;Mark 01;Mark 22;VEV_6000;XIRECS;0;2
976700;Mark 01;Mark 22;VEV_6500;XIRECS;0;2
976800;Mark 55;Mark 14;VELVETFRUIT_EXTRACT;XIRECS;5216;6
979800;Mark 01;Mark 55;VELVETFRUIT_EXTRACT;XIRECS;5209;6
980700;Mark 67;Mark 22;VELVETFRUIT_EXTRACT;XIRECS;5212;5
982200;Mark 14;Mark 55;VELVETFRUIT_EXTRACT;XIRECS;5219;4
982400;Mark 38;Mark 14;HYDROGEL_PACK;XIRECS;10017;4
982900;Mark 14;Mark 38;HYDROGEL_PACK;XIRECS;9992;3
983600;Mark 38;Mark 14;HYDROGEL_PACK;XIRECS;10015;5
986700;Mark 14;Mark 55;VELVETFRUIT_EXTRACT;XIRECS;5215;4
987800;Mark 22;Mark 55;VELVETFRUIT_EXTRACT;XIRECS;5215;5
994000;Mark 14;Mark 55;VELVETFRUIT_EXTRACT;XIRECS;5219;4
995200;Mark 01;Mark 55;VELVETFRUIT_EXTRACT;XIRECS;5214;5
997200;Mark 14;Mark 38;HYDROGEL_PACK;XIRECS;9997;5
998200;Mark 01;Mark 55;VELVETFRUIT_EXTRACT;XIRECS;5217;4
999500;Mark 14;Mark 38;HYDROGEL_PACK;XIRECS;9997;3
