day,product,rows,first_mid,last_mid,min_mid,max_mid,mean_mid,std_mid,drift_mid,slope_per_tick,avg_spread,median_spread,spread_p95,ret_lag1_autocorr,mid_lag1_autocorr,obi_next_ret_corr_1,obi_next_ret_corr_5,obi_next_ret_corr_50,trade_count,trade_qty,avg_trade_qty,taker_at_bid_rate,taker_at_ask_rate,avg_abs_trade_mid_offset,buyer_markout_50,seller_markout_50
1,HYDROGEL_PACK,10000,9958.0,10015.0,9908.5,10079.0,9992.0551,37.611130187618066,57.0,8.437727124377272e-05,15.7264,16.0,16.0,-0.12398989772615145,0.9983689200916278,0.29733553250069705,0.1437601636939458,0.058216957114868115,375.0,1485.0,3.96,0.496,0.504,7.9093333333333335,-0.388,0.388
1,VELVETFRUIT_EXTRACT,10000,5245.0,5265.5,5198.0,5283.0,5248.3919,14.613631115845273,20.5,7.594000635940005e-06,4.9846,5.0,6.0,-0.16929008607173426,0.9969849869712858,0.2838096290932663,0.14097127504438167,0.05617239645108981,450.0,2685.0,5.966666666666667,0.44666666666666666,0.5533333333333333,2.2355555555555555,0.4911111111111111,-0.4911111111111111
1,VEV_4000,10000,1245.0,1265.5,1198.0,1283.0,1248.40795,14.63328745694217,20.5,7.595339385953394e-06,20.7745,21.0,22.0,-0.2868300858932522,0.9951897534940521,0.4873425246344096,0.29801501559315885,0.09005603501141315,164.0,333.0,2.0304878048780486,0.5548780487804879,0.4451219512195122,10.393292682926829,0.8487654320987654,-0.8487654320987654
1,VEV_4500,10000,745.0,765.5,698.5,783.0,748.40525,14.627067287652075,20.5,7.600467586004677e-06,15.8129,16.0,17.0,-0.23136151992298842,0.9962490637488626,0.4105287130022719,0.23255830524749407,0.06438208347899962,1.0,1.0,1.0,0.0,1.0,3.5,0.0,0.0
1,VEV_5000,10000,251.0,268.5,206.5,285.5,253.263,13.58175728689037,17.5,5.023879190238793e-06,6.0082,6.0,7.0,-0.10794704454918105,0.9973729755016532,0.21825284864112374,0.10340960430395033,0.024432221433986375,1.0,1.0,1.0,0.0,1.0,1.0,1.0,-1.0
1,VEV_5100,10000,165.0,177.5,125.0,193.5,164.9832,11.936333932996266,12.5,1.8544008185440082e-06,4.257,4.0,5.0,-0.10160184145012925,0.9974598793355028,0.23007551311242788,0.09671498820176146,0.020016582141062486,1.0,1.0,1.0,0.0,1.0,1.0,0.0,0.0
1,VEV_5200,10000,95.5,102.5,66.0,116.0,95.12845,8.66329184533798,7.0,-4.3588059435880564e-07,2.8779,3.0,3.0,-0.14809470014363796,0.9968367752435421,0.3030509460707123,0.16464389554266018,0.04667322392508417,7.0,22.0,3.142857142857143,0.8571428571428571,0.14285714285714285,0.9285714285714286,-1.4285714285714286,1.4285714285714286
1,VEV_5300,10000,47.0,52.0,30.0,61.0,46.9092,5.469579998500783,5.0,7.626734476267343e-07,2.1088,2.0,3.0,-0.2186192539024558,0.9958515858368393,0.3628184898404061,0.2172599104987219,0.06063835356997145,39.0,130.0,3.3333333333333335,0.9743589743589743,0.02564102564102564,0.9871794871794872,0.48717948717948717,-0.48717948717948717
1,VEV_5400,10000,16.5,17.0,7.5,23.0,15.6542,2.678156522684967,0.5,-2.74471796744718e-06,1.3864,1.0,2.0,-0.26514369212172967,0.9949650718612115,0.27689614364700127,0.19645270836215004,0.07362113811168061,81.0,286.0,3.5308641975308643,1.0,0.0,0.6049382716049383,0.5925925925925926,-0.5925925925925926
1,VEV_5500,10000,7.5,6.5,3.0,10.0,6.57085,1.3286290970394137,-1.0,-1.858914828589148e-06,1.1527,1.0,2.0,-0.2436511885396731,0.991077561354918,0.2845096667699186,0.23300062017669068,0.11634617942294133,92.0,321.0,3.489130434782609,1.0,0.0,0.5380434782608695,0.5108695652173914,-0.5108695652173914
1,VEV_6000,10000,0.5,0.5,0.5,0.5,0.5,0.0,0.0,0.0,1.0,1.0,1.0,,,,,,98.0,345.0,3.520408163265306,1.0,0.0,0.5,0.5,-0.5
1,VEV_6500,10000,0.5,0.5,0.5,0.5,0.5,0.0,0.0,0.0,1.0,1.0,1.0,,,,,,98.0,345.0,3.520408163265306,1.0,0.0,0.5,0.5,-0.5
2,HYDROGEL_PACK,10000,10011.0,10010.0,9891.0,10051.0,9989.4034,31.620579824538105,-1.0,5.085261608852616e-05,15.735,16.0,16.0,-0.12535182897845754,0.9976457430771957,0.2995803795757973,0.12657095996730777,0.02760142614157884,311.0,1244.0,4.0,0.4694533762057878,0.5305466237942122,7.845659163987138,-0.5467741935483871,0.5467741935483871
2,VELVETFRUIT_EXTRACT,10000,5267.5,5295.5,5207.0,5300.0,5255.39215,16.984489788553756,28.0,-7.112221601122216e-06,4.9863,5.0,6.0,-0.1551475547754949,0.997754697511883,0.2801293462669274,0.14367683395297967,0.05217560395008279,477.0,2895.0,6.069182389937107,0.4129979035639413,0.5870020964360587,2.258909853249476,-0.14240506329113925,0.14240506329113925
2,VEV_4000,10000,1267.5,1295.0,1207.0,1300.0,1255.39735,17.000583459913887,27.5,-7.1234755012347565e-06,20.9005,21.0,22.0,-0.28608116084893687,0.9965447136758048,0.48095833823959533,0.2739903931933126,0.10838064873041876,128.0,256.0,2.0,0.5,0.5,10.48828125,0.23228346456692914,-0.23228346456692914
2,VEV_4500,10000,767.0,795.5,708.5,799.5,755.40185,16.992787928338736,28.5,-7.118649401186494e-06,15.9609,16.0,17.0,-0.2220312821656979,0.997300879092449,0.4001143075858697,0.20729473162315964,0.08001835282440511,0.0,0.0,,,,,,
2,VEV_5000,10000,270.0,296.5,213.5,300.5,258.5447,16.153086451511374,26.5,-7.657657276576573e-06,6.12,6.0,7.0,-0.09036393695733563,0.9981153427521803,0.1961282164139197,0.08259447931838008,0.024243463461735597,0.0,0.0,,,,,,
2,VEV_5100,10000,179.0,201.5,127.5,205.5,167.32545,14.81043406850385,22.5,-8.607176876071766e-06,4.3107,4.0,5.0,-0.09010178190601326,0.9982293310492586,0.22618677225206718,0.10350534349890525,0.03498162952675826,0.0,0.0,,,,,,
2,VEV_5200,10000,104.0,119.0,64.0,122.5,94.04695,11.503530792652437,15.0,-1.0512532275125323e-05,2.8605,3.0,3.0,-0.11441657946914885,0.9981637926760547,0.25431602170192064,0.12942133261155334,0.04711389872454871,8.0,26.0,3.25,1.0,0.0,1.0,3.6875,-3.6875
2,VEV_5300,10000,53.0,58.0,26.5,60.5,44.4781,7.059951868816069,5.0,-8.554912825549128e-06,2.051,2.0,3.0,-0.20750924840956012,0.9974929920687153,0.32060428559451226,0.18021066471735853,0.047976074403656685,45.0,162.0,3.6,0.9777777777777777,0.0,0.9333333333333333,1.0777777777777777,-1.0777777777777777
2,VEV_5400,10000,17.0,20.0,6.5,21.5,13.7343,3.006518503186,3.0,-3.838499858384998e-06,1.3282,1.0,2.0,-0.23470847477900986,0.9961213707637064,0.2599876165277926,0.20674738970317527,0.07922755986940445,80.0,283.0,3.5375,1.0,0.0,0.625,0.74375,-0.74375
2,VEV_5500,10000,6.5,7.0,2.5,9.5,5.29425,1.3950777532095053,0.5,-2.6308809563088096e-06,1.1159,1.0,2.0,-0.22929947493588576,0.9929407349554923,0.2670910897039802,0.21112010945117646,0.1258913337764615,94.0,335.0,3.5638297872340425,1.0,0.0,0.5425531914893617,0.5904255319148937,-0.5904255319148937
2,VEV_6000,10000,0.5,0.5,0.5,0.5,0.5,0.0,0.0,0.0,1.0,1.0,1.0,,,,,,95.0,337.0,3.5473684210526315,1.0,0.0,0.5,0.5,-0.5
2,VEV_6500,10000,0.5,0.5,0.5,0.5,0.5,0.0,0.0,0.0,1.0,1.0,1.0,,,,,,95.0,337.0,3.5473684210526315,1.0,0.0,0.5,0.5,-0.5
3,HYDROGEL_PACK,10000,10008.0,10001.0,9923.0,10081.0,10002.5044,32.95121819660079,-7.0,-7.36955302969553e-05,15.7224,16.0,16.0,-0.12325646310260784,0.9977947676305462,0.3012930638027118,0.14428622266390054,0.0754964683456803,336.0,1367.0,4.068452380952381,0.5208333333333334,0.4791666666666667,7.892857142857143,-0.4538690476190476,0.4538690476190476
3,VELVETFRUIT_EXTRACT,10000,5295.5,5232.0,5191.5,5300.0,5239.1621,18.594247056280675,-63.5,-1.2110242321102423e-06,4.9764,5.0,6.0,-0.15597842122795053,0.9981212795534836,0.27864005112476814,0.14051232901199445,0.04357543498465204,454.0,2623.0,5.777533039647577,0.4713656387665198,0.5286343612334802,2.3193832599118944,0.1172566371681416,-0.1172566371681416
3,VEV_4000,10000,1296.0,1232.0,1189.0,1302.0,1239.16435,18.63272025436699,-64.0,-1.1936330819363262e-06,20.5855,21.0,21.0,-0.30909453703836176,0.9967347349603636,0.5103256451163376,0.32141142507726544,0.12088971935029875,150.0,287.0,1.9133333333333333,0.52,0.48,10.293333333333333,0.63,-0.63
3,VEV_4500,10000,795.5,732.0,690.5,800.5,739.16315,18.61648213485838,-63.5,-1.2162038821620389e-06,15.6077,16.0,17.0,-0.2468305544506506,0.9975098815791377,0.4245182993398387,0.24599852429244554,0.09362681467484714,2.0,5.0,2.5,0.5,0.5,3.75,5.0,-5.0
3,VEV_5000,10000,296.5,234.0,196.5,301.5,241.62605,17.855459568364644,-62.5,-2.498444334984441e-06,5.7645,6.0,7.0,-0.10939722026177028,0.9984019723613762,0.22055436447339175,0.11393394308094741,0.033743392602936684,2.0,5.0,2.5,0.5,0.5,1.25,5.0,-5.0
3,VEV_5100,10000,201.5,141.5,111.5,205.5,150.28125,15.738896830384904,-60.0,-5.2149588221495885e-06,3.9555,4.0,5.0,-0.0999187750086275,0.9984067664720859,0.23429620086015826,0.1166128169512142,0.03601392778356125,2.0,5.0,2.5,0.5,0.5,1.0,5.0,-5.0
3,VEV_5200,10000,119.5,70.0,51.0,122.5,77.80505,11.775664291134426,-49.5,-6.556676735566769e-06,2.5351,3.0,3.0,-0.11476750236292106,0.9984541013815014,0.20633806633604368,0.10705311765754807,0.03209144918727207,32.0,114.0,3.5625,0.96875,0.03125,0.984375,2.109375,-2.109375
3,VEV_5300,10000,58.0,26.0,18.0,60.5,32.1416,6.754491057067179,-32.0,-6.924208509242085e-06,1.7594,2.0,2.0,-0.2169692560848309,0.997932913441961,0.18870919440673678,0.11297573631506201,0.0455816883004183,80.0,256.0,3.2,0.9875,0.0,0.7875,1.19375,-1.19375
3,VEV_5400,10000,20.5,5.5,3.5,21.5,8.50085,2.8323443077246044,-15.0,-4.630379716303797e-06,1.1975,1.0,2.0,-0.24735637121212795,0.9968218897282994,0.27205062566717064,0.21996823356062953,0.10286477431597615,115.0,390.0,3.391304347826087,0.991304347826087,0.0,0.5521739130434783,0.6885964912280702,-0.6885964912280702
3,VEV_5500,10000,7.0,1.5,0.5,7.5,2.25825,1.0306706251272235,-5.5,-1.7279701672797016e-06,1.0577,1.0,2.0,-0.25210051536113826,0.9921905926272002,0.2577907266728713,0.19244737135516526,0.1264166848359415,120.0,413.0,3.441666666666667,1.0,0.0,0.5041666666666667,0.5378151260504201,-0.5378151260504201
3,VEV_6000,10000,0.5,0.5,0.5,0.5,0.5,0.0,0.0,0.0,1.0,1.0,1.0,,,,,,124.0,423.0,3.411290322580645,1.0,0.0,0.5,0.5,-0.5
3,VEV_6500,10000,0.5,0.5,0.5,0.5,0.5,0.0,0.0,0.0,1.0,1.0,1.0,,,,,,124.0,423.0,3.411290322580645,1.0,0.0,0.5,0.5,-0.5
