condition,n,same_corr,best_lag,best_corr,best_abs_corr,best_lag_n,best_lag_t_stat_abs,same_sign_rate_nonzero,mutual_information_terciles
both_abs_move_top_decile,387,0.06760699951537952,35,-0.16661092703377617,0.16661092703377617,352,3.1611898738633637,0.5271317829457365,0.011617855286721325
time_block_10,2496,0.0384225823574154,-37,-0.08549393806417024,0.08549393806417024,2454,4.249017889696587,0.2624198717948718,0.002431437656744112
time_block_2,2494,0.02984764177653771,-21,0.08187475289508173,0.08187475289508173,2466,4.077846707812632,0.2433841218925421,0.001219762159196617
time_block_6,2497,-0.014774641639516715,30,0.07537035823666606,0.07537035823666606,2464,3.750435208959777,0.2250700841009211,0.0012330703981360699
time_block_9,2496,-0.040860885941498296,20,0.07112949709581504,0.07112949709581504,2472,3.544048359399244,0.22596153846153846,0.0006433911522025597
time_block_5,2498,0.02861198562816799,-40,0.06994450552032422,0.06994450552032422,2456,3.4734082030586815,0.23178542834267413,0.00028037827285764465
time_block_0,2494,0.01117937741001132,-26,0.06673702945736502,0.06673702945736502,2457,3.314071830928082,0.24859663191659984,0.0011498085258585368
time_block_1,2496,0.03501015866041003,45,0.06655199345948333,0.06655199345948333,2444,3.296080548102305,0.2359775641025641,9.867096810740536e-05
ASH_COATED_OSMIUM_imb_low,2917,0.039095474325796804,-46,0.05981389175278727,0.05981389175278727,2870,3.2090014625021483,0.35995886184436066,0.0009511377820307391
INTARIAN_PEPPER_ROOT_imb_low,2775,0.05231437435694094,-4,-0.059567125050973294,0.059567125050973294,2769,3.1389404788450816,0.34774774774774775,0.0026320752939694063
time_block_4,2495,0.025849420384189983,49,-0.059076640637154225,0.059076640637154225,2440,2.922078119114825,0.23847695390781562,0.00019871042523469007
ASH_COATED_OSMIUM_thin_book,3087,0.017995195829406053,-11,-0.05663130553842023,0.05663130553842023,3068,3.1407992749744573,0.3339812115322319,0.0017275640761487531
time_block_8,2487,-0.017861423661498448,8,0.0555090190159531,0.0555090190159531,2476,2.765244378379438,0.23683152392440693,0.0019310761354366917
time_block_11,2502,0.035759680189267444,-48,-0.053994192464532464,0.053994192464532464,2452,2.6764804914962506,0.24180655475619503,0.00046343369853954746
time_block_3,2500,0.016282659154344008,-37,-0.052174539826900825,0.052174539826900825,2461,2.5907756832916573,0.2452,0.001977238550236352
time_block_7,2496,0.03728163414439654,-37,0.05002232547546056,0.05002232547546056,2452,2.4790823523780654,0.2548076923076923,0.0015384346551615144
INTARIAN_PEPPER_ROOT_wide_spread,4178,0.021492466906985433,16,0.04987092141341399,0.04987092141341399,4157,3.2186492171223122,0.31594064145524176,0.0018683400598167744
INTARIAN_PEPPER_ROOT_abs_move_top_decile,3550,0.032098667231095744,-26,-0.048971997319107625,0.048971997319107625,3519,2.907738866126074,0.38028169014084506,0.0020361495277967066
ASH_COATED_OSMIUM_imb_high,2847,0.0091207852765352,44,-0.04723323298925172,0.04723323298925172,2795,2.499010798325845,0.2813487881981033,0.0024032563821442055
ASH_COATED_OSMIUM_abs_move_top_decile,3266,0.0335298917392682,-37,0.046708979180927625,0.046708979180927625,3218,2.651750564093059,0.337109614206981,0.002183980115949372
INTARIAN_PEPPER_ROOT_deep_book,3334,0.026077364822493874,-8,-0.04320052324367462,0.04320052324367462,3322,2.4915160327965467,0.3080383923215357,0.000641714837889479
ASH_COATED_OSMIUM_wide_spread,4185,0.03349583373962089,12,-0.042080122108544185,0.042080122108544185,4165,2.717471814204658,0.3218637992831541,0.0005622310758971816
ASH_COATED_OSMIUM_deep_book,3536,0.031204141046233987,47,0.039429342510140936,0.039429342510140936,3478,2.3264690256496574,0.30571266968325794,0.0011765024022096292
INTARIAN_PEPPER_ROOT_imb_high,2838,-0.016922797044220665,48,-0.0372179449501881,0.0372179449501881,2783,1.9640560575568278,0.33051444679351655,0.00015712359270496617
INTARIAN_PEPPER_ROOT_tight_spread,4370,0.004589490715812076,-23,0.03568389736337598,0.03568389736337598,4336,2.3506794659412504,0.22745995423340962,0.0007239585226040536
INTARIAN_PEPPER_ROOT_thin_book,6206,0.01151665191634765,-32,0.028796413581950255,0.028796413581950255,6167,2.26196084698716,0.25491459877537864,0.0004058061714936863
ASH_COATED_OSMIUM_tight_spread,19973,0.00825905656987837,-26,-0.01990582906744513,0.01990582906744513,19916,2.8096070355601426,0.2022230010514194,0.0016583389933549973
all,30000,0.015843173535857544,-31,-0.019758894178707315,0.019758894178707315,29861,3.4149555767913853,0.24046666666666666,0.00014589274341847208
