timestamp,product,price,quantity,side,pnl,position,fill_type
5100,HYDROGEL_PACK,9959,4,sell,12.0,-4,passive_market_trade
6200,HYDROGEL_PACK,9953,5,sell,78.0,-9,passive_market_trade
15000,HYDROGEL_PACK,9965,4,sell,0.5,-13,passive_market_trade
22800,HYDROGEL_PACK,9947,6,buy,101.0,-7,passive_market_trade
30800,HYDROGEL_PACK,9941,2,buy,157.0,-5,passive_market_trade
32000,HYDROGEL_PACK,9939,5,buy,202.0,0,passive_market_trade
33600,HYDROGEL_PACK,9950,6,buy,238.0,6,passive_market_trade
37400,HYDROGEL_PACK,9938,4,buy,190.0,10,passive_market_trade
40900,HYDROGEL_PACK,9950,4,sell,208.0,6,passive_market_trade
41300,HYDROGEL_PACK,9951,5,sell,250.0,1,passive_market_trade
45200,HYDROGEL_PACK,9963,2,buy,286.0,3,passive_market_trade
45600,HYDROGEL_PACK,9963,15,sell,172.0,-12,active_cross
45900,HYDROGEL_PACK,9961,11,sell,108.0,-23,active_cross
46200,HYDROGEL_PACK,9963,10,sell,-18.0,-33,active_cross
46900,HYDROGEL_PACK,9964,11,sell,-139.0,-44,active_cross
47200,HYDROGEL_PACK,9965,11,sell,-271.0,-55,active_cross
48300,HYDROGEL_PACK,9961,3,buy,51.0,-52,passive_market_trade
49000,HYDROGEL_PACK,9978,12,buy,-175.0,-40,active_cross
52400,HYDROGEL_PACK,9963,5,buy,-105.0,-35,passive_market_trade
53000,HYDROGEL_PACK,9963,4,buy,-81.0,-31,passive_market_trade
59300,HYDROGEL_PACK,9951,4,buy,315.0,-27,passive_market_trade
61400,HYDROGEL_PACK,9961,2,sell,410.0,-29,passive_market_trade
63200,HYDROGEL_PACK,9948,5,sell,788.0,-34,passive_market_trade
64300,HYDROGEL_PACK,9934,4,buy,850.0,-30,passive_market_trade
65400,HYDROGEL_PACK,9932,4,buy,964.0,-26,passive_market_trade
65900,HYDROGEL_PACK,9937,2,buy,858.0,-24,passive_market_trade
69500,HYDROGEL_PACK,9954,2,buy,461.0,-22,passive_market_trade
73500,HYDROGEL_PACK,9968,3,buy,160.0,-19,passive_market_trade
78500,HYDROGEL_PACK,9998,4,sell,-158.0,-23,passive_market_trade
79800,HYDROGEL_PACK,9992,6,sell,16.0,-29,passive_market_trade
81300,HYDROGEL_PACK,9971,6,buy,290.0,-23,passive_market_trade
81900,HYDROGEL_PACK,9977,2,sell,488.0,-25,passive_market_trade
82300,HYDROGEL_PACK,9976,3,sell,534.0,-28,passive_market_trade
92100,HYDROGEL_PACK,9957,4,buy,726.0,-24,passive_market_trade
92500,HYDROGEL_PACK,9958,2,buy,714.0,-22,passive_market_trade
97100,HYDROGEL_PACK,9951,2,buy,860.0,-20,passive_market_trade
99000,HYDROGEL_PACK,9959,3,sell,978.0,-23,passive_market_trade
101400,HYDROGEL_PACK,9937,5,buy,1220.0,-18,passive_market_trade
101500,HYDROGEL_PACK,9937,6,buy,1274.0,-12,passive_market_trade
103500,HYDROGEL_PACK,9941,3,buy,1235.0,-9,passive_market_trade
107100,HYDROGEL_PACK,9954,5,buy,1157.0,-4,passive_market_trade
109100,HYDROGEL_PACK,9959,2,buy,1149.0,-2,passive_market_trade
112700,HYDROGEL_PACK,9950,2,buy,1179.0,0,passive_market_trade
115500,HYDROGEL_PACK,9938,3,buy,1200.0,3,passive_market_trade
119400,HYDROGEL_PACK,9961,3,sell,1248.0,0,passive_market_trade
120700,HYDROGEL_PACK,9956,2,sell,1260.0,-2,passive_market_trade
126000,HYDROGEL_PACK,9951,4,sell,1294.0,-6,passive_market_trade
129500,HYDROGEL_PACK,9965,6,sell,1246.0,-12,passive_market_trade
129800,HYDROGEL_PACK,9952,4,buy,1274.0,-8,passive_market_trade
130800,HYDROGEL_PACK,9948,5,buy,1344.0,-3,passive_market_trade
133700,HYDROGEL_PACK,9950,4,buy,1362.0,1,passive_market_trade
134500,HYDROGEL_PACK,9946,6,buy,1394.0,7,passive_market_trade
137800,HYDROGEL_PACK,9944,3,buy,1398.0,10,passive_market_trade
138100,HYDROGEL_PACK,9958,2,sell,1422.0,8,passive_market_trade
145600,HYDROGEL_PACK,9961,5,sell,1481.0,3,passive_market_trade
146500,HYDROGEL_PACK,9961,6,sell,1520.0,-3,passive_market_trade
148000,HYDROGEL_PACK,9970,3,sell,1511.0,-6,passive_market_trade
151100,HYDROGEL_PACK,9946,4,buy,1605.0,-2,passive_market_trade
151200,HYDROGEL_PACK,9946,6,buy,1643.0,4,passive_market_trade
152700,HYDROGEL_PACK,9946,5,buy,1673.0,9,passive_market_trade
155900,HYDROGEL_PACK,9965,4,sell,1757.5,5,passive_market_trade
159900,HYDROGEL_PACK,9963,3,buy,1828.0,8,passive_market_trade
161200,HYDROGEL_PACK,9958,6,buy,1817.0,14,passive_market_trade
163400,HYDROGEL_PACK,9964,11,sell,1848.0,3,active_cross
164300,HYDROGEL_PACK,9972,5,sell,1862.0,-2,passive_market_trade
167300,HYDROGEL_PACK,9958,3,buy,1883.0,1,passive_market_trade
171400,HYDROGEL_PACK,9991,2,sell,1916.0,-1,passive_market_trade
174200,HYDROGEL_PACK,9986,5,sell,1950.0,-6,passive_market_trade
174400,HYDROGEL_PACK,9989,6,sell,1962.0,-12,passive_market_trade
182100,HYDROGEL_PACK,10014,3,buy,1542.0,-9,passive_market_trade
182800,HYDROGEL_PACK,10012,5,buy,1590.0,-4,passive_market_trade
188400,HYDROGEL_PACK,10023,4,buy,1570.0,0,passive_market_trade
192800,HYDROGEL_PACK,10009,5,buy,1600.0,5,passive_market_trade
193400,HYDROGEL_PACK,10025,4,sell,1643.0,1,passive_market_trade
199400,HYDROGEL_PACK,10028,3,sell,1667.0,-2,passive_market_trade
210600,HYDROGEL_PACK,9991,5,buy,1748.0,3,passive_market_trade
211100,HYDROGEL_PACK,9998,6,buy,1802.0,9,passive_market_trade
217500,HYDROGEL_PACK,10010,4,sell,1821.0,5,passive_market_trade
218500,HYDROGEL_PACK,10015,5,sell,1881.0,0,passive_market_trade
218900,HYDROGEL_PACK,10012,3,sell,1899.0,-3,passive_market_trade
221200,HYDROGEL_PACK,10009,5,sell,1938.0,-8,passive_market_trade
226100,HYDROGEL_PACK,9975,5,buy,2141.0,-3,passive_market_trade
230800,HYDROGEL_PACK,10005,3,sell,2108.0,-6,passive_market_trade
235900,HYDROGEL_PACK,9999,3,buy,2087.0,-3,passive_market_trade
238200,HYDROGEL_PACK,10023,2,sell,2066.0,-5,passive_market_trade
239600,HYDROGEL_PACK,10007,3,buy,2102.0,-2,passive_market_trade
240600,HYDROGEL_PACK,10015,3,buy,2106.0,1,passive_market_trade
241900,HYDROGEL_PACK,10007,2,buy,2110.0,3,passive_market_trade
248200,HYDROGEL_PACK,10024,5,sell,2157.0,-2,passive_market_trade
252500,HYDROGEL_PACK,9989,3,buy,2220.0,1,passive_market_trade
254700,HYDROGEL_PACK,9996,2,sell,2223.5,-1,passive_market_trade
255000,HYDROGEL_PACK,9981,4,buy,2256.0,3,passive_market_trade
255300,HYDROGEL_PACK,9975,2,buy,2247.0,5,passive_market_trade
255400,HYDROGEL_PACK,9975,3,buy,2265.0,8,passive_market_trade
262300,HYDROGEL_PACK,10004,4,sell,2421.0,4,passive_market_trade
262800,HYDROGEL_PACK,10006,2,sell,2445.0,2,passive_market_trade
266300,HYDROGEL_PACK,9997,4,sell,2451.0,-2,passive_market_trade
266600,HYDROGEL_PACK,9995,4,sell,2479.0,-6,passive_market_trade
269300,HYDROGEL_PACK,9974,3,buy,2548.0,-3,passive_market_trade
275700,HYDROGEL_PACK,9994,2,sell,2539.0,-5,passive_market_trade
280500,HYDROGEL_PACK,9971,2,sell,2666.0,-7,passive_market_trade
281100,HYDROGEL_PACK,9953,3,buy,2722.0,-4,passive_market_trade
285400,HYDROGEL_PACK,9966,5,buy,2705.0,1,passive_market_trade
292800,HYDROGEL_PACK,9952,4,buy,2719.0,5,passive_market_trade
297100,HYDROGEL_PACK,9956,3,sell,2692.0,2,passive_market_trade
301100,HYDROGEL_PACK,9964,3,sell,2726.0,-1,passive_market_trade
301300,HYDROGEL_PACK,9965,2,sell,2737.0,-3,passive_market_trade
302400,HYDROGEL_PACK,9937,2,buy,2796.0,-1,passive_market_trade
304200,HYDROGEL_PACK,9946,2,buy,2800.0,1,passive_market_trade
306500,HYDROGEL_PACK,9966,5,sell,2842.0,-4,passive_market_trade
308000,HYDROGEL_PACK,9944,3,buy,2895.0,-1,passive_market_trade
308100,HYDROGEL_PACK,9947,4,buy,2917.0,3,passive_market_trade
313200,HYDROGEL_PACK,9938,13,buy,2800.0,16,active_cross
314000,HYDROGEL_PACK,9940,14,buy,2664.0,30,active_cross
314400,HYDROGEL_PACK,9941,9,buy,2622.0,39,active_cross
316200,HYDROGEL_PACK,9937,5,sell,2574.0,34,passive_market_trade
317100,HYDROGEL_PACK,9931,4,buy,2802.0,38,passive_market_trade
318300,HYDROGEL_PACK,9949,4,sell,3020.0,34,passive_market_trade
323300,HYDROGEL_PACK,9954,5,sell,3254.0,29,passive_market_trade
324600,HYDROGEL_PACK,9944,6,sell,3000.0,23,passive_market_trade
327700,HYDROGEL_PACK,9945,6,sell,3042.0,17,passive_market_trade
335300,HYDROGEL_PACK,9944,5,buy,3298.0,22,passive_market_trade
335500,HYDROGEL_PACK,9960,4,sell,3370.0,18,passive_market_trade
339500,HYDROGEL_PACK,9934,3,buy,3154.0,21,passive_market_trade
342400,HYDROGEL_PACK,9946,5,buy,3436.0,26,passive_market_trade
343100,HYDROGEL_PACK,9965,2,sell,3606.0,24,passive_market_trade
345700,HYDROGEL_PACK,9956,6,sell,3432.0,18,passive_market_trade
345900,HYDROGEL_PACK,9956,3,sell,3468.0,15,passive_market_trade
349200,HYDROGEL_PACK,9965,11,sell,3725.0,4,active_cross
349600,HYDROGEL_PACK,9963,6,sell,3669.0,-2,active_cross
351000,HYDROGEL_PACK,9972,3,sell,3702.0,-5,passive_market_trade
357100,HYDROGEL_PACK,9961,6,sell,3788.0,-11,passive_market_trade
358500,HYDROGEL_PACK,9958,6,sell,3857.0,-17,passive_market_trade
360600,HYDROGEL_PACK,9952,2,buy,3752.0,-15,passive_market_trade
362700,HYDROGEL_PACK,9963,3,buy,3620.0,-12,passive_market_trade
364800,HYDROGEL_PACK,9976,5,sell,3638.0,-17,passive_market_trade
368500,HYDROGEL_PACK,9981,5,sell,3583.0,-22,passive_market_trade
371400,HYDROGEL_PACK,9955,2,buy,3903.0,-20,passive_market_trade
373700,HYDROGEL_PACK,9955,5,buy,3918.0,-15,passive_market_trade
375100,HYDROGEL_PACK,9949,2,buy,4035.0,-13,passive_market_trade
380700,HYDROGEL_PACK,9946,4,sell,4254.0,-17,passive_market_trade
383000,HYDROGEL_PACK,9943,11,buy,4251.0,-6,active_cross
383300,HYDROGEL_PACK,9945,9,buy,4167.0,3,active_cross
385800,HYDROGEL_PACK,9941,6,sell,4197.0,-3,passive_market_trade
394800,HYDROGEL_PACK,9942,5,buy,4190.0,2,passive_market_trade
396300,HYDROGEL_PACK,9955,4,sell,4215.0,-2,passive_market_trade
397800,HYDROGEL_PACK,9948,4,sell,4252.0,-6,passive_market_trade
403600,HYDROGEL_PACK,9923,3,buy,4345.0,-3,passive_market_trade
409300,HYDROGEL_PACK,9931,6,buy,4360.0,3,passive_market_trade
411000,HYDROGEL_PACK,9950,4,sell,4406.0,-1,passive_market_trade
411400,HYDROGEL_PACK,9950,3,sell,4423.0,-4,passive_market_trade
412300,HYDROGEL_PACK,9951,2,sell,4431.0,-6,passive_market_trade
414000,HYDROGEL_PACK,9960,2,sell,4389.0,-8,passive_market_trade
414400,HYDROGEL_PACK,9946,3,buy,4418.0,-5,passive_market_trade
414800,HYDROGEL_PACK,9942,3,buy,4461.0,-2,passive_market_trade
421500,HYDROGEL_PACK,9948,3,buy,4467.0,1,passive_market_trade
427000,HYDROGEL_PACK,9952,2,buy,4483.0,3,passive_market_trade
434600,HYDROGEL_PACK,9931,11,buy,4290.0,14,active_cross
440300,HYDROGEL_PACK,9920,2,sell,4176.0,12,passive_market_trade
443600,HYDROGEL_PACK,9910,2,buy,4212.0,14,passive_market_trade
450000,HYDROGEL_PACK,9934,5,buy,4578.0,19,passive_market_trade
457700,HYDROGEL_PACK,9915,4,buy,4264.0,23,passive_market_trade
462500,HYDROGEL_PACK,9931,2,sell,4324.0,21,passive_market_trade
476200,HYDROGEL_PACK,9957,3,sell,4909.0,18,passive_market_trade
479100,HYDROGEL_PACK,9972,3,sell,5234.5,15,passive_market_trade
485300,HYDROGEL_PACK,9954,3,buy,5125.0,18,passive_market_trade
489600,HYDROGEL_PACK,9950,4,buy,5077.0,22,passive_market_trade
494500,HYDROGEL_PACK,9974,4,sell,5347.0,18,passive_market_trade
495300,HYDROGEL_PACK,9966,5,buy,5467.0,23,passive_market_trade
500800,HYDROGEL_PACK,9989,4,buy,6020.0,27,passive_market_trade
501400,HYDROGEL_PACK,9987,14,sell,5908.0,13,active_cross
501700,HYDROGEL_PACK,9987,14,sell,5796.0,-1,active_cross
502000,HYDROGEL_PACK,9987,3,buy,5816.0,2,passive_market_trade
507200,HYDROGEL_PACK,10011,2,sell,5852.0,0,passive_market_trade
509900,HYDROGEL_PACK,10007,5,buy,5882.0,5,passive_market_trade
510100,HYDROGEL_PACK,10005,3,buy,5890.0,8,passive_market_trade
513200,HYDROGEL_PACK,10009,5,sell,5853.0,3,passive_market_trade
515200,HYDROGEL_PACK,10002,4,buy,5895.0,7,passive_market_trade
519000,HYDROGEL_PACK,10004,5,buy,5939.0,12,passive_market_trade
519400,HYDROGEL_PACK,10015,2,sell,5939.0,10,passive_market_trade
520400,HYDROGEL_PACK,10018,2,sell,5973.0,8,passive_market_trade
526600,HYDROGEL_PACK,10019,4,sell,6013.0,4,passive_market_trade
527700,HYDROGEL_PACK,10019,6,sell,6049.0,-2,passive_market_trade
530200,HYDROGEL_PACK,10011,12,sell,5941.0,-14,active_cross
530500,HYDROGEL_PACK,10010,11,sell,5867.0,-25,active_cross
531500,HYDROGEL_PACK,10013,13,sell,5688.0,-38,active_cross
533100,HYDROGEL_PACK,10027,2,sell,5700.0,-40,passive_market_trade
533400,HYDROGEL_PACK,10014,12,sell,-44546.0,-57,active_cross
533400,HYDROGEL_PACK,10028,5,sell,5594.0,-57,passive_market_trade
534800,HYDROGEL_PACK,10017,3,sell,6299.0,-60,passive_market_trade
535400,HYDROGEL_PACK,10022,15,buy,5939.0,-45,active_cross
535700,HYDROGEL_PACK,10024,11,buy,5761.0,-34,active_cross
537500,HYDROGEL_PACK,10015,2,buy,5571.0,-32,passive_market_trade
538000,HYDROGEL_PACK,10022,2,sell,5775.0,-34,passive_market_trade
538900,HYDROGEL_PACK,10020,6,sell,5879.0,-40,passive_market_trade
542600,HYDROGEL_PACK,10010,6,sell,6315.0,-46,passive_market_trade
543100,HYDROGEL_PACK,10018,10,buy,5959.0,-36,active_cross
550400,HYDROGEL_PACK,10000,2,buy,6115.0,-34,passive_market_trade
563600,HYDROGEL_PACK,9993,2,buy,6365.0,-32,passive_market_trade
566100,HYDROGEL_PACK,10013,4,buy,5847.0,-28,passive_market_trade
568700,HYDROGEL_PACK,10002,5,buy,6087.0,-23,passive_market_trade
578600,HYDROGEL_PACK,10013,3,sell,6154.0,-26,passive_market_trade
578800,HYDROGEL_PACK,10000,6,buy,6190.0,-20,passive_market_trade
580600,HYDROGEL_PACK,10003,4,buy,6154.0,-16,passive_market_trade
590100,HYDROGEL_PACK,9990,2,buy,6360.0,-14,passive_market_trade
597200,HYDROGEL_PACK,10017,15,sell,5848.0,-29,active_cross
599100,HYDROGEL_PACK,10024,12,sell,5549.0,-41,active_cross
600400,HYDROGEL_PACK,10034,3,sell,5775.0,-44,passive_market_trade
601700,HYDROGEL_PACK,10014,2,buy,6053.0,-42,passive_market_trade
604700,HYDROGEL_PACK,10019,5,buy,5896.5,-37,passive_market_trade
606400,HYDROGEL_PACK,10021,5,buy,5839.0,-32,passive_market_trade
614100,HYDROGEL_PACK,10000,4,buy,6567.0,-28,passive_market_trade
621800,HYDROGEL_PACK,9995,2,buy,6719.0,-26,passive_market_trade
625100,HYDROGEL_PACK,10006,2,buy,6445.0,-24,passive_market_trade
634900,HYDROGEL_PACK,10011,2,buy,6315.0,-22,passive_market_trade
637500,HYDROGEL_PACK,10019,4,buy,6167.0,-18,passive_market_trade
640300,HYDROGEL_PACK,10031,3,buy,6047.0,-15,passive_market_trade
647000,HYDROGEL_PACK,10001,3,sell,6635.0,-18,passive_market_trade
647400,HYDROGEL_PACK,9994,2,buy,6541.0,-16,passive_market_trade
647600,HYDROGEL_PACK,9993,4,buy,6597.0,-12,passive_market_trade
647900,HYDROGEL_PACK,9991,6,buy,6657.0,-6,passive_market_trade
652800,HYDROGEL_PACK,9980,2,buy,6731.0,-4,passive_market_trade
653200,HYDROGEL_PACK,9977,6,buy,6783.0,2,passive_market_trade
653300,HYDROGEL_PACK,9976,5,buy,6811.0,7,passive_market_trade
661300,HYDROGEL_PACK,10010,6,sell,7000.0,1,passive_market_trade
666100,HYDROGEL_PACK,10026,3,sell,7035.0,-2,passive_market_trade
669200,HYDROGEL_PACK,10025,4,sell,7061.0,-6,passive_market_trade
673800,HYDROGEL_PACK,10001,4,buy,7155.0,-2,passive_market_trade
680800,HYDROGEL_PACK,9996,2,buy,7179.0,0,passive_market_trade
681500,HYDROGEL_PACK,10004,2,sell,7193.0,-2,passive_market_trade
684500,HYDROGEL_PACK,9990,2,buy,7207.0,0,passive_market_trade
690500,HYDROGEL_PACK,10012,2,sell,7221.0,-2,passive_market_trade
694900,HYDROGEL_PACK,10012,2,buy,7207.0,0,passive_market_trade
695200,HYDROGEL_PACK,10012,6,buy,7243.0,6,passive_market_trade
695900,HYDROGEL_PACK,10033,3,sell,7312.0,3,passive_market_trade
698300,HYDROGEL_PACK,10046,5,sell,7384.0,-2,passive_market_trade
699100,HYDROGEL_PACK,10036,5,buy,7413.0,3,passive_market_trade
700400,HYDROGEL_PACK,10050,5,sell,7446.0,-2,passive_market_trade
701200,HYDROGEL_PACK,10050,5,sell,7476.0,-7,passive_market_trade
701500,HYDROGEL_PACK,10052,3,sell,7480.0,-10,passive_market_trade
703000,HYDROGEL_PACK,10028,3,buy,7611.0,-7,passive_market_trade
716700,HYDROGEL_PACK,10057,3,sell,7517.0,-10,passive_market_trade
724500,HYDROGEL_PACK,10064,14,sell,7195.0,-24,active_cross
725300,HYDROGEL_PACK,10063,12,sell,7123.0,-36,active_cross
725800,HYDROGEL_PACK,10070,6,buy,6964.0,-30,passive_market_trade
726100,HYDROGEL_PACK,10063,9,sell,7057.0,-39,active_cross
726700,HYDROGEL_PACK,10073,3,sell,7231.0,-42,passive_market_trade
727900,HYDROGEL_PACK,10073,4,sell,7278.0,-46,passive_market_trade
729700,HYDROGEL_PACK,10070,3,sell,7411.0,-49,passive_market_trade
729800,HYDROGEL_PACK,10075,12,buy,7168.0,-37,active_cross
730800,HYDROGEL_PACK,10058,5,buy,7277.0,-32,passive_market_trade
732700,HYDROGEL_PACK,10036,2,buy,7995.0,-30,passive_market_trade
741200,HYDROGEL_PACK,10051,2,sell,7979.0,-32,passive_market_trade
742700,HYDROGEL_PACK,10051,2,sell,7993.0,-34,passive_market_trade
745000,HYDROGEL_PACK,10038,6,buy,8029.0,-28,passive_market_trade
749800,HYDROGEL_PACK,10046,2,buy,7817.0,-26,passive_market_trade
756600,HYDROGEL_PACK,10064,6,buy,7385.0,-20,passive_market_trade
760900,HYDROGEL_PACK,10053,2,sell,7857.0,-22,passive_market_trade
765800,HYDROGEL_PACK,10050,3,buy,7677.0,-19,passive_market_trade
768100,HYDROGEL_PACK,10057,4,buy,7553.0,-15,passive_market_trade
768200,HYDROGEL_PACK,10058,3,buy,7571.0,-12,passive_market_trade
772000,HYDROGEL_PACK,10080,5,sell,7481.0,-17,passive_market_trade
775100,HYDROGEL_PACK,10057,5,buy,7686.0,-12,passive_market_trade
782500,HYDROGEL_PACK,10070,6,sell,7722.0,-18,passive_market_trade
782700,HYDROGEL_PACK,10073,6,sell,7716.0,-24,passive_market_trade
784400,HYDROGEL_PACK,10071,6,sell,7818.0,-30,passive_market_trade
785200,HYDROGEL_PACK,10058,3,buy,7836.0,-27,passive_market_trade
785800,HYDROGEL_PACK,10058,3,buy,7854.0,-24,passive_market_trade
786700,HYDROGEL_PACK,10056,4,buy,7926.0,-20,passive_market_trade
792200,HYDROGEL_PACK,10050,4,sell,8310.0,-24,passive_market_trade
793700,HYDROGEL_PACK,10050,9,buy,8286.0,-15,active_cross
797600,HYDROGEL_PACK,10025,4,buy,8464.0,-11,passive_market_trade
800100,HYDROGEL_PACK,10013,5,buy,8631.0,-6,passive_market_trade
803000,HYDROGEL_PACK,10017,2,sell,8697.0,-8,passive_market_trade
805300,HYDROGEL_PACK,9999,2,buy,8751.0,-6,passive_market_trade
810600,HYDROGEL_PACK,10013,2,sell,8757.0,-8,passive_market_trade
814500,HYDROGEL_PACK,9991,3,buy,8855.0,-5,passive_market_trade
815000,HYDROGEL_PACK,10002,3,sell,8878.0,-8,passive_market_trade
816800,HYDROGEL_PACK,10000,4,buy,8818.0,-4,passive_market_trade
821100,HYDROGEL_PACK,9994,4,buy,8870.0,0,passive_market_trade
833600,HYDROGEL_PACK,10026,2,buy,8884.0,2,passive_market_trade
837000,HYDROGEL_PACK,10045,6,sell,8932.0,-4,passive_market_trade
844200,HYDROGEL_PACK,10032,6,sell,9030.0,-10,passive_market_trade
844800,HYDROGEL_PACK,10032,3,sell,9038.0,-13,passive_market_trade
845500,HYDROGEL_PACK,10014,6,buy,9145.0,-7,passive_market_trade
847200,HYDROGEL_PACK,10024,5,buy,9112.0,-2,passive_market_trade
853500,HYDROGEL_PACK,10033,4,buy,9120.0,2,passive_market_trade
853900,HYDROGEL_PACK,10046,6,sell,9160.0,-4,passive_market_trade
854900,HYDROGEL_PACK,10050,2,sell,9155.0,-6,passive_market_trade
860100,HYDROGEL_PACK,10084,2,sell,8960.0,-8,passive_market_trade
860900,HYDROGEL_PACK,10064,14,sell,8896.0,-22,active_cross
862900,HYDROGEL_PACK,10040,6,buy,9576.0,-16,passive_market_trade
867100,HYDROGEL_PACK,10040,5,buy,9523.0,-11,passive_market_trade
871700,HYDROGEL_PACK,10028,5,buy,9690.0,-6,passive_market_trade
876400,HYDROGEL_PACK,10018,3,sell,9846.0,-9,passive_market_trade
887200,HYDROGEL_PACK,10006,2,sell,9977.0,-11,passive_market_trade
892000,HYDROGEL_PACK,9998,6,sell,10090.0,-17,passive_market_trade
894300,HYDROGEL_PACK,9982,6,buy,10188.5,-11,passive_market_trade
898200,HYDROGEL_PACK,9997,4,buy,10081.0,-7,passive_market_trade
901400,HYDROGEL_PACK,9990,4,buy,10123.0,-3,passive_market_trade
908700,HYDROGEL_PACK,10020,4,sell,10096.0,-7,passive_market_trade
909300,HYDROGEL_PACK,10022,5,sell,10112.0,-12,passive_market_trade
912000,HYDROGEL_PACK,10031,5,buy,9883.0,-7,passive_market_trade
914800,HYDROGEL_PACK,10037,4,sell,9956.0,-11,passive_market_trade
917900,HYDROGEL_PACK,10032,3,sell,10029.0,-14,passive_market_trade
918500,HYDROGEL_PACK,10010,6,buy,10197.0,-8,passive_market_trade
924500,HYDROGEL_PACK,10006,5,buy,10267.0,-3,passive_market_trade
928000,HYDROGEL_PACK,9993,2,buy,10317.0,-1,passive_market_trade
929300,HYDROGEL_PACK,10002,3,sell,10339.0,-4,passive_market_trade
929500,HYDROGEL_PACK,10004,6,sell,10367.0,-10,passive_market_trade
929800,HYDROGEL_PACK,9994,3,buy,10358.0,-7,passive_market_trade
932100,HYDROGEL_PACK,9992,3,buy,10393.0,-4,passive_market_trade
934300,HYDROGEL_PACK,9999,3,buy,10387.0,-1,passive_market_trade
936500,HYDROGEL_PACK,9998,6,buy,10429.0,5,passive_market_trade
936700,HYDROGEL_PACK,10000,3,buy,10452.0,8,passive_market_trade
938900,HYDROGEL_PACK,10005,6,sell,10430.0,2,passive_market_trade
946400,HYDROGEL_PACK,10020,3,sell,10480.0,-1,passive_market_trade
950000,HYDROGEL_PACK,10039,2,sell,10473.0,-3,passive_market_trade
950700,HYDROGEL_PACK,10034,5,sell,10518.0,-8,passive_market_trade
953700,HYDROGEL_PACK,10033,5,sell,10556.0,-13,passive_market_trade
953800,HYDROGEL_PACK,10031,6,sell,10618.0,-19,passive_market_trade
957800,HYDROGEL_PACK,9998,6,buy,11040.0,-13,passive_market_trade
963900,HYDROGEL_PACK,10038,6,sell,10725.0,-19,passive_market_trade
964000,HYDROGEL_PACK,10021,3,buy,10822.0,-16,passive_market_trade
964700,HYDROGEL_PACK,10010,4,buy,11038.0,-12,passive_market_trade
970200,HYDROGEL_PACK,9999,9,buy,11266.0,-3,active_cross
970500,HYDROGEL_PACK,9983,3,buy,11290.0,0,passive_market_trade
971900,HYDROGEL_PACK,9997,2,sell,11304.0,-2,passive_market_trade
977600,HYDROGEL_PACK,9987,2,buy,11310.0,0,passive_market_trade
979200,HYDROGEL_PACK,10001,2,buy,11322.0,2,passive_market_trade
982900,HYDROGEL_PACK,10000,6,buy,11360.0,8,passive_market_trade
985400,HYDROGEL_PACK,10023,4,sell,11464.0,4,passive_market_trade
985800,HYDROGEL_PACK,10027,4,sell,11508.0,0,passive_market_trade
988000,HYDROGEL_PACK,10017,2,buy,11522.0,2,passive_market_trade
988400,HYDROGEL_PACK,10018,6,buy,11558.0,8,passive_market_trade
989000,HYDROGEL_PACK,10019,4,buy,11590.0,12,passive_market_trade
10200,HYDROGEL_PACK,10018,6,buy,11632.0,18,passive_market_trade
11200,HYDROGEL_PACK,10029,4,sell,11606.0,14,passive_market_trade
15700,HYDROGEL_PACK,10033,2,sell,11688.0,12,passive_market_trade
19100,HYDROGEL_PACK,10018,6,sell,11544.0,6,passive_market_trade
29200,HYDROGEL_PACK,9995,4,buy,11502.0,10,passive_market_trade
41100,HYDROGEL_PACK,9997,6,sell,11434.0,4,passive_market_trade
45100,HYDROGEL_PACK,9989,3,sell,11424.0,1,passive_market_trade
49400,HYDROGEL_PACK,9960,4,buy,11411.0,5,passive_market_trade
49800,HYDROGEL_PACK,9959,3,sell,11382.0,2,passive_market_trade
58300,HYDROGEL_PACK,9962,5,sell,11423.0,-3,passive_market_trade
60700,HYDROGEL_PACK,9971,5,sell,11423.0,-8,passive_market_trade
70900,HYDROGEL_PACK,9993,2,sell,11269.0,-10,passive_market_trade
71800,HYDROGEL_PACK,9976,5,buy,11334.0,-5,passive_market_trade
78700,HYDROGEL_PACK,9940,3,buy,11535.0,-2,passive_market_trade
85500,HYDROGEL_PACK,9952,2,sell,11549.0,-4,passive_market_trade
90100,HYDROGEL_PACK,9929,3,sell,11659.0,-7,passive_market_trade
91700,HYDROGEL_PACK,9927,2,sell,11685.0,-9,passive_market_trade
97600,HYDROGEL_PACK,9938,2,buy,11483.0,-7,passive_market_trade
102400,HYDROGEL_PACK,9982,3,sell,11284.0,-10,passive_market_trade
104500,HYDROGEL_PACK,9982,2,sell,11296.0,-12,passive_market_trade
124900,HYDROGEL_PACK,10020,3,sell,10858.0,-15,passive_market_trade
126800,HYDROGEL_PACK,10013,2,sell,10898.5,-17,passive_market_trade
129400,HYDROGEL_PACK,10007,4,sell,11101.0,-21,passive_market_trade
143800,HYDROGEL_PACK,9998,5,buy,11068.0,-16,passive_market_trade
145400,HYDROGEL_PACK,9996,2,buy,11098.0,-14,passive_market_trade
150800,HYDROGEL_PACK,10010,9,sell,10816.0,-23,active_cross
151400,HYDROGEL_PACK,10015,3,buy,10745.0,-20,passive_market_trade
151600,HYDROGEL_PACK,10016,6,buy,10781.0,-14,passive_market_trade
153200,HYDROGEL_PACK,10010,5,buy,10895.0,-9,passive_market_trade
157000,HYDROGEL_PACK,10022,4,sell,10919.0,-13,passive_market_trade
161100,HYDROGEL_PACK,10026,4,sell,10891.0,-17,passive_market_trade
164600,HYDROGEL_PACK,10024,6,buy,10746.0,-11,passive_market_trade
166000,HYDROGEL_PACK,10018,9,sell,10729.0,-20,active_cross
169200,HYDROGEL_PACK,10023,5,sell,10939.0,-25,passive_market_trade
170100,HYDROGEL_PACK,10019,4,sell,11092.0,-29,passive_market_trade
177100,HYDROGEL_PACK,10012,3,buy,10910.0,-26,passive_market_trade
178100,HYDROGEL_PACK,10009,3,buy,11032.0,-23,passive_market_trade
181600,HYDROGEL_PACK,9998,5,buy,11315.0,-18,passive_market_trade
193400,HYDROGEL_PACK,9992,3,sell,11678.0,-21,passive_market_trade
195600,HYDROGEL_PACK,9973,5,buy,11818.0,-16,passive_market_trade
206200,HYDROGEL_PACK,9991,3,sell,11775.0,-19,passive_market_trade
206600,HYDROGEL_PACK,9977,3,buy,11796.0,-16,passive_market_trade
206700,HYDROGEL_PACK,9983,5,buy,11790.0,-11,passive_market_trade
219200,HYDROGEL_PACK,9955,4,buy,12071.0,-7,passive_market_trade
224300,HYDROGEL_PACK,9940,4,sell,12291.0,-11,passive_market_trade
229500,HYDROGEL_PACK,9923,9,buy,12427.0,-2,active_cross
229800,HYDROGEL_PACK,9921,9,buy,12363.5,7,active_cross
235700,HYDROGEL_PACK,9908,6,buy,12403.0,13,passive_market_trade
238900,HYDROGEL_PACK,9912,4,buy,12479.0,17,passive_market_trade
239300,HYDROGEL_PACK,9911,2,buy,12474.0,19,passive_market_trade
239800,HYDROGEL_PACK,9923,5,sell,12504.0,14,passive_market_trade
254300,HYDROGEL_PACK,9950,2,sell,12882.0,12,passive_market_trade
264200,HYDROGEL_PACK,9925,6,sell,12633.0,6,passive_market_trade
265200,HYDROGEL_PACK,9911,5,buy,12648.0,11,passive_market_trade
267900,HYDROGEL_PACK,9925,5,sell,12721.0,6,passive_market_trade
272900,HYDROGEL_PACK,9922,5,sell,12712.5,1,passive_market_trade
273400,HYDROGEL_PACK,9920,3,sell,12728.0,-2,passive_market_trade
273500,HYDROGEL_PACK,9919,6,sell,12766.0,-8,passive_market_trade
274400,HYDROGEL_PACK,9909,3,buy,12768.0,-5,passive_market_trade
277300,HYDROGEL_PACK,9908,3,sell,12851.0,-8,passive_market_trade
278800,HYDROGEL_PACK,9891,2,buy,12900.0,-6,passive_market_trade
279900,HYDROGEL_PACK,9892,6,buy,12933.0,0,passive_market_trade
282200,HYDROGEL_PACK,9893,4,buy,12957.0,4,passive_market_trade
283700,HYDROGEL_PACK,9921,5,sell,13052.0,-1,passive_market_trade
284300,HYDROGEL_PACK,9921,6,sell,13087.0,-7,passive_market_trade
288000,HYDROGEL_PACK,9934,5,sell,13026.0,-12,passive_market_trade
291000,HYDROGEL_PACK,9906,3,buy,13227.0,-9,passive_market_trade
299100,HYDROGEL_PACK,9961,3,sell,12867.0,-12,passive_market_trade
303800,HYDROGEL_PACK,9937,2,buy,13023.0,-10,passive_market_trade
306100,HYDROGEL_PACK,9950,5,sell,13043.0,-15,passive_market_trade
310100,HYDROGEL_PACK,9940,4,sell,13217.0,-19,passive_market_trade
311800,HYDROGEL_PACK,9943,2,sell,13172.0,-21,passive_market_trade
316900,HYDROGEL_PACK,9952,2,sell,12983.5,-23,passive_market_trade
328900,HYDROGEL_PACK,9957,2,sell,12917.0,-25,passive_market_trade
332800,HYDROGEL_PACK,9949,3,buy,12810.0,-22,passive_market_trade
338400,HYDROGEL_PACK,9950,4,buy,12812.0,-18,passive_market_trade
340200,HYDROGEL_PACK,9953,2,buy,12770.0,-16,passive_market_trade
342300,HYDROGEL_PACK,9964,2,sell,12798.0,-18,passive_market_trade
344100,HYDROGEL_PACK,9943,3,buy,12963.0,-15,passive_market_trade
344500,HYDROGEL_PACK,9944,3,buy,12981.0,-12,passive_market_trade
346100,HYDROGEL_PACK,9945,2,sell,13125.0,-14,passive_market_trade
347400,HYDROGEL_PACK,9945,4,sell,13149.0,-18,passive_market_trade
351400,HYDROGEL_PACK,9938,6,buy,13083.0,-12,passive_market_trade
359500,HYDROGEL_PACK,9973,5,buy,12698.0,-7,passive_market_trade
365300,HYDROGEL_PACK,9986,2,buy,12626.0,-5,passive_market_trade
384800,HYDROGEL_PACK,9980,4,buy,12684.0,-1,passive_market_trade
385500,HYDROGEL_PACK,9974,5,buy,12716.0,4,passive_market_trade
387500,HYDROGEL_PACK,9990,3,sell,12749.0,1,passive_market_trade
391700,HYDROGEL_PACK,9987,2,sell,12760.0,-1,passive_market_trade
392400,HYDROGEL_PACK,9988,5,sell,12788.0,-6,passive_market_trade
394100,HYDROGEL_PACK,9973,6,sell,12914.0,-12,passive_market_trade
394300,HYDROGEL_PACK,9968,5,sell,13004.0,-17,passive_market_trade
401200,HYDROGEL_PACK,9967,5,buy,12835.0,-12,passive_market_trade
409400,HYDROGEL_PACK,9986,3,sell,12781.0,-15,passive_market_trade
410100,HYDROGEL_PACK,9986,6,sell,12817.0,-21,passive_market_trade
413100,HYDROGEL_PACK,9975,2,sell,13060.0,-23,passive_market_trade
413500,HYDROGEL_PACK,9972,5,sell,13145.0,-28,passive_market_trade
415400,HYDROGEL_PACK,9974,6,sell,13139.0,-34,passive_market_trade
416600,HYDROGEL_PACK,9980,4,sell,12997.0,-38,passive_market_trade
420200,HYDROGEL_PACK,9973,4,sell,13249.0,-42,passive_market_trade
421100,HYDROGEL_PACK,9962,5,buy,13200.0,-37,passive_market_trade
422200,HYDROGEL_PACK,9965,2,buy,13138.0,-35,passive_market_trade
429500,HYDROGEL_PACK,9966,3,sell,13541.0,-38,passive_market_trade
430200,HYDROGEL_PACK,9973,4,sell,13341.0,-42,passive_market_trade
430700,HYDROGEL_PACK,9975,4,sell,13285.0,-46,passive_market_trade
433200,HYDROGEL_PACK,9969,11,buy,13519.0,-35,active_cross
433900,HYDROGEL_PACK,9968,4,sell,13508.0,-39,passive_market_trade
436200,HYDROGEL_PACK,9970,2,buy,12974.0,-37,passive_market_trade
445300,HYDROGEL_PACK,9973,2,sell,13358.0,-39,passive_market_trade
449000,HYDROGEL_PACK,9981,6,buy,12575.0,-33,passive_market_trade
452000,HYDROGEL_PACK,9967,3,buy,13055.0,-30,passive_market_trade
478900,HYDROGEL_PACK,9996,3,sell,12596.0,-33,passive_market_trade
480900,HYDROGEL_PACK,9996,2,buy,12179.0,-31,passive_market_trade
481400,HYDROGEL_PACK,9998,2,buy,12129.0,-29,passive_market_trade
482400,HYDROGEL_PACK,10011,3,sell,12118.0,-32,passive_market_trade
488200,HYDROGEL_PACK,9995,2,buy,12228.0,-30,passive_market_trade
488700,HYDROGEL_PACK,9987,5,buy,12528.0,-25,passive_market_trade
495700,HYDROGEL_PACK,9987,3,buy,12546.0,-22,passive_market_trade
498500,HYDROGEL_PACK,9979,4,buy,12746.0,-18,passive_market_trade
500600,HYDROGEL_PACK,9978,5,buy,12794.0,-13,passive_market_trade
501600,HYDROGEL_PACK,9978,4,buy,12818.0,-9,passive_market_trade
503600,HYDROGEL_PACK,9977,2,buy,12839.0,-7,passive_market_trade
511000,HYDROGEL_PACK,9990,6,buy,12783.0,-1,passive_market_trade
512800,HYDROGEL_PACK,9984,4,buy,12812.5,3,passive_market_trade
516500,HYDROGEL_PACK,9979,5,buy,12829.0,8,passive_market_trade
519800,HYDROGEL_PACK,9981,4,sell,12769.0,4,passive_market_trade
526300,HYDROGEL_PACK,9968,3,buy,12787.0,7,passive_market_trade
530900,HYDROGEL_PACK,9990,3,buy,12959.0,10,passive_market_trade
534700,HYDROGEL_PACK,9960,3,buy,12670.5,13,passive_market_trade
535100,HYDROGEL_PACK,9963,2,buy,12728.0,15,passive_market_trade
540500,HYDROGEL_PACK,9981,2,sell,12817.0,13,passive_market_trade
540600,HYDROGEL_PACK,9978,2,sell,12803.0,11,passive_market_trade
543800,HYDROGEL_PACK,9973,6,sell,12784.0,5,passive_market_trade
544400,HYDROGEL_PACK,9974,6,sell,12821.5,-1,passive_market_trade
547000,HYDROGEL_PACK,9970,6,buy,12858.0,5,passive_market_trade
548500,HYDROGEL_PACK,9965,6,buy,12864.0,11,passive_market_trade
553400,HYDROGEL_PACK,9967,2,sell,12757.0,9,passive_market_trade
556000,HYDROGEL_PACK,9974,5,sell,12859.0,4,passive_market_trade
556100,HYDROGEL_PACK,9974,5,sell,12889.0,-1,passive_market_trade
561000,HYDROGEL_PACK,9994,4,sell,12893.0,-5,passive_market_trade
568500,HYDROGEL_PACK,9972,2,buy,12952.0,-3,passive_market_trade
574200,HYDROGEL_PACK,9986,6,sell,12985.0,-9,passive_market_trade
576700,HYDROGEL_PACK,9998,5,sell,12907.0,-14,passive_market_trade
578300,HYDROGEL_PACK,9990,6,sell,13045.0,-20,passive_market_trade
581600,HYDROGEL_PACK,9998,2,sell,12907.0,-22,passive_market_trade
582600,HYDROGEL_PACK,9981,4,buy,13023.0,-18,passive_market_trade
585200,HYDROGEL_PACK,10007,6,buy,12609.0,-12,passive_market_trade
586800,HYDROGEL_PACK,10000,9,sell,12597.0,-21,active_cross
587700,HYDROGEL_PACK,10011,4,sell,12684.0,-25,passive_market_trade
588400,HYDROGEL_PACK,10013,5,sell,12664.0,-30,passive_market_trade
588800,HYDROGEL_PACK,10014,2,sell,12646.0,-32,passive_market_trade
589300,HYDROGEL_PACK,10002,3,buy,12635.0,-29,passive_market_trade
596100,HYDROGEL_PACK,10003,3,buy,12627.0,-26,passive_market_trade
597500,HYDROGEL_PACK,10013,4,sell,12729.0,-30,passive_market_trade
601600,HYDROGEL_PACK,10015,6,buy,12345.0,-24,passive_market_trade
608900,HYDROGEL_PACK,10032,2,buy,11927.0,-22,passive_market_trade
610900,HYDROGEL_PACK,10031,5,buy,12001.0,-17,passive_market_trade
620000,HYDROGEL_PACK,10011,5,buy,12359.0,-12,passive_market_trade
630700,HYDROGEL_PACK,10011,3,buy,12380.0,-9,passive_market_trade
631400,HYDROGEL_PACK,10004,3,buy,12470.0,-6,passive_market_trade
634300,HYDROGEL_PACK,10007,4,sell,12548.0,-10,passive_market_trade
640000,HYDROGEL_PACK,10002,2,buy,12482.0,-8,passive_market_trade
645000,HYDROGEL_PACK,10018,4,buy,12386.0,-4,passive_market_trade
647500,HYDROGEL_PACK,10030,6,sell,12282.0,-10,active_cross
650000,HYDROGEL_PACK,10031,4,buy,12316.0,-6,passive_market_trade
655500,HYDROGEL_PACK,10026,3,buy,12362.5,-3,passive_market_trade
661900,HYDROGEL_PACK,10025,6,buy,12406.0,3,passive_market_trade
663000,HYDROGEL_PACK,10027,2,buy,12421.0,5,passive_market_trade
672700,HYDROGEL_PACK,10019,9,buy,12239.0,14,active_cross
673800,HYDROGEL_PACK,10013,13,buy,12051.0,27,active_cross
674000,HYDROGEL_PACK,10014,2,sell,12119.0,25,passive_market_trade
674100,HYDROGEL_PACK,10012,14,buy,11932.0,39,active_cross
674400,HYDROGEL_PACK,10010,4,sell,11956.0,35,passive_market_trade
675300,HYDROGEL_PACK,10016,2,sell,12145.0,33,passive_market_trade
675600,HYDROGEL_PACK,10017,3,sell,12199.0,30,passive_market_trade
678700,HYDROGEL_PACK,10011,6,sell,12085.0,24,passive_market_trade
681000,HYDROGEL_PACK,10008,5,sell,12043.0,19,passive_market_trade
686700,HYDROGEL_PACK,10015,5,sell,12192.0,14,passive_market_trade
691600,HYDROGEL_PACK,9992,5,buy,12082.0,19,passive_market_trade
694500,HYDROGEL_PACK,10015,4,sell,12300.0,15,passive_market_trade
696000,HYDROGEL_PACK,10014,2,sell,12312.0,13,passive_market_trade
697000,HYDROGEL_PACK,10015,4,sell,12349.0,9,passive_market_trade
697400,HYDROGEL_PACK,10016,2,sell,12370.0,7,passive_market_trade
705900,HYDROGEL_PACK,10031,6,sell,12510.0,1,passive_market_trade
707900,HYDROGEL_PACK,10022,2,buy,12529.0,3,passive_market_trade
716900,HYDROGEL_PACK,10030,3,buy,12568.0,6,passive_market_trade
719000,HYDROGEL_PACK,10035,5,buy,12628.0,11,passive_market_trade
727700,HYDROGEL_PACK,10039,6,sell,12571.0,5,passive_market_trade
734200,HYDROGEL_PACK,10027,5,sell,12546.0,0,passive_market_trade
737300,HYDROGEL_PACK,10013,4,sell,12574.0,-4,passive_market_trade
739000,HYDROGEL_PACK,9998,4,buy,12606.0,0,passive_market_trade
740000,HYDROGEL_PACK,10003,4,buy,12630.0,4,passive_market_trade
743500,HYDROGEL_PACK,10005,5,buy,12668.0,9,passive_market_trade
749400,HYDROGEL_PACK,10015,5,sell,12676.0,4,passive_market_trade
750200,HYDROGEL_PACK,10004,3,sell,12658.5,1,passive_market_trade
752100,HYDROGEL_PACK,10010,6,sell,12696.0,-5,passive_market_trade
752500,HYDROGEL_PACK,9998,5,buy,12726.0,0,passive_market_trade
753400,HYDROGEL_PACK,10006,4,sell,12750.0,-4,passive_market_trade
755000,HYDROGEL_PACK,10003,4,buy,12738.0,0,passive_market_trade
759500,HYDROGEL_PACK,10018,2,buy,12750.0,2,passive_market_trade
766500,HYDROGEL_PACK,10041,4,buy,12820.0,6,passive_market_trade
767700,HYDROGEL_PACK,10042,6,sell,12790.0,0,passive_market_trade
771300,HYDROGEL_PACK,10049,4,sell,12814.0,-4,passive_market_trade
775300,HYDROGEL_PACK,10030,4,buy,12866.0,0,passive_market_trade
780000,HYDROGEL_PACK,10034,2,sell,12880.0,-2,passive_market_trade
784000,HYDROGEL_PACK,10015,6,buy,12932.0,4,passive_market_trade
787400,HYDROGEL_PACK,10014,5,buy,12954.0,9,passive_market_trade
795400,HYDROGEL_PACK,9979,6,buy,12690.0,15,passive_market_trade
802700,HYDROGEL_PACK,10013,4,sell,13018.0,11,passive_market_trade
804500,HYDROGEL_PACK,10018,5,sell,13114.0,6,passive_market_trade
812700,HYDROGEL_PACK,10006,3,buy,13141.0,9,passive_market_trade
818600,HYDROGEL_PACK,10038,3,sell,13324.0,6,passive_market_trade
824000,HYDROGEL_PACK,10029,4,buy,13372.0,10,passive_market_trade
827000,HYDROGEL_PACK,10026,5,buy,13372.0,15,passive_market_trade
830600,HYDROGEL_PACK,10026,3,buy,13390.0,18,passive_market_trade
834000,HYDROGEL_PACK,10019,4,buy,13288.0,22,passive_market_trade
842800,HYDROGEL_PACK,10010,6,buy,13126.0,28,passive_market_trade
843300,HYDROGEL_PACK,10025,3,sell,13203.0,25,passive_market_trade
849400,HYDROGEL_PACK,9998,6,buy,12889.0,31,passive_market_trade
855100,HYDROGEL_PACK,10016,4,sell,13099.0,27,passive_market_trade
861200,HYDROGEL_PACK,10020,2,sell,13194.0,25,passive_market_trade
863300,HYDROGEL_PACK,9992,5,buy,12849.0,30,passive_market_trade
864200,HYDROGEL_PACK,9992,3,buy,12867.0,33,passive_market_trade
866200,HYDROGEL_PACK,9998,3,sell,12657.0,30,passive_market_trade
866800,HYDROGEL_PACK,10001,3,sell,12768.0,27,passive_market_trade
866900,HYDROGEL_PACK,10000,2,sell,12755.0,25,passive_market_trade
870100,HYDROGEL_PACK,10000,2,sell,12769.0,23,passive_market_trade
870400,HYDROGEL_PACK,9997,4,sell,12747.0,19,passive_market_trade
890200,HYDROGEL_PACK,9993,5,sell,12687.0,14,passive_market_trade
894900,HYDROGEL_PACK,9992,2,sell,12735.0,12,passive_market_trade
901400,HYDROGEL_PACK,10004,13,sell,12907.0,-1,active_cross
902000,HYDROGEL_PACK,10006,11,sell,12817.0,-12,active_cross
902500,HYDROGEL_PACK,10017,5,sell,12883.0,-17,passive_market_trade
903600,HYDROGEL_PACK,10000,4,buy,12979.0,-13,passive_market_trade
913200,HYDROGEL_PACK,9993,2,buy,13084.0,-11,passive_market_trade
921800,HYDROGEL_PACK,10009,3,sell,13069.0,-14,passive_market_trade
923800,HYDROGEL_PACK,10004,6,sell,13105.0,-20,passive_market_trade
927700,HYDROGEL_PACK,9984,4,buy,13359.0,-16,passive_market_trade
928800,HYDROGEL_PACK,9979,6,buy,13475.0,-10,passive_market_trade
929600,HYDROGEL_PACK,9989,6,buy,13411.0,-4,passive_market_trade
933200,HYDROGEL_PACK,10007,10,sell,13251.0,-14,active_cross
934700,HYDROGEL_PACK,10009,6,sell,13175.0,-20,active_cross
935400,HYDROGEL_PACK,10019,3,buy,13033.0,-17,passive_market_trade
940500,HYDROGEL_PACK,10004,2,buy,13285.0,-15,passive_market_trade
941900,HYDROGEL_PACK,10008,2,buy,13297.5,-13,passive_market_trade
944300,HYDROGEL_PACK,9990,5,buy,13516.0,-8,passive_market_trade
947900,HYDROGEL_PACK,9985,6,buy,13592.0,-2,passive_market_trade
949800,HYDROGEL_PACK,9980,6,buy,13638.0,4,passive_market_trade
958400,HYDROGEL_PACK,9994,4,buy,13726.0,8,passive_market_trade
961700,HYDROGEL_PACK,9992,5,buy,13732.0,13,passive_market_trade
965500,HYDROGEL_PACK,10000,6,buy,13872.0,19,passive_market_trade
967500,HYDROGEL_PACK,10021,4,sell,14052.0,15,passive_market_trade
968600,HYDROGEL_PACK,10013,5,sell,13977.0,10,passive_market_trade
970300,HYDROGEL_PACK,10004,3,sell,13905.0,7,passive_market_trade
976800,HYDROGEL_PACK,10004,2,sell,13912.0,5,passive_market_trade
978600,HYDROGEL_PACK,9996,3,sell,13895.0,2,passive_market_trade
978700,HYDROGEL_PACK,9998,2,sell,13911.0,0,passive_market_trade
982000,HYDROGEL_PACK,10001,2,sell,13923.0,-2,passive_market_trade
983700,HYDROGEL_PACK,10003,2,sell,13931.0,-4,passive_market_trade
984200,HYDROGEL_PACK,10007,3,sell,13933.0,-7,passive_market_trade
984700,HYDROGEL_PACK,9985,5,buy,14031.0,-2,passive_market_trade
992000,HYDROGEL_PACK,10014,11,sell,13883.0,-13,active_cross
992200,HYDROGEL_PACK,10027,4,sell,13920.0,-17,passive_market_trade
992300,HYDROGEL_PACK,10013,11,sell,13832.0,-28,active_cross
992700,HYDROGEL_PACK,10011,6,sell,13840.0,-34,active_cross
993200,HYDROGEL_PACK,10022,5,sell,13796.5,-39,passive_market_trade
994800,HYDROGEL_PACK,10012,4,buy,13883.0,-35,passive_market_trade
996500,HYDROGEL_PACK,10012,2,buy,13930.0,-33,passive_market_trade
4400,HYDROGEL_PACK,10027,5,sell,13899.0,-38,passive_market_trade
4500,HYDROGEL_PACK,10012,3,buy,13993.0,-35,passive_market_trade
8100,HYDROGEL_PACK,10010,5,buy,14093.0,-30,passive_market_trade
18700,HYDROGEL_PACK,10006,2,buy,14225.0,-28,passive_market_trade
19500,HYDROGEL_PACK,10018,2,sell,14267.0,-30,passive_market_trade
22300,HYDROGEL_PACK,10035,4,sell,13751.0,-34,passive_market_trade
22500,HYDROGEL_PACK,10040,4,sell,13643.0,-38,passive_market_trade
23900,HYDROGEL_PACK,10023,2,buy,13771.0,-36,passive_market_trade
24500,HYDROGEL_PACK,10028,5,buy,13657.0,-31,passive_market_trade
25600,HYDROGEL_PACK,10028,3,buy,13675.0,-28,passive_market_trade
31300,HYDROGEL_PACK,10033,3,buy,13528.0,-25,passive_market_trade
33900,HYDROGEL_PACK,10030,3,buy,13646.0,-22,passive_market_trade
35100,HYDROGEL_PACK,10025,2,buy,13748.0,-20,passive_market_trade
35500,HYDROGEL_PACK,10026,5,buy,13778.0,-15,passive_market_trade
37100,HYDROGEL_PACK,10017,3,buy,13931.0,-12,passive_market_trade
38400,HYDROGEL_PACK,10018,4,buy,13943.0,-8,passive_market_trade
38600,HYDROGEL_PACK,10016,5,buy,13989.0,-3,passive_market_trade
53100,HYDROGEL_PACK,10035,9,sell,13848.0,-12,active_cross
56200,HYDROGEL_PACK,10039,6,buy,13866.0,-6,passive_market_trade
61300,HYDROGEL_PACK,10064,6,sell,13824.0,-12,passive_market_trade
64800,HYDROGEL_PACK,10056,2,buy,13818.0,-10,passive_market_trade
69000,HYDROGEL_PACK,10038,4,buy,13992.0,-6,passive_market_trade
79900,HYDROGEL_PACK,10049,6,sell,14046.0,-12,passive_market_trade
83500,HYDROGEL_PACK,10053,5,sell,14016.0,-17,passive_market_trade
84900,HYDROGEL_PACK,10041,5,buy,14034.0,-12,passive_market_trade
87100,HYDROGEL_PACK,10036,4,buy,14130.0,-8,passive_market_trade
95200,HYDROGEL_PACK,10041,5,sell,14216.0,-13,passive_market_trade
100500,HYDROGEL_PACK,10012,6,buy,14473.0,-7,passive_market_trade
100600,HYDROGEL_PACK,10028,14,buy,14347.0,7,active_cross
108400,HYDROGEL_PACK,10027,5,buy,14480.0,12,passive_market_trade
110200,HYDROGEL_PACK,10021,5,buy,14426.0,17,passive_market_trade
112400,HYDROGEL_PACK,10037,4,sell,14505.0,13,passive_market_trade
118500,HYDROGEL_PACK,10041,5,sell,14600.0,8,passive_market_trade
119900,HYDROGEL_PACK,10024,2,buy,14572.0,10,passive_market_trade
121500,HYDROGEL_PACK,10029,4,sell,14520.0,6,passive_market_trade
123700,HYDROGEL_PACK,10012,2,buy,14508.0,8,passive_market_trade
125300,HYDROGEL_PACK,10028,4,sell,14560.0,4,passive_market_trade
128200,HYDROGEL_PACK,10028,2,sell,14574.0,2,passive_market_trade
130700,HYDROGEL_PACK,10025,2,sell,14582.0,0,passive_market_trade
131500,HYDROGEL_PACK,10018,5,sell,14612.0,-5,passive_market_trade
136100,HYDROGEL_PACK,10019,6,buy,14584.0,1,passive_market_trade
138200,HYDROGEL_PACK,10022,2,sell,14587.0,-1,passive_market_trade
142700,HYDROGEL_PACK,10013,6,sell,14631.0,-7,passive_market_trade
148500,HYDROGEL_PACK,10000,3,buy,14650.0,-4,passive_market_trade
150300,HYDROGEL_PACK,9990,3,buy,14714.0,-1,passive_market_trade
150700,HYDROGEL_PACK,9992,3,buy,14730.0,2,passive_market_trade
151400,HYDROGEL_PACK,10014,2,sell,14762.0,0,passive_market_trade
152300,HYDROGEL_PACK,10017,4,sell,14786.0,-4,passive_market_trade
153700,HYDROGEL_PACK,10013,3,buy,14771.0,-1,passive_market_trade
160100,HYDROGEL_PACK,10042,4,sell,14779.0,-5,passive_market_trade
173800,HYDROGEL_PACK,10036,5,sell,14849.0,-10,passive_market_trade
177200,HYDROGEL_PACK,10032,2,buy,14771.0,-8,passive_market_trade
180800,HYDROGEL_PACK,10020,5,buy,14897.0,-3,passive_market_trade
182500,HYDROGEL_PACK,10008,6,buy,14972.0,3,passive_market_trade
183400,HYDROGEL_PACK,10030,4,sell,15024.0,-1,passive_market_trade
189100,HYDROGEL_PACK,9993,2,buy,15061.0,1,passive_market_trade
194700,HYDROGEL_PACK,10008,3,buy,15093.0,4,passive_market_trade
198800,HYDROGEL_PACK,10028,5,sell,15156.0,-1,passive_market_trade
200100,HYDROGEL_PACK,10026,3,sell,15175.0,-4,passive_market_trade
202200,HYDROGEL_PACK,9996,3,buy,15264.0,-1,passive_market_trade
203300,HYDROGEL_PACK,10002,4,buy,15283.0,3,passive_market_trade
203500,HYDROGEL_PACK,10005,3,buy,15310.0,6,passive_market_trade
204800,HYDROGEL_PACK,9995,4,buy,15274.0,10,passive_market_trade
205100,HYDROGEL_PACK,9988,5,buy,15234.0,15,passive_market_trade
205400,HYDROGEL_PACK,10004,4,sell,15307.0,11,passive_market_trade
209200,HYDROGEL_PACK,9974,5,buy,15150.0,16,passive_market_trade
213400,HYDROGEL_PACK,9996,3,buy,15520.0,19,passive_market_trade
217100,HYDROGEL_PACK,10019,3,sell,15803.0,16,passive_market_trade
220600,HYDROGEL_PACK,10014,2,buy,15889.0,18,passive_market_trade
221900,HYDROGEL_PACK,10035,5,sell,16050.0,13,passive_market_trade
222300,HYDROGEL_PACK,10033,2,sell,16049.0,11,passive_market_trade
230300,HYDROGEL_PACK,9974,5,buy,15562.0,16,passive_market_trade
230900,HYDROGEL_PACK,9983,6,sell,15540.0,10,passive_market_trade
231300,HYDROGEL_PACK,9970,3,buy,15558.0,13,passive_market_trade
235900,HYDROGEL_PACK,9994,3,buy,15888.0,16,passive_market_trade
236300,HYDROGEL_PACK,9996,4,buy,15944.0,20,passive_market_trade
240100,HYDROGEL_PACK,10015,2,buy,16336.0,22,passive_market_trade
247000,HYDROGEL_PACK,10037,6,sell,16576.0,16,passive_market_trade
254800,HYDROGEL_PACK,10033,4,buy,16744.0,20,passive_market_trade
254900,HYDROGEL_PACK,10038,3,buy,16770.0,23,passive_market_trade
256400,HYDROGEL_PACK,10034,4,buy,16794.0,27,passive_market_trade
258200,HYDROGEL_PACK,10012,3,buy,16218.0,30,passive_market_trade
259200,HYDROGEL_PACK,10022,4,sell,16156.0,26,passive_market_trade
261600,HYDROGEL_PACK,9997,6,buy,15880.0,32,passive_market_trade
262100,HYDROGEL_PACK,10010,6,sell,15922.0,26,passive_market_trade
266300,HYDROGEL_PACK,10000,2,sell,15772.0,24,passive_market_trade
268800,HYDROGEL_PACK,10003,2,sell,15784.0,22,passive_market_trade
276600,HYDROGEL_PACK,10003,6,buy,16084.0,28,passive_market_trade
277800,HYDROGEL_PACK,9992,6,buy,15812.0,34,passive_market_trade
281900,HYDROGEL_PACK,10019,2,sell,16302.0,32,passive_market_trade
296200,HYDROGEL_PACK,10031,6,sell,16754.0,26,passive_market_trade
306100,HYDROGEL_PACK,10000,4,buy,16314.0,30,passive_market_trade
310600,HYDROGEL_PACK,9995,5,sell,15804.0,25,passive_market_trade
312000,HYDROGEL_PACK,9980,3,buy,15747.0,28,passive_market_trade
312800,HYDROGEL_PACK,9976,5,buy,15665.0,33,passive_market_trade
314800,HYDROGEL_PACK,9994,2,sell,15844.0,31,passive_market_trade
321900,HYDROGEL_PACK,9978,2,sell,15362.0,29,passive_market_trade
323600,HYDROGEL_PACK,9967,2,buy,15432.0,31,passive_market_trade
329600,HYDROGEL_PACK,9999,2,sell,16035.0,29,passive_market_trade
332700,HYDROGEL_PACK,9988,5,buy,16123.0,34,passive_market_trade
334800,HYDROGEL_PACK,9999,6,sell,16097.0,28,passive_market_trade
338500,HYDROGEL_PACK,10015,9,sell,16893.0,19,active_cross
338900,HYDROGEL_PACK,10016,6,sell,16864.0,13,active_cross
344800,HYDROGEL_PACK,10039,6,sell,17017.0,7,passive_market_trade
347100,HYDROGEL_PACK,10044,5,sell,17080.0,2,passive_market_trade
349700,HYDROGEL_PACK,10038,2,sell,17082.0,0,passive_market_trade
358100,HYDROGEL_PACK,10041,3,sell,17100.0,-3,passive_market_trade
360100,HYDROGEL_PACK,10023,3,buy,17136.0,0,passive_market_trade
361700,HYDROGEL_PACK,10035,2,sell,17150.0,-2,passive_market_trade
363700,HYDROGEL_PACK,10032,3,sell,17172.0,-5,passive_market_trade
368900,HYDROGEL_PACK,10028,5,buy,17162.0,0,passive_market_trade
370200,HYDROGEL_PACK,10030,4,buy,17186.0,4,passive_market_trade
370900,HYDROGEL_PACK,10032,3,buy,17212.0,7,passive_market_trade
377800,HYDROGEL_PACK,10036,5,buy,17276.0,12,passive_market_trade
380200,HYDROGEL_PACK,10033,6,sell,17120.0,6,passive_market_trade
386400,HYDROGEL_PACK,10008,5,buy,17078.0,11,passive_market_trade
389200,HYDROGEL_PACK,10008,2,buy,17090.0,13,passive_market_trade
390200,HYDROGEL_PACK,9998,2,buy,16972.0,15,passive_market_trade
391200,HYDROGEL_PACK,10005,2,buy,17089.0,17,passive_market_trade
391700,HYDROGEL_PACK,10025,4,sell,17236.0,13,passive_market_trade
394800,HYDROGEL_PACK,10009,6,buy,17233.0,19,passive_market_trade
395500,HYDROGEL_PACK,10030,3,sell,17406.0,16,passive_market_trade
396500,HYDROGEL_PACK,10016,5,sell,17277.5,11,passive_market_trade
397000,HYDROGEL_PACK,10025,2,sell,17339.0,9,passive_market_trade
397100,HYDROGEL_PACK,10026,5,sell,17378.0,4,passive_market_trade
400200,HYDROGEL_PACK,10022,3,sell,17379.0,1,passive_market_trade
404300,HYDROGEL_PACK,9995,6,buy,17401.0,7,passive_market_trade
417100,HYDROGEL_PACK,10012,4,sell,17457.0,3,passive_market_trade
424000,HYDROGEL_PACK,10038,4,sell,17563.0,-1,passive_market_trade
434400,HYDROGEL_PACK,10032,4,sell,17597.0,-5,passive_market_trade
439100,HYDROGEL_PACK,10049,3,sell,17525.0,-8,passive_market_trade
446100,HYDROGEL_PACK,10052,2,sell,17473.0,-10,passive_market_trade
451300,HYDROGEL_PACK,10051,6,sell,17559.0,-16,passive_market_trade
453000,HYDROGEL_PACK,10048,4,buy,17439.0,-12,passive_market_trade
459700,HYDROGEL_PACK,10074,4,buy,17143.0,-8,passive_market_trade
461400,HYDROGEL_PACK,10078,4,sell,17245.0,-12,passive_market_trade
465000,HYDROGEL_PACK,10052,6,buy,17437.0,-6,passive_market_trade
466400,HYDROGEL_PACK,10051,3,buy,17464.0,-3,passive_market_trade
466900,HYDROGEL_PACK,10051,5,buy,17497.0,2,passive_market_trade
473400,HYDROGEL_PACK,10060,6,sell,17531.0,-4,passive_market_trade
474600,HYDROGEL_PACK,10042,4,buy,17575.0,0,passive_market_trade
476800,HYDROGEL_PACK,10031,2,buy,17587.0,2,passive_market_trade
476900,HYDROGEL_PACK,10030,4,buy,17609.0,6,passive_market_trade
480200,HYDROGEL_PACK,10039,3,sell,17606.0,3,passive_market_trade
481200,HYDROGEL_PACK,10022,4,buy,17618.0,7,passive_market_trade
486800,HYDROGEL_PACK,10058,4,sell,17807.0,3,passive_market_trade
490700,HYDROGEL_PACK,10055,4,sell,17825.0,-1,passive_market_trade
495400,HYDROGEL_PACK,10050,4,sell,17854.0,-5,passive_market_trade
497600,HYDROGEL_PACK,10035,5,buy,17899.0,0,passive_market_trade
498100,HYDROGEL_PACK,10039,5,buy,17929.0,5,passive_market_trade
499800,HYDROGEL_PACK,10034,2,buy,17916.0,7,passive_market_trade
503300,HYDROGEL_PACK,10035,2,buy,17935.0,9,passive_market_trade
504500,HYDROGEL_PACK,10053,6,sell,18022.0,3,passive_market_trade
511400,HYDROGEL_PACK,10040,6,buy,18058.0,9,passive_market_trade
516400,HYDROGEL_PACK,10050,3,sell,18052.0,6,passive_market_trade
517800,HYDROGEL_PACK,10060,6,sell,18154.0,0,passive_market_trade
519500,HYDROGEL_PACK,10053,2,buy,18168.0,2,passive_market_trade
519700,HYDROGEL_PACK,10055,6,buy,18206.0,8,passive_market_trade
520000,HYDROGEL_PACK,10051,11,sell,18102.0,-3,active_cross
523400,HYDROGEL_PACK,10036,14,buy,18083.0,11,active_cross
525400,HYDROGEL_PACK,10033,11,buy,17962.0,22,active_cross
527400,HYDROGEL_PACK,10043,3,sell,18244.0,19,passive_market_trade
531800,HYDROGEL_PACK,10050,3,sell,18395.0,16,passive_market_trade
533800,HYDROGEL_PACK,10027,5,sell,18057.0,11,passive_market_trade
540300,HYDROGEL_PACK,10008,4,sell,17865.0,7,passive_market_trade
542500,HYDROGEL_PACK,9997,3,buy,17897.0,10,passive_market_trade
544900,HYDROGEL_PACK,10002,6,buy,17983.0,16,passive_market_trade
555500,HYDROGEL_PACK,10004,5,sell,17853.0,11,passive_market_trade
565700,HYDROGEL_PACK,10000,4,sell,17826.0,7,passive_market_trade
578500,HYDROGEL_PACK,9980,2,buy,17789.0,9,passive_market_trade
590000,HYDROGEL_PACK,10017,4,sell,18033.0,5,passive_market_trade
591200,HYDROGEL_PACK,10015,5,sell,18058.0,0,passive_market_trade
604800,HYDROGEL_PACK,9999,5,buy,18093.0,5,passive_market_trade
607100,HYDROGEL_PACK,10000,3,buy,18111.0,8,passive_market_trade
607900,HYDROGEL_PACK,10008,3,sell,18092.0,5,passive_market_trade
610300,HYDROGEL_PACK,10020,5,sell,18187.0,0,passive_market_trade
615400,HYDROGEL_PACK,10013,3,sell,18205.0,-3,passive_market_trade
618500,HYDROGEL_PACK,10008,2,buy,18195.0,-1,passive_market_trade
621500,HYDROGEL_PACK,10018,6,sell,18234.0,-7,passive_market_trade
624000,HYDROGEL_PACK,10011,5,sell,18313.0,-12,passive_market_trade
630900,HYDROGEL_PACK,9976,2,buy,18601.0,-10,passive_market_trade
642300,HYDROGEL_PACK,9984,5,sell,18686.0,-15,passive_market_trade
644900,HYDROGEL_PACK,9994,4,sell,18545.0,-19,passive_market_trade
647400,HYDROGEL_PACK,9999,4,sell,18474.0,-23,passive_market_trade
647700,HYDROGEL_PACK,9983,3,buy,18584.0,-20,passive_market_trade
651100,HYDROGEL_PACK,9994,2,sell,18616.0,-22,passive_market_trade
653000,HYDROGEL_PACK,9976,2,sell,19024.0,-24,passive_market_trade
658900,HYDROGEL_PACK,9964,6,sell,19348.0,-30,passive_market_trade
660300,HYDROGEL_PACK,9958,4,sell,19552.0,-34,passive_market_trade
661800,HYDROGEL_PACK,9961,9,buy,19433.5,-25,active_cross
662300,HYDROGEL_PACK,9959,6,sell,19482.0,-31,passive_market_trade
664700,HYDROGEL_PACK,9967,4,sell,19258.0,-35,passive_market_trade
668700,HYDROGEL_PACK,9957,3,sell,19626.0,-38,passive_market_trade
670700,HYDROGEL_PACK,9967,3,sell,19264.0,-41,passive_market_trade
672400,HYDROGEL_PACK,9948,3,buy,19569.0,-38,passive_market_trade
672800,HYDROGEL_PACK,9942,6,buy,19801.0,-32,passive_market_trade
680400,HYDROGEL_PACK,9965,3,sell,19534.0,-35,passive_market_trade
680500,HYDROGEL_PACK,9963,2,sell,19581.0,-37,passive_market_trade
684800,HYDROGEL_PACK,9953,4,buy,19498.0,-33,passive_market_trade
685500,HYDROGEL_PACK,9942,3,buy,19912.0,-30,passive_market_trade
688400,HYDROGEL_PACK,9948,6,buy,19768.0,-24,passive_market_trade
692900,HYDROGEL_PACK,9947,2,buy,19782.0,-22,passive_market_trade
698600,HYDROGEL_PACK,9960,2,buy,19610.0,-20,passive_market_trade
699400,HYDROGEL_PACK,9964,4,buy,19474.0,-16,passive_market_trade
713700,HYDROGEL_PACK,9969,3,sell,19623.0,-19,passive_market_trade
714200,HYDROGEL_PACK,9971,4,sell,19590.0,-23,passive_market_trade
719500,HYDROGEL_PACK,9942,6,buy,20000.0,-17,passive_market_trade
727700,HYDROGEL_PACK,9963,4,sell,19909.0,-21,passive_market_trade
728400,HYDROGEL_PACK,9958,2,sell,20005.0,-23,passive_market_trade
730900,HYDROGEL_PACK,9958,6,sell,20026.5,-29,passive_market_trade
733000,HYDROGEL_PACK,9946,4,buy,20040.0,-25,passive_market_trade
733100,HYDROGEL_PACK,9947,3,buy,20058.0,-22,passive_market_trade
736500,HYDROGEL_PACK,9944,5,buy,20137.0,-17,passive_market_trade
741600,HYDROGEL_PACK,9948,2,buy,20098.0,-15,passive_market_trade
741800,HYDROGEL_PACK,9947,6,buy,20149.0,-9,passive_market_trade
747600,HYDROGEL_PACK,9956,3,buy,20080.0,-6,passive_market_trade
749500,HYDROGEL_PACK,9960,11,sell,19962.0,-17,active_cross
750600,HYDROGEL_PACK,9961,6,sell,19897.0,-23,active_cross
759800,HYDROGEL_PACK,9978,6,sell,19864.0,-29,passive_market_trade
776400,HYDROGEL_PACK,9968,6,buy,19819.0,-23,passive_market_trade
783800,HYDROGEL_PACK,9967,5,buy,19967.0,-18,passive_market_trade
789500,HYDROGEL_PACK,9954,2,buy,20125.0,-16,passive_market_trade
791400,HYDROGEL_PACK,9950,5,buy,20235.0,-11,passive_market_trade
793200,HYDROGEL_PACK,9949,6,buy,20277.0,-5,passive_market_trade
795000,HYDROGEL_PACK,9962,4,buy,20241.0,-1,passive_market_trade
797600,HYDROGEL_PACK,9954,2,sell,20276.0,-3,passive_market_trade
801700,HYDROGEL_PACK,9981,2,sell,20204.0,-5,passive_market_trade
802100,HYDROGEL_PACK,9982,6,sell,20235.0,-11,passive_market_trade
804700,HYDROGEL_PACK,9957,4,buy,20395.0,-7,passive_market_trade
805800,HYDROGEL_PACK,9961,3,buy,20392.0,-4,passive_market_trade
812800,HYDROGEL_PACK,9957,2,buy,20420.0,-2,passive_market_trade
813500,HYDROGEL_PACK,9953,6,buy,20464.0,4,passive_market_trade
816300,HYDROGEL_PACK,9971,2,sell,20498.0,2,passive_market_trade
816700,HYDROGEL_PACK,9961,6,sell,20516.0,-4,passive_market_trade
828300,HYDROGEL_PACK,9975,5,buy,20443.0,1,passive_market_trade
837800,HYDROGEL_PACK,10013,6,buy,20516.0,7,passive_market_trade
838300,HYDROGEL_PACK,10018,6,buy,20587.0,13,passive_market_trade
847100,HYDROGEL_PACK,10009,2,buy,20497.0,15,passive_market_trade
858600,HYDROGEL_PACK,10021,3,sell,20488.0,12,passive_market_trade
866600,HYDROGEL_PACK,10012,5,buy,20566.0,17,passive_market_trade
868700,HYDROGEL_PACK,10005,3,buy,20465.0,20,passive_market_trade
869600,HYDROGEL_PACK,10009,6,buy,20594.0,26,passive_market_trade
872200,HYDROGEL_PACK,10016,3,sell,20446.0,23,passive_market_trade
875200,HYDROGEL_PACK,9996,5,sell,20039.0,18,passive_market_trade
879700,HYDROGEL_PACK,9983,5,sell,19835.0,13,passive_market_trade
880600,HYDROGEL_PACK,9965,3,buy,19775.0,16,passive_market_trade
882400,HYDROGEL_PACK,9961,5,buy,19741.0,21,passive_market_trade
891600,HYDROGEL_PACK,9941,5,sell,19099.0,16,passive_market_trade
896900,HYDROGEL_PACK,9941,3,sell,19117.0,13,passive_market_trade
904700,HYDROGEL_PACK,9947,4,sell,19219.0,9,passive_market_trade
907300,HYDROGEL_PACK,9954,4,sell,19306.0,5,passive_market_trade
910900,HYDROGEL_PACK,9938,6,sell,19262.0,-1,passive_market_trade
911700,HYDROGEL_PACK,9936,3,sell,19280.0,-4,passive_market_trade
912400,HYDROGEL_PACK,9920,3,buy,19315.0,-1,passive_market_trade
913900,HYDROGEL_PACK,9941,14,buy,19197.0,13,active_cross
914200,HYDROGEL_PACK,9942,12,buy,19114.0,25,active_cross
914800,HYDROGEL_PACK,9942,9,buy,19042.0,34,active_cross
918200,HYDROGEL_PACK,9948,2,sell,19310.0,32,passive_market_trade
922400,HYDROGEL_PACK,9940,2,sell,19052.0,30,passive_market_trade
927000,HYDROGEL_PACK,9940,2,sell,19094.0,28,passive_market_trade
928000,HYDROGEL_PACK,9933,4,buy,19258.0,32,passive_market_trade
931000,HYDROGEL_PACK,9952,2,sell,19464.0,30,passive_market_trade
933300,HYDROGEL_PACK,9957,4,sell,19668.0,26,passive_market_trade
935300,HYDROGEL_PACK,9969,3,sell,19998.0,23,passive_market_trade
950100,HYDROGEL_PACK,9999,6,sell,20724.0,17,passive_market_trade
951200,HYDROGEL_PACK,9985,5,buy,20720.0,22,passive_market_trade
955600,HYDROGEL_PACK,9975,4,buy,20524.0,26,passive_market_trade
960300,HYDROGEL_PACK,9977,3,sell,20259.0,23,passive_market_trade
963600,HYDROGEL_PACK,9981,5,sell,20386.0,18,passive_market_trade
965600,HYDROGEL_PACK,9956,5,buy,20200.0,23,passive_market_trade
966700,HYDROGEL_PACK,9949,5,buy,20069.0,28,passive_market_trade
967300,HYDROGEL_PACK,9955,3,buy,20255.0,31,passive_market_trade
972100,HYDROGEL_PACK,9968,2,buy,20670.0,33,passive_market_trade
975300,HYDROGEL_PACK,9998,4,sell,21259.0,29,passive_market_trade
977400,HYDROGEL_PACK,9974,5,buy,20970.0,34,passive_market_trade
980200,HYDROGEL_PACK,9959,3,buy,20478.0,37,passive_market_trade
980900,HYDROGEL_PACK,9973,2,sell,20529.0,35,passive_market_trade
986200,HYDROGEL_PACK,9972,3,sell,20515.0,32,passive_market_trade
989800,HYDROGEL_PACK,9991,5,sell,21185.0,27,passive_market_trade
992400,HYDROGEL_PACK,10006,4,sell,21614.0,23,passive_market_trade
