session_id,total_pnl,ash_coated_osmium_pnl,intarian_pepper_root_pnl,ash_coated_osmium_position,intarian_pepper_root_position,ash_coated_osmium_cash,intarian_pepper_root_cash,total_slope_per_step,total_r2,ash_coated_osmium_slope_per_step,ash_coated_osmium_r2,intarian_pepper_root_slope_per_step,intarian_pepper_root_r2
0,81044.0,0.0,81044.0,0,80,0.0,-958956.0,8.200952813059864,0.33247226112957373,0.0,0.0,8.200952813059864,0.33247226112957373
1,82316.0,0.0,82316.0,0,80,0.0,-957684.0,8.56171249230421,0.22880687460797206,0.0,0.0,8.56171249230421,0.22880687460797206
2,80135.85714285704,0.0,80135.85714285704,0,80,0.0,-799727.0,8.358347383787072,0.22040061735022878,0.0,0.0,8.358347383787072,0.22040061735022878
3,81304.28571428568,0.0,81304.28571428568,0,80,0.0,-878810.0,8.15408971397965,0.3299432574433711,0.0,0.0,8.15408971397965,0.3299432574433711
4,80619.85714285704,0.0,80619.85714285704,0,80,0.0,-799243.0,8.181011763632037,0.2811411538372112,0.0,0.0,8.181011763632037,0.2811411538372112
5,81560.85714285704,0.0,81560.85714285704,0,80,0.0,-798302.0,8.31277704492567,0.2875757154485439,0.0,0.0,8.31277704492567,0.2875757154485439
6,81915.28571428568,0.0,81915.28571428568,0,80,0.0,-878199.0,8.457053017845253,0.22446765672905813,0.0,0.0,8.457053017845253,0.22446765672905813
7,80791.0,0.0,80791.0,0,80,0.0,-959209.0,8.219432983941747,0.2830366148789812,0.0,0.0,8.219432983941747,0.2830366148789812
8,82385.85714285704,0.0,82385.85714285704,0,80,0.0,-797477.0,8.36771372667783,0.34146913535084905,0.0,0.0,8.36771372667783,0.34146913535084905
9,81112.28571428568,0.0,81112.28571428568,0,80,0.0,-879002.0,8.20479231887393,0.3326888133955778,0.0,0.0,8.20479231887393,0.3326888133955778
10,82737.85714285704,0.0,82737.85714285704,0,80,0.0,-797125.0,8.633807473880452,0.23177182770729363,0.0,0.0,8.633807473880452,0.23177182770729363
11,81836.0,0.0,81836.0,0,80,0.0,-958164.0,8.498755363220114,0.22619524424361012,0.0,0.0,8.498755363220114,0.22619524424361012
12,81008.0,0.0,81008.0,0,80,0.0,-958992.0,8.188873494302785,0.3317830463950443,0.0,0.0,8.188873494302785,0.3317830463950443
13,81221.0,0.0,81221.0,0,80,0.0,-958779.0,8.251181643986577,0.28458881295162114,0.0,0.0,8.251181643986577,0.28458881295162114
14,81289.28571428568,0.0,81289.28571428568,0,80,0.0,-878825.0,8.222942613221408,0.3336602604217562,0.0,0.0,8.222942613221408,0.3336602604217562
15,81782.0,0.0,81782.0,0,80,0.0,-958218.0,8.497849454680363,0.22615556051867244,0.0,0.0,8.497849454680363,0.22615556051867244
16,81159.28571428568,0.0,81159.28571428568,0,80,0.0,-878955.0,8.290895792741715,0.2865343418331508,0.0,0.0,8.290895792741715,0.2865343418331508
17,82770.28571428568,0.0,82770.28571428568,0,80,0.0,-877344.0,8.373072779053922,0.29056795460156304,0.0,0.0,8.373072779053922,0.29056795460156304
18,82087.85714285704,0.0,82087.85714285704,0,80,0.0,-797775.0,8.530145018171753,0.2275152927268547,0.0,0.0,8.530145018171753,0.2275152927268547
19,81464.85714285704,0.0,81464.85714285704,0,80,0.0,-798398.0,8.270612185798958,0.2855040233310222,0.0,0.0,8.270612185798958,0.2855040233310222
20,81425.0,0.0,81425.0,0,80,0.0,-958575.0,8.227403379771378,0.28340444166533296,0.0,0.0,8.227403379771378,0.28340444166533296
21,82004.28571428568,0.0,82004.28571428568,0,80,0.0,-878110.0,8.468869649164649,0.22495462791772067,0.0,0.0,8.468869649164649,0.22495462791772067
22,81890.85714285704,0.0,81890.85714285704,0,80,0.0,-797972.0,8.22948531265682,0.28344523136019434,0.0,0.0,8.22948531265682,0.28344523136019434
23,81594.28571428568,0.0,81594.28571428568,0,80,0.0,-878520.0,8.533259538321317,0.22764328315395888,0.0,0.0,8.533259538321317,0.22764328315395888
24,82407.28571428568,0.0,82407.28571428568,0,80,0.0,-877707.0,8.390610323934327,0.3426645336739752,0.0,0.0,8.390610323934327,0.3426645336739752
25,81213.85714285704,0.0,81213.85714285704,0,80,0.0,-798649.0,8.179765969834815,0.3313213078029796,0.0,0.0,8.179765969834815,0.3313213078029796
26,81647.28571428568,0.0,81647.28571428568,0,80,0.0,-878467.0,8.219865060818039,0.28303912170735934,0.0,0.0,8.219865060818039,0.28303912170735934
27,81188.28571428568,0.0,81188.28571428568,0,80,0.0,-878926.0,8.166866839259223,0.33065365023172805,0.0,0.0,8.166866839259223,0.33065365023172805
28,81772.85714285704,0.0,81772.85714285704,0,80,0.0,-798090.0,8.30381717060675,0.2871440704975761,0.0,0.0,8.30381717060675,0.2871440704975761
29,80573.0,0.0,80573.0,0,80,0.0,-959427.0,8.222277382780366,0.28315658805369837,0.0,0.0,8.222277382780366,0.28315658805369837
30,82121.0,0.0,82121.0,0,80,0.0,-957879.0,8.336884306426661,0.2888036066128417,0.0,0.0,8.336884306426661,0.2888036066128417
31,80851.0,0.0,80851.0,0,80,0.0,-959149.0,8.212965522278644,0.2826768207545439,0.0,0.0,8.212965522278644,0.2826768207545439
32,80322.85714285704,0.0,80322.85714285704,0,80,0.0,-799540.0,8.147930590939515,0.2795037482918092,0.0,0.0,8.147930590939515,0.2795037482918092
33,80943.85714285704,0.0,80943.85714285704,0,80,0.0,-798919.0,8.405292556890505,0.2233977381034002,0.0,0.0,8.405292556890505,0.2233977381034002
34,80690.28571428568,0.0,80690.28571428568,0,80,0.0,-879424.0,8.181779552473234,0.281157453503129,0.0,0.0,8.181779552473234,0.281157453503129
35,81362.28571428568,0.0,81362.28571428568,0,80,0.0,-878752.0,8.304033899755717,0.28718780359051016,0.0,0.0,8.304033899755717,0.28718780359051016
36,82037.85714285704,0.0,82037.85714285704,0,80,0.0,-797825.0,8.554272111055027,0.2285080884120253,0.0,0.0,8.554272111055027,0.2285080884120253
37,80733.28571428568,0.0,80733.28571428568,0,80,0.0,-879381.0,8.126968864644207,0.32846302683425294,0.0,0.0,8.126968864644207,0.32846302683425294
38,83353.85714285704,0.0,83353.85714285704,0,80,0.0,-796509.0,8.491330795035813,0.2963983552020236,0.0,0.0,8.491330795035813,0.2963983552020236
39,81634.0,0.0,81634.0,0,80,0.0,-958366.0,8.31654819797233,0.28780282110368827,0.0,0.0,8.31654819797233,0.28780282110368827
40,80804.28571428568,0.0,80804.28571428568,0,80,0.0,-879310.0,8.222702339914282,0.28316044132982293,0.0,0.0,8.222702339914282,0.28316044132982293
41,81094.0,0.0,81094.0,0,80,0.0,-958906.0,8.40931842298423,0.22249197988637467,0.0,0.0,8.40931842298423,0.22249197988637467
42,81261.0,0.0,81261.0,0,80,0.0,-958739.0,8.250799465525198,0.2845595189666148,0.0,0.0,8.250799465525198,0.2845595189666148
43,81820.28571428568,0.0,81820.28571428568,0,80,0.0,-878294.0,8.282159501570913,0.28610465157271664,0.0,0.0,8.282159501570913,0.28610465157271664
44,83390.28571428568,0.0,83390.28571428568,0,80,0.0,-876724.0,8.695326452549393,0.23432545023619608,0.0,0.0,8.695326452549393,0.23432545023619608
45,82070.28571428568,0.0,82070.28571428568,0,80,0.0,-878044.0,8.289001044636063,0.28647503209667535,0.0,0.0,8.289001044636063,0.28647503209667535
46,81379.0,0.0,81379.0,0,80,0.0,-958621.0,8.21738705504511,0.2829092980771928,0.0,0.0,8.21738705504511,0.2829092980771928
47,81437.28571428568,0.0,81437.28571428568,0,80,0.0,-878677.0,8.24546595907273,0.3348632435718864,0.0,0.0,8.24546595907273,0.3348632435718864
48,81251.0,0.0,81251.0,0,80,0.0,-958749.0,8.445579025437803,0.22400755731319377,0.0,0.0,8.445579025437803,0.22400755731319377
49,80636.85714285704,0.0,80636.85714285704,0,80,0.0,-799226.0,8.410301333041119,0.22257526714787068,0.0,0.0,8.410301333041119,0.22257526714787068
50,82501.28571428568,0.0,82501.28571428568,0,80,0.0,-877613.0,8.437482533467255,0.2937670354584006,0.0,0.0,8.437482533467255,0.2937670354584006
51,82710.85714285704,0.0,82710.85714285704,0,80,0.0,-797152.0,8.53332760209095,0.22757678177113644,0.0,0.0,8.53332760209095,0.22757678177113644
52,81025.85714285704,0.0,81025.85714285704,0,80,0.0,-798837.0,8.224721514278993,0.28327841408993265,0.0,0.0,8.224721514278993,0.28327841408993265
53,82252.85714285704,0.0,82252.85714285704,0,80,0.0,-797610.0,8.317303863274235,0.3387361053038805,0.0,0.0,8.317303863274235,0.3387361053038805
54,82059.0,0.0,82059.0,0,80,0.0,-957941.0,8.305547004950212,0.3381155742694805,0.0,0.0,8.305547004950212,0.3381155742694805
55,81524.85714285704,0.0,81524.85714285704,0,80,0.0,-798338.0,8.256607891924821,0.33549455237157827,0.0,0.0,8.256607891924821,0.33549455237157827
56,81206.0,0.0,81206.0,0,80,0.0,-958794.0,8.200831261547352,0.28211582420108433,0.0,0.0,8.200831261547352,0.28211582420108433
57,81916.85714285704,0.0,81916.85714285704,0,80,0.0,-797946.0,8.549539430985357,0.22832000064539876,0.0,0.0,8.549539430985357,0.22832000064539876
58,81160.85714285704,0.0,81160.85714285704,0,80,0.0,-798702.0,8.376844040886862,0.22117433247516616,0.0,0.0,8.376844040886862,0.22117433247516616
59,81154.85714285704,0.0,81154.85714285704,0,80,0.0,-798708.0,8.144695835963391,0.32943363776426515,0.0,0.0,8.144695835963391,0.32943363776426515
60,81035.85714285704,0.0,81035.85714285704,0,80,0.0,-798827.0,8.416813361596608,0.222817809527156,0.0,0.0,8.416813361596608,0.222817809527156
61,81587.85714285704,0.0,81587.85714285704,0,80,0.0,-798275.0,8.29629828174068,0.28682477780351046,0.0,0.0,8.29629828174068,0.28682477780351046
62,82663.28571428568,0.0,82663.28571428568,0,80,0.0,-877451.0,8.506690102619329,0.22648566602797923,0.0,0.0,8.506690102619329,0.22648566602797923
63,83021.0,0.0,83021.0,0,80,0.0,-956979.0,8.545579591480031,0.22808804546396014,0.0,0.0,8.545579591480031,0.22808804546396014
64,79968.85714285704,0.0,79968.85714285704,0,80,0.0,-799894.0,8.335899557118285,0.21950057430255138,0.0,0.0,8.335899557118285,0.21950057430255138
65,82477.85714285704,0.0,82477.85714285704,0,80,0.0,-797385.0,8.31704773644695,0.2878103116730399,0.0,0.0,8.31704773644695,0.2878103116730399
66,82090.0,0.0,82090.0,0,80,0.0,-957910.0,8.506892608616193,0.22652338327773566,0.0,0.0,8.506892608616193,0.22652338327773566
67,81131.28571428568,0.0,81131.28571428568,0,80,0.0,-878983.0,8.163221486103833,0.33043680065268366,0.0,0.0,8.163221486103833,0.33043680065268366
68,81245.0,0.0,81245.0,0,80,0.0,-958755.0,8.463580953640239,0.2247438522781431,0.0,0.0,8.463580953640239,0.2247438522781431
69,82046.0,0.0,82046.0,0,80,0.0,-957954.0,8.262231706963064,0.3357617617238173,0.0,0.0,8.262231706963064,0.3357617617238173
70,82099.0,0.0,82099.0,0,80,0.0,-957901.0,8.242489811996657,0.33470038618120523,0.0,0.0,8.242489811996657,0.33470038618120523
71,80914.0,0.0,80914.0,0,80,0.0,-959086.0,8.46284355479568,0.22471485670977548,0.0,0.0,8.46284355479568,0.22471485670977548
72,82092.28571428568,0.0,82092.28571428568,0,80,0.0,-878022.0,8.494152420557342,0.22602225882239874,0.0,0.0,8.494152420557342,0.22602225882239874
73,83871.85714285704,0.0,83871.85714285704,0,80,0.0,-795991.0,8.695116207098739,0.23429989627021172,0.0,0.0,8.695116207098739,0.23429989627021172
74,81490.85714285704,0.0,81490.85714285704,0,80,0.0,-798372.0,8.463885101761507,0.22475986922752475,0.0,0.0,8.463885101761507,0.22475986922752475
75,80889.28571428568,0.0,80889.28571428568,0,80,0.0,-879225.0,8.423848395668506,0.22312448998441825,0.0,0.0,8.423848395668506,0.22312448998441825
76,80834.28571428568,0.0,80834.28571428568,0,80,0.0,-879280.0,8.185366859094652,0.3316280979255512,0.0,0.0,8.185366859094652,0.3316280979255512
77,81867.85714285704,0.0,81867.85714285704,0,80,0.0,-797995.0,8.510841651904142,0.22665183243198958,0.0,0.0,8.510841651904142,0.22665183243198958
78,81470.0,0.0,81470.0,0,80,0.0,-958530.0,8.22248566308809,0.33362771099913074,0.0,0.0,8.22248566308809,0.33362771099913074
79,80047.0,0.0,80047.0,0,80,0.0,-959953.0,8.338142856783326,0.2196102062931924,0.0,0.0,8.338142856783326,0.2196102062931924
80,80758.85714285704,0.0,80758.85714285704,0,80,0.0,-799104.0,8.187789852189152,0.33173717774521616,0.0,0.0,8.187789852189152,0.33173717774521616
81,81668.28571428568,0.0,81668.28571428568,0,80,0.0,-878446.0,8.503846529257551,0.2263983365304758,0.0,0.0,8.503846529257551,0.2263983365304758
82,82645.85714285704,0.0,82645.85714285704,0,80,0.0,-797217.0,8.372313060937367,0.290520404633686,0.0,0.0,8.372313060937367,0.290520404633686
83,81022.85714285704,0.0,81022.85714285704,0,80,0.0,-798840.0,8.440672724746141,0.2238021237862016,0.0,0.0,8.440672724746141,0.2238021237862016
84,81852.85714285704,0.0,81852.85714285704,0,80,0.0,-798010.0,8.500680287121867,0.22628571764148311,0.0,0.0,8.500680287121867,0.22628571764148311
85,130765.0,0.0,130765.0,0,80,0.0,-909235.0,15.055389310849078,0.4579393133172923,0.0,0.0,15.055389310849078,0.4579393133172923
86,80583.0,0.0,80583.0,0,80,0.0,-959417.0,8.361647895505612,0.22054440500931954,0.0,0.0,8.361647895505612,0.22054440500931954
87,81008.28571428568,0.0,81008.28571428568,0,80,0.0,-879106.0,8.220598627026654,0.3335255364815136,0.0,0.0,8.220598627026654,0.3335255364815136
88,81615.28571428568,0.0,81615.28571428568,0,80,0.0,-878499.0,8.293687869398244,0.286677978249829,0.0,0.0,8.293687869398244,0.286677978249829
89,81711.85714285704,0.0,81711.85714285704,0,80,0.0,-798151.0,8.19211610139785,0.3319767223474717,0.0,0.0,8.19211610139785,0.3319767223474717
90,81329.28571428568,0.0,81329.28571428568,0,80,0.0,-878785.0,8.232528536942262,0.28365475629720116,0.0,0.0,8.232528536942262,0.28365475629720116
91,80917.28571428568,0.0,80917.28571428568,0,80,0.0,-879197.0,8.424584208191098,0.22314258725946717,0.0,0.0,8.424584208191098,0.22314258725946717
92,82297.85714285704,0.0,82297.85714285704,0,80,0.0,-797565.0,8.506834308585722,0.22657140164568534,0.0,0.0,8.506834308585722,0.22657140164568534
93,81678.28571428568,0.0,81678.28571428568,0,80,0.0,-878436.0,8.494518310005793,0.2260242574608417,0.0,0.0,8.494518310005793,0.2260242574608417
94,81444.85714285704,0.0,81444.85714285704,0,80,0.0,-798418.0,8.167752775419459,0.33066770369355714,0.0,0.0,8.167752775419459,0.33066770369355714
95,80949.85714285704,0.0,80949.85714285704,0,80,0.0,-798913.0,8.190748908072107,0.3319052004061335,0.0,0.0,8.190748908072107,0.3319052004061335
96,80261.0,0.0,80261.0,0,80,0.0,-959739.0,8.143796361881844,0.3293790861319618,0.0,0.0,8.143796361881844,0.3293790861319618
97,84240.85714285704,0.0,84240.85714285704,0,80,0.0,-795622.0,8.626523624374686,0.3030623001560059,0.0,0.0,8.626523624374686,0.3030623001560059
98,80450.0,0.0,80450.0,0,80,0.0,-959550.0,8.400381345288078,0.2221595928598813,0.0,0.0,8.400381345288078,0.2221595928598813
99,81920.85714285704,0.0,81920.85714285704,0,80,0.0,-797942.0,8.528570674379317,0.2274043359952517,0.0,0.0,8.528570674379317,0.2274043359952517
100,82832.28571428568,0.0,82832.28571428568,0,80,0.0,-877282.0,8.686960490516455,0.23398612875391833,0.0,0.0,8.686960490516455,0.23398612875391833
101,81717.28571428568,0.0,81717.28571428568,0,80,0.0,-878397.0,8.522472255039895,0.22718326335864414,0.0,0.0,8.522472255039895,0.22718326335864414
102,81415.85714285704,0.0,81415.85714285704,0,80,0.0,-798447.0,8.297832192832466,0.28688473519877117,0.0,0.0,8.297832192832466,0.28688473519877117
103,80830.28571428568,0.0,80830.28571428568,0,80,0.0,-879284.0,8.175482922089424,0.33107976525422117,0.0,0.0,8.175482922089424,0.33107976525422117
104,80823.0,0.0,80823.0,0,80,0.0,-959177.0,8.417342726823762,0.22285091736827337,0.0,0.0,8.417342726823762,0.22285091736827337
105,81425.0,0.0,81425.0,0,80,0.0,-958575.0,8.253977985512172,0.28469958164775233,0.0,0.0,8.253977985512172,0.28469958164775233
106,82337.85714285704,0.0,82337.85714285704,0,80,0.0,-797525.0,8.503276652369667,0.22636582203175823,0.0,0.0,8.503276652369667,0.22636582203175823
107,82738.28571428568,0.0,82738.28571428568,0,80,0.0,-877376.0,8.382429699728329,0.29105342825781,0.0,0.0,8.382429699728329,0.29105342825781
108,80979.28571428568,0.0,80979.28571428568,0,80,0.0,-879135.0,8.25890830860384,0.28495830053647564,0.0,0.0,8.25890830860384,0.28495830053647564
109,81272.85714285704,0.0,81272.85714285704,0,80,0.0,-798590.0,8.257261429162378,0.33551274635213635,0.0,0.0,8.257261429162378,0.33551274635213635
110,80782.0,0.0,80782.0,0,80,0.0,-959218.0,8.181137619625957,0.33140448594508615,0.0,0.0,8.181137619625957,0.33140448594508615
111,81709.28571428568,0.0,81709.28571428568,0,80,0.0,-878405.0,8.515613637036695,0.22686598271835534,0.0,0.0,8.515613637036695,0.22686598271835534
112,80607.0,0.0,80607.0,0,80,0.0,-959393.0,8.386718339880728,0.2215780951785412,0.0,0.0,8.386718339880728,0.2215780951785412
113,81188.85714285704,0.0,81188.85714285704,0,80,0.0,-798674.0,8.416799840430647,0.2228351208994463,0.0,0.0,8.416799840430647,0.2228351208994463
114,81071.85714285704,0.0,81071.85714285704,0,80,0.0,-798791.0,8.213158262042377,0.28271748985674067,0.0,0.0,8.213158262042377,0.28271748985674067
115,81888.28571428568,0.0,81888.28571428568,0,80,0.0,-878226.0,8.575220646684556,0.22935827520182506,0.0,0.0,8.575220646684556,0.22935827520182506
116,80950.85714285704,0.0,80950.85714285704,0,80,0.0,-798912.0,8.190472149177493,0.28156099770636894,0.0,0.0,8.190472149177493,0.28156099770636894
117,81519.0,0.0,81519.0,0,80,0.0,-958481.0,8.290232822224331,0.28651035984021445,0.0,0.0,8.290232822224331,0.28651035984021445
118,81455.28571428568,0.0,81455.28571428568,0,80,0.0,-878659.0,8.496113734904693,0.22610989978784696,0.0,0.0,8.496113734904693,0.22610989978784696
119,81229.28571428568,0.0,81229.28571428568,0,80,0.0,-878885.0,8.26084210837186,0.28505617481011325,0.0,0.0,8.26084210837186,0.28505617481011325
120,82002.0,0.0,82002.0,0,80,0.0,-957998.0,8.255098507435623,0.33541943156467985,0.0,0.0,8.255098507435623,0.33541943156467985
121,81886.85714285704,0.0,81886.85714285704,0,80,0.0,-797976.0,8.509161898610888,0.22658839596793104,0.0,0.0,8.509161898610888,0.22658839596793104
122,81746.0,0.0,81746.0,0,80,0.0,-958254.0,8.242890912467498,0.28418466921606633,0.0,0.0,8.242890912467498,0.28418466921606633
123,81832.28571428568,0.0,81832.28571428568,0,80,0.0,-878282.0,8.287515235544484,0.28635871821921893,0.0,0.0,8.287515235544484,0.28635871821921893
124,81838.85714285704,0.0,81838.85714285704,0,80,0.0,-798024.0,8.298385279066764,0.33774141690606446,0.0,0.0,8.298385279066764,0.33774141690606446
125,80450.85714285704,0.0,80450.85714285704,0,80,0.0,-799412.0,8.323024650331323,0.21896440684571625,0.0,0.0,8.323024650331323,0.21896440684571625
126,81291.85714285704,0.0,81291.85714285704,0,80,0.0,-798571.0,8.444282762909337,0.2239605947385578,0.0,0.0,8.444282762909337,0.2239605947385578
127,81553.0,0.0,81553.0,0,80,0.0,-958447.0,8.272104625681662,0.3363646128056701,0.0,0.0,8.272104625681662,0.3363646128056701
128,81946.28571428568,0.0,81946.28571428568,0,80,0.0,-878168.0,8.219827001990552,0.3335027768232624,0.0,0.0,8.219827001990552,0.3335027768232624
129,81394.28571428568,0.0,81394.28571428568,0,80,0.0,-878720.0,8.279628645161546,0.2860015082926506,0.0,0.0,8.279628645161546,0.2860015082926506
130,81349.85714285704,0.0,81349.85714285704,0,80,0.0,-798513.0,8.48900859881708,0.22581327238470167,0.0,0.0,8.48900859881708,0.22581327238470167
131,80572.0,0.0,80572.0,0,80,0.0,-959428.0,8.394178910133853,0.22187846692019406,0.0,0.0,8.394178910133853,0.22187846692019406
132,81148.85714285704,0.0,81148.85714285704,0,80,0.0,-798714.0,8.170584918451949,0.3308251269387091,0.0,0.0,8.170584918451949,0.3308251269387091
133,82052.85714285704,0.0,82052.85714285704,0,80,0.0,-797810.0,8.527178636677409,0.22735115325266786,0.0,0.0,8.527178636677409,0.22735115325266786
134,81584.28571428568,0.0,81584.28571428568,0,80,0.0,-878530.0,8.486852473341843,0.22571307777786542,0.0,0.0,8.486852473341843,0.22571307777786542
135,82029.85714285704,0.0,82029.85714285704,0,80,0.0,-797833.0,8.285293666328023,0.2862897092619858,0.0,0.0,8.285293666328023,0.2862897092619858
136,81385.28571428568,0.0,81385.28571428568,0,80,0.0,-878729.0,8.247459649795937,0.33495296320887025,0.0,0.0,8.247459649795937,0.33495296320887025
137,80378.85714285704,0.0,80378.85714285704,0,80,0.0,-799484.0,8.158674340600975,0.28000218053340137,0.0,0.0,8.158674340600975,0.28000218053340137
138,81122.0,0.0,81122.0,0,80,0.0,-958878.0,8.41406224641449,0.2226978599929299,0.0,0.0,8.41406224641449,0.2226978599929299
139,81304.0,0.0,81304.0,0,80,0.0,-958696.0,8.19185161786215,0.28165981351510355,0.0,0.0,8.19185161786215,0.28165981351510355
140,81868.0,0.0,81868.0,0,80,0.0,-958132.0,8.287479435993221,0.3371182219246691,0.0,0.0,8.287479435993221,0.3371182219246691
141,80735.28571428568,0.0,80735.28571428568,0,80,0.0,-879379.0,8.214378689632545,0.28275833200725686,0.0,0.0,8.214378689632545,0.28275833200725686
142,81309.0,0.0,81309.0,0,80,0.0,-958691.0,8.270408722441298,0.2855469106862303,0.0,0.0,8.270408722441298,0.2855469106862303
143,81621.85714285704,0.0,81621.85714285704,0,80,0.0,-798241.0,8.468639879336889,0.22496216058825022,0.0,0.0,8.468639879336889,0.22496216058825022
144,81887.0,0.0,81887.0,0,80,0.0,-958113.0,8.554199503520122,0.2284529295497296,0.0,0.0,8.554199503520122,0.2284529295497296
145,81073.85714285704,0.0,81073.85714285704,0,80,0.0,-798789.0,8.170057629627097,0.2805670356390358,0.0,0.0,8.170057629627097,0.2805670356390358
146,81858.0,0.0,81858.0,0,80,0.0,-958142.0,8.21657187181217,0.3333400718087779,0.0,0.0,8.21657187181217,0.3333400718087779
147,83339.28571428568,0.0,83339.28571428568,0,80,0.0,-876775.0,8.693054946385388,0.23420206253042963,0.0,0.0,8.693054946385388,0.23420206253042963
148,134307.28571428568,0.0,134307.28571428568,0,80,0.0,-825807.0,15.695332841618333,0.6080647717193233,0.0,0.0,15.695332841618333,0.6080647717193233
149,80632.85714285704,0.0,80632.85714285704,0,80,0.0,-799230.0,8.187218233785622,0.28144517721145057,0.0,0.0,8.187218233785622,0.28144517721145057
150,81749.85714285704,0.0,81749.85714285704,0,80,0.0,-798113.0,8.220037547325429,0.33347384026676613,0.0,0.0,8.220037547325429,0.33347384026676613
151,80723.0,0.0,80723.0,0,80,0.0,-959277.0,8.425969911692823,0.22321471503000065,0.0,0.0,8.425969911692823,0.22321471503000065
152,81028.28571428568,0.0,81028.28571428568,0,80,0.0,-879086.0,8.167697277106498,0.3306865489251449,0.0,0.0,8.167697277106498,0.3306865489251449
153,81306.85714285704,0.0,81306.85714285704,0,80,0.0,-798556.0,8.3960020612404,0.22195827911665408,0.0,0.0,8.3960020612404,0.22195827911665408
154,82643.85714285704,0.0,82643.85714285704,0,80,0.0,-797219.0,8.383256832884099,0.34227319227879205,0.0,0.0,8.383256832884099,0.34227319227879205
155,82329.85714285704,0.0,82329.85714285704,0,80,0.0,-797533.0,8.31844331788637,0.33878197507418983,0.0,0.0,8.31844331788637,0.33878197507418983
156,81021.28571428568,0.0,81021.28571428568,0,80,0.0,-879093.0,8.466586607274058,0.22487192609654577,0.0,0.0,8.466586607274058,0.22487192609654577
157,82005.0,0.0,82005.0,0,80,0.0,-957995.0,8.571853185872254,0.22921413797171278,0.0,0.0,8.571853185872254,0.22921413797171278
158,81649.28571428568,0.0,81649.28571428568,0,80,0.0,-878465.0,8.294076437483346,0.3374892142996706,0.0,0.0,8.294076437483346,0.3374892142996706
159,80738.85714285704,0.0,80738.85714285704,0,80,0.0,-799124.0,8.349405306032022,0.22004102046199991,0.0,0.0,8.349405306032022,0.22004102046199991
160,81122.0,0.0,81122.0,0,80,0.0,-958878.0,8.164011832561565,0.3304810081650103,0.0,0.0,8.164011832561565,0.3304810081650103
161,81498.0,0.0,81498.0,0,80,0.0,-958502.0,8.211710014592104,0.33306089955350865,0.0,0.0,8.211710014592104,0.33306089955350865
162,81376.0,0.0,81376.0,0,80,0.0,-958624.0,8.204282767189726,0.33265248401353015,0.0,0.0,8.204282767189726,0.33265248401353015
163,81864.28571428568,0.0,81864.28571428568,0,80,0.0,-878250.0,8.590916544728433,0.23003307828533762,0.0,0.0,8.590916544728433,0.23003307828533762
164,80899.0,0.0,80899.0,0,80,0.0,-959101.0,8.403038494761898,0.22226597902656828,0.0,0.0,8.403038494761898,0.22226597902656828
165,81852.28571428568,0.0,81852.28571428568,0,80,0.0,-878262.0,8.320171319512005,0.28795963268614194,0.0,0.0,8.320171319512005,0.28795963268614194
166,82038.85714285704,0.0,82038.85714285704,0,80,0.0,-797824.0,8.336253511992378,0.28877077339635865,0.0,0.0,8.336253511992378,0.28877077339635865
167,80691.85714285704,0.0,80691.85714285704,0,80,0.0,-799171.0,8.419172982472118,0.2229424754061528,0.0,0.0,8.419172982472118,0.2229424754061528
168,81530.28571428568,0.0,81530.28571428568,0,80,0.0,-878584.0,8.247391899152863,0.3349799546075344,0.0,0.0,8.247391899152863,0.3349799546075344
169,81230.28571428568,0.0,81230.28571428568,0,80,0.0,-878884.0,8.185012437818688,0.3316138269917487,0.0,0.0,8.185012437818688,0.3316138269917487
170,81262.28571428568,0.0,81262.28571428568,0,80,0.0,-878852.0,8.242935301526213,0.28420560825429647,0.0,0.0,8.242935301526213,0.28420560825429647
171,81521.85714285704,0.0,81521.85714285704,0,80,0.0,-798341.0,8.450448715562114,0.22420887519218738,0.0,0.0,8.450448715562114,0.22420887519218738
172,131843.0,0.0,131843.0,0,80,0.0,-908157.0,11.201652799846276,0.44728186606303655,0.0,0.0,11.201652799846276,0.44728186606303655
173,81288.0,0.0,81288.0,0,80,0.0,-958712.0,8.204963146244578,0.28229259454986566,0.0,0.0,8.204963146244578,0.28229259454986566
174,81929.0,0.0,81929.0,0,80,0.0,-958071.0,8.330633803164423,0.2885058821230354,0.0,0.0,8.330633803164423,0.2885058821230354
175,81670.0,0.0,81670.0,0,80,0.0,-958330.0,8.338575836300665,0.2888835165600932,0.0,0.0,8.338575836300665,0.2888835165600932
176,81447.85714285704,0.0,81447.85714285704,0,80,0.0,-798415.0,8.435420908635022,0.22359129110616677,0.0,0.0,8.435420908635022,0.22359129110616677
177,82155.0,0.0,82155.0,0,80,0.0,-957845.0,8.584503763607447,0.2297007333476852,0.0,0.0,8.584503763607447,0.2297007333476852
178,82033.28571428568,0.0,82033.28571428568,0,80,0.0,-878081.0,8.321998688452878,0.33898636750619293,0.0,0.0,8.321998688452878,0.33898636750619293
179,81425.28571428568,0.0,81425.28571428568,0,80,0.0,-878689.0,8.274307086448827,0.2857076058161543,0.0,0.0,8.274307086448827,0.2857076058161543
180,81013.0,0.0,81013.0,0,80,0.0,-958987.0,8.142949159872506,0.32931978493992786,0.0,0.0,8.142949159872506,0.32931978493992786
181,81982.28571428568,0.0,81982.28571428568,0,80,0.0,-878132.0,8.319402814959101,0.2879399541651971,0.0,0.0,8.319402814959101,0.2879399541651971
182,80963.85714285704,0.0,80963.85714285704,0,80,0.0,-798899.0,8.157685043666866,0.2799682372239281,0.0,0.0,8.157685043666866,0.2799682372239281
183,80329.85714285704,0.0,80329.85714285704,0,80,0.0,-799533.0,8.329685410645451,0.21925402100066418,0.0,0.0,8.329685410645451,0.21925402100066418
184,82775.85714285704,0.0,82775.85714285704,0,80,0.0,-797087.0,8.385651055928708,0.34245172735734025,0.0,0.0,8.385651055928708,0.34245172735734025
185,81139.0,0.0,81139.0,0,80,0.0,-958861.0,8.222495437065177,0.28317097882661246,0.0,0.0,8.222495437065177,0.28317097882661246
186,82445.85714285704,0.0,82445.85714285704,0,80,0.0,-797417.0,8.321372032349384,0.3389867049644533,0.0,0.0,8.321372032349384,0.3389867049644533
187,81807.0,0.0,81807.0,0,80,0.0,-958193.0,8.236549952425124,0.33443226699415574,0.0,0.0,8.236549952425124,0.33443226699415574
188,82235.85714285704,0.0,82235.85714285704,0,80,0.0,-797627.0,8.60755638323834,0.23064112851898994,0.0,0.0,8.60755638323834,0.23064112851898994
189,81024.85714285704,0.0,81024.85714285704,0,80,0.0,-798838.0,8.152089725075713,0.2797024430748413,0.0,0.0,8.152089725075713,0.2797024430748413
190,81258.0,0.0,81258.0,0,80,0.0,-958742.0,8.248760469682646,0.3350492806387271,0.0,0.0,8.248760469682646,0.3350492806387271
191,81526.85714285704,0.0,81526.85714285704,0,80,0.0,-798336.0,8.289293857096945,0.3372262389061966,0.0,0.0,8.289293857096945,0.3372262389061966
192,81278.85714285704,0.0,81278.85714285704,0,80,0.0,-798584.0,8.217119162267196,0.28290106393697667,0.0,0.0,8.217119162267196,0.28290106393697667
193,81278.28571428568,0.0,81278.28571428568,0,80,0.0,-878836.0,8.413635657552215,0.22268235984107076,0.0,0.0,8.413635657552215,0.22268235984107076
194,81897.85714285704,0.0,81897.85714285704,0,80,0.0,-797965.0,8.258531241797513,0.2849461038382832,0.0,0.0,8.258531241797513,0.2849461038382832
195,80934.85714285704,0.0,80934.85714285704,0,80,0.0,-798928.0,8.214730161551103,0.28277605300927244,0.0,0.0,8.214730161551103,0.28277605300927244
196,80812.0,0.0,80812.0,0,80,0.0,-959188.0,8.420174468791599,0.2229621785590152,0.0,0.0,8.420174468791599,0.2229621785590152
197,80223.85714285704,0.0,80223.85714285704,0,80,0.0,-799639.0,8.379429851155553,0.22127641812724833,0.0,0.0,8.379429851155553,0.22127641812724833
198,81978.0,0.0,81978.0,0,80,0.0,-958022.0,8.214666596077626,0.3332473250949657,0.0,0.0,8.214666596077626,0.3332473250949657
199,81796.0,0.0,81796.0,0,80,0.0,-958204.0,8.269166350246627,0.33617308827938197,0.0,0.0,8.269166350246627,0.33617308827938197
200,81021.28571428568,0.0,81021.28571428568,0,80,0.0,-879093.0,8.145928655849715,0.32946585834668574,0.0,0.0,8.145928655849715,0.32946585834668574
201,82436.28571428568,0.0,82436.28571428568,0,80,0.0,-877678.0,8.456955803394086,0.2244400007502456,0.0,0.0,8.456955803394086,0.2244400007502456
202,81971.0,0.0,81971.0,0,80,0.0,-958029.0,8.33358811582189,0.28865387664792863,0.0,0.0,8.33358811582189,0.28865387664792863
203,80722.85714285704,0.0,80722.85714285704,0,80,0.0,-799140.0,8.130911888106416,0.27863518620838085,0.0,0.0,8.130911888106416,0.27863518620838085
204,82856.28571428568,0.0,82856.28571428568,0,80,0.0,-877258.0,8.4077427982758,0.3436193779264718,0.0,0.0,8.4077427982758,0.3436193779264718
205,80811.28571428568,0.0,80811.28571428568,0,80,0.0,-879303.0,8.190854040416708,0.28161183097581877,0.0,0.0,8.190854040416708,0.28161183097581877
206,80812.0,0.0,80812.0,0,80,0.0,-959188.0,8.215327523066245,0.33321485872929346,0.0,0.0,8.215327523066245,0.33321485872929346
207,81583.85714285704,0.0,81583.85714285704,0,80,0.0,-798279.0,8.276018716120563,0.3365341742432764,0.0,0.0,8.276018716120563,0.3365341742432764
208,81843.85714285704,0.0,81843.85714285704,0,80,0.0,-798019.0,8.476678014687254,0.22528520074690478,0.0,0.0,8.476678014687254,0.22528520074690478
209,80818.0,0.0,80818.0,0,80,0.0,-959182.0,8.146061083545007,0.27937943254447073,0.0,0.0,8.146061083545007,0.27937943254447073
210,81176.0,0.0,81176.0,0,80,0.0,-958824.0,8.278409819396098,0.2859146727268224,0.0,0.0,8.278409819396098,0.2859146727268224
211,81297.85714285704,0.0,81297.85714285704,0,80,0.0,-798565.0,8.459995200074596,0.22460265413131425,0.0,0.0,8.459995200074596,0.22460265413131425
212,82556.28571428568,0.0,82556.28571428568,0,80,0.0,-877558.0,8.471040476102985,0.2953783833661544,0.0,0.0,8.471040476102985,0.2953783833661544
213,81986.28571428568,0.0,81986.28571428568,0,80,0.0,-878128.0,8.51751392377463,0.22698219111477247,0.0,0.0,8.51751392377463,0.22698219111477247
214,80649.0,0.0,80649.0,0,80,0.0,-959351.0,8.374045383336753,0.2210668169995463,0.0,0.0,8.374045383336753,0.2210668169995463
215,81428.85714285704,0.0,81428.85714285704,0,80,0.0,-798434.0,8.258841733937258,0.33559620829132913,0.0,0.0,8.258841733937258,0.33559620829132913
216,81995.85714285704,0.0,81995.85714285704,0,80,0.0,-797867.0,8.256276409615353,0.3354343104695999,0.0,0.0,8.256276409615353,0.3354343104695999
217,81306.28571428568,0.0,81306.28571428568,0,80,0.0,-878808.0,8.26414407516153,0.3358764909825972,0.0,0.0,8.26414407516153,0.3358764909825972
218,81523.0,0.0,81523.0,0,80,0.0,-958477.0,8.443754512019602,0.22390074312683442,0.0,0.0,8.443754512019602,0.22390074312683442
219,81834.85714285704,0.0,81834.85714285704,0,80,0.0,-798028.0,8.237493006983016,0.3344513135865514,0.0,0.0,8.237493006983016,0.3344513135865514
220,82078.0,0.0,82078.0,0,80,0.0,-957922.0,8.356723546582137,0.28980676159350566,0.0,0.0,8.356723546582137,0.28980676159350566
221,80178.0,0.0,80178.0,0,80,0.0,-959822.0,8.382379555043125,0.22142115333361415,0.0,0.0,8.382379555043125,0.22142115333361415
222,82755.0,0.0,82755.0,0,80,0.0,-957245.0,8.385865295889891,0.2912304794667034,0.0,0.0,8.385865295889891,0.2912304794667034
223,83272.85714285704,0.0,83272.85714285704,0,80,0.0,-796590.0,8.366294034528183,0.34140231455132275,0.0,0.0,8.366294034528183,0.34140231455132275
224,81339.28571428568,0.0,81339.28571428568,0,80,0.0,-878775.0,8.235353476506539,0.283812680786609,0.0,0.0,8.235353476506539,0.283812680786609
225,81012.0,0.0,81012.0,0,80,0.0,-958988.0,8.152472175958094,0.3298486506733821,0.0,0.0,8.152472175958094,0.3298486506733821
226,81400.85714285704,0.0,81400.85714285704,0,80,0.0,-798462.0,8.191997983016517,0.331987157235247,0.0,0.0,8.191997983016517,0.331987157235247
227,81893.85714285704,0.0,81893.85714285704,0,80,0.0,-797969.0,8.2815789963459,0.3368677877916695,0.0,0.0,8.2815789963459,0.3368677877916695
228,81641.85714285704,0.0,81641.85714285704,0,80,0.0,-798221.0,8.478206122879081,0.22536260489482057,0.0,0.0,8.478206122879081,0.22536260489482057
229,80158.85714285704,0.0,80158.85714285704,0,80,0.0,-799704.0,8.115203345844257,0.2778743626225843,0.0,0.0,8.115203345844257,0.2778743626225843
230,82273.85714285704,0.0,82273.85714285704,0,80,0.0,-797589.0,8.301284438591013,0.2870850074036032,0.0,0.0,8.301284438591013,0.2870850074036032
231,82254.28571428568,0.0,82254.28571428568,0,80,0.0,-877860.0,8.323265691189675,0.28810819723072767,0.0,0.0,8.323265691189675,0.28810819723072767
232,82735.0,0.0,82735.0,0,80,0.0,-957265.0,8.320102358439032,0.33892441904761744,0.0,0.0,8.320102358439032,0.33892441904761744
233,80371.28571428568,0.0,80371.28571428568,0,80,0.0,-879743.0,8.134626034306976,0.32886629474446094,0.0,0.0,8.134626034306976,0.32886629474446094
234,80772.28571428568,0.0,80772.28571428568,0,80,0.0,-879342.0,8.225936457519099,0.2833460946192307,0.0,0.0,8.225936457519099,0.2833460946192307
235,81048.0,0.0,81048.0,0,80,0.0,-958952.0,8.480358866128691,0.22545790893164983,0.0,0.0,8.480358866128691,0.22545790893164983
236,80675.0,0.0,80675.0,0,80,0.0,-959325.0,8.211055006606692,0.2825910341478075,0.0,0.0,8.211055006606692,0.2825910341478075
237,82320.85714285704,0.0,82320.85714285704,0,80,0.0,-797542.0,8.352899318540754,0.3406494688269779,0.0,0.0,8.352899318540754,0.3406494688269779
238,80401.0,0.0,80401.0,0,80,0.0,-959599.0,8.148565858733582,0.2795040940520414,0.0,0.0,8.148565858733582,0.2795040940520414
239,81286.28571428568,0.0,81286.28571428568,0,80,0.0,-878828.0,8.202000379771958,0.33253918164386514,0.0,0.0,8.202000379771958,0.33253918164386514
240,81059.0,0.0,81059.0,0,80,0.0,-958941.0,8.436991561110935,0.2236707094185952,0.0,0.0,8.436991561110935,0.2236707094185952
241,81993.0,0.0,81993.0,0,80,0.0,-958007.0,8.554809685756705,0.22855375079894932,0.0,0.0,8.554809685756705,0.22855375079894932
242,82086.28571428568,0.0,82086.28571428568,0,80,0.0,-878028.0,8.46372102976154,0.22475526225448078,0.0,0.0,8.46372102976154,0.22475526225448078
243,80904.28571428568,0.0,80904.28571428568,0,80,0.0,-879210.0,8.20659348143875,0.3327700729319806,0.0,0.0,8.20659348143875,0.3327700729319806
244,81984.28571428568,0.0,81984.28571428568,0,80,0.0,-878130.0,8.261809885447862,0.2850884539814071,0.0,0.0,8.261809885447862,0.2850884539814071
245,81402.85714285704,0.0,81402.85714285704,0,80,0.0,-798460.0,8.21161889231152,0.28262665938815523,0.0,0.0,8.21161889231152,0.28262665938815523
246,82060.85714285704,0.0,82060.85714285704,0,80,0.0,-797802.0,8.294202076960463,0.2867114845073388,0.0,0.0,8.294202076960463,0.2867114845073388
247,81261.28571428568,0.0,81261.28571428568,0,80,0.0,-878853.0,8.47865435649532,0.22537227485011951,0.0,0.0,8.47865435649532,0.22537227485011951
248,81530.85714285704,0.0,81530.85714285704,0,80,0.0,-798332.0,8.251522474248253,0.2845956215668661,0.0,0.0,8.251522474248253,0.2845956215668661
249,82187.28571428568,0.0,82187.28571428568,0,80,0.0,-877927.0,8.310034669768417,0.2874649592272182,0.0,0.0,8.310034669768417,0.2874649592272182
250,80945.28571428568,0.0,80945.28571428568,0,80,0.0,-879169.0,8.219846734527229,0.2830289286841029,0.0,0.0,8.219846734527229,0.2830289286841029
251,81009.85714285704,0.0,81009.85714285704,0,80,0.0,-798853.0,8.41026638701034,0.22254050101266598,0.0,0.0,8.41026638701034,0.22254050101266598
252,81863.85714285704,0.0,81863.85714285704,0,80,0.0,-797999.0,8.204435106325162,0.3326461742353321,0.0,0.0,8.204435106325162,0.3326461742353321
253,82754.85714285704,0.0,82754.85714285704,0,80,0.0,-797108.0,8.543204470990535,0.2279916980354455,0.0,0.0,8.543204470990535,0.2279916980354455
254,82829.28571428568,0.0,82829.28571428568,0,80,0.0,-877285.0,8.32709079336993,0.28830578158116593,0.0,0.0,8.32709079336993,0.28830578158116593
255,82085.28571428568,0.0,82085.28571428568,0,80,0.0,-878029.0,8.295742398220145,0.3376001011175501,0.0,0.0,8.295742398220145,0.3376001011175501
256,81247.85714285704,0.0,81247.85714285704,0,80,0.0,-798615.0,8.419526410905172,0.22292465061966335,0.0,0.0,8.419526410905172,0.22292465061966335
257,80444.28571428568,0.0,80444.28571428568,0,80,0.0,-879670.0,8.107876466494671,0.3274347660983046,0.0,0.0,8.107876466494671,0.3274347660983046
258,81544.85714285704,0.0,81544.85714285704,0,80,0.0,-798318.0,8.251035295973711,0.28458402976164937,0.0,0.0,8.251035295973711,0.28458402976164937
259,81963.85714285704,0.0,81963.85714285704,0,80,0.0,-797899.0,8.575475240104417,0.22935423461243684,0.0,0.0,8.575475240104417,0.22935423461243684
260,81722.0,0.0,81722.0,0,80,0.0,-958278.0,8.243624225435347,0.3347767982172628,0.0,0.0,8.243624225435347,0.3347767982172628
261,81619.85714285704,0.0,81619.85714285704,0,80,0.0,-798243.0,8.260335864254237,0.33568085994777735,0.0,0.0,8.260335864254237,0.33568085994777735
262,81869.28571428568,0.0,81869.28571428568,0,80,0.0,-878245.0,8.230224584944176,0.33404290651523316,0.0,0.0,8.230224584944176,0.33404290651523316
263,81638.28571428568,0.0,81638.28571428568,0,80,0.0,-878476.0,8.27131317645291,0.28557852829405284,0.0,0.0,8.27131317645291,0.28557852829405284
264,140322.85714285704,0.0,140322.85714285704,0,80,0.0,-739540.0,14.259528174366476,0.4999200790699007,0.0,0.0,14.259528174366476,0.4999200790699007
265,82417.85714285704,0.0,82417.85714285704,0,80,0.0,-797445.0,8.304053277634473,0.338032952294432,0.0,0.0,8.304053277634473,0.338032952294432
266,82954.85714285704,0.0,82954.85714285704,0,80,0.0,-796908.0,8.545895844929047,0.2281175852394018,0.0,0.0,8.545895844929047,0.2281175852394018
267,81619.28571428568,0.0,81619.28571428568,0,80,0.0,-878495.0,8.407386330151013,0.2224322498114608,0.0,0.0,8.407386330151013,0.2224322498114608
268,81125.28571428568,0.0,81125.28571428568,0,80,0.0,-878989.0,8.250174151082039,0.28455102893264017,0.0,0.0,8.250174151082039,0.28455102893264017
269,81311.0,0.0,81311.0,0,80,0.0,-958689.0,8.232408783390833,0.3341597302064428,0.0,0.0,8.232408783390833,0.3341597302064428
270,80147.0,0.0,80147.0,0,80,0.0,-959853.0,8.115450004284066,0.3278313803068282,0.0,0.0,8.115450004284066,0.3278313803068282
271,80630.0,0.0,80630.0,0,80,0.0,-959370.0,8.386929590417274,0.22158978122087403,0.0,0.0,8.386929590417274,0.22158978122087403
272,80443.28571428568,0.0,80443.28571428568,0,80,0.0,-879671.0,8.172660752255359,0.28069780667163363,0.0,0.0,8.172660752255359,0.28069780667163363
273,83070.28571428568,0.0,83070.28571428568,0,80,0.0,-877044.0,8.397003295148961,0.34300051669267473,0.0,0.0,8.397003295148961,0.34300051669267473
274,80832.85714285704,0.0,80832.85714285704,0,80,0.0,-799030.0,8.206578935294637,0.2823644448798044,0.0,0.0,8.206578935294637,0.2823644448798044
275,82176.28571428568,0.0,82176.28571428568,0,80,0.0,-877938.0,8.495324569079184,0.22606855564440764,0.0,0.0,8.495324569079184,0.22606855564440764
276,80773.0,0.0,80773.0,0,80,0.0,-959227.0,8.377188678834147,0.22117494331961926,0.0,0.0,8.377188678834147,0.22117494331961926
277,82093.28571428568,0.0,82093.28571428568,0,80,0.0,-878021.0,8.325674046446972,0.33921470119383873,0.0,0.0,8.325674046446972,0.33921470119383873
278,82397.85714285704,0.0,82397.85714285704,0,80,0.0,-797465.0,8.379298461896298,0.29088072671346143,0.0,0.0,8.379298461896298,0.29088072671346143
279,81939.28571428568,0.0,81939.28571428568,0,80,0.0,-878175.0,8.187680444939048,0.33177608183360635,0.0,0.0,8.187680444939048,0.33177608183360635
280,82024.0,0.0,82024.0,0,80,0.0,-957976.0,8.291261393356757,0.3373460182012653,0.0,0.0,8.291261393356757,0.3373460182012653
281,82672.85714285704,0.0,82672.85714285704,0,80,0.0,-797190.0,8.423565254346654,0.29307466392307996,0.0,0.0,8.423565254346654,0.29307466392307996
282,80802.0,0.0,80802.0,0,80,0.0,-959198.0,8.178442675576168,0.2809991989978579,0.0,0.0,8.178442675576168,0.2809991989978579
283,82847.28571428568,0.0,82847.28571428568,0,80,0.0,-877267.0,8.3694226805681,0.2903627865303726,0.0,0.0,8.3694226805681,0.2903627865303726
284,81517.85714285704,0.0,81517.85714285704,0,80,0.0,-798345.0,8.468091632952598,0.22492903000856226,0.0,0.0,8.468091632952598,0.22492903000856226
285,82159.85714285704,0.0,82159.85714285704,0,80,0.0,-797703.0,8.240374285365698,0.334630381448507,0.0,0.0,8.240374285365698,0.334630381448507
286,82054.28571428568,0.0,82054.28571428568,0,80,0.0,-878060.0,8.317769802242065,0.2878701295933569,0.0,0.0,8.317769802242065,0.2878701295933569
287,81790.85714285704,0.0,81790.85714285704,0,80,0.0,-798072.0,8.28492603793305,0.3369730462861752,0.0,0.0,8.28492603793305,0.3369730462861752
288,81347.0,0.0,81347.0,0,80,0.0,-958653.0,8.180155770413103,0.33135971727322844,0.0,0.0,8.180155770413103,0.33135971727322844
289,80999.85714285704,0.0,80999.85714285704,0,80,0.0,-798863.0,8.188749070092321,0.2814946419668255,0.0,0.0,8.188749070092321,0.2814946419668255
290,82238.0,0.0,82238.0,0,80,0.0,-957762.0,8.403775953680226,0.29209621686503556,0.0,0.0,8.403775953680226,0.29209621686503556
291,81327.85714285704,0.0,81327.85714285704,0,80,0.0,-798535.0,8.267430178791004,0.2853790075544996,0.0,0.0,8.267430178791004,0.2853790075544996
292,81264.0,0.0,81264.0,0,80,0.0,-958736.0,8.479249668698518,0.22537835750054908,0.0,0.0,8.479249668698518,0.22537835750054908
293,80982.0,0.0,80982.0,0,80,0.0,-959018.0,8.245073556775923,0.3348519080892253,0.0,0.0,8.245073556775923,0.3348519080892253
294,81359.0,0.0,81359.0,0,80,0.0,-958641.0,8.243354119211263,0.33475916706574377,0.0,0.0,8.243354119211263,0.33475916706574377
295,81770.85714285704,0.0,81770.85714285704,0,80,0.0,-798092.0,8.312767840049828,0.287598551938966,0.0,0.0,8.312767840049828,0.287598551938966
296,80868.0,0.0,80868.0,0,80,0.0,-959132.0,8.177237569695805,0.33118795323927813,0.0,0.0,8.177237569695805,0.33118795323927813
297,81115.0,0.0,81115.0,0,80,0.0,-958885.0,8.454442987866763,0.2243908938984216,0.0,0.0,8.454442987866763,0.2243908938984216
298,82538.28571428568,0.0,82538.28571428568,0,80,0.0,-877576.0,8.253174305783453,0.33530342355524434,0.0,0.0,8.253174305783453,0.33530342355524434
299,81969.28571428568,0.0,81969.28571428568,0,80,0.0,-878145.0,8.284485865624193,0.28620297740099493,0.0,0.0,8.284485865624193,0.28620297740099493
