timestamp,buyer,seller,symbol,currency,price,quantity,day,source_log,mid_price,bid_price_1,ask_price_1,future_mid_1,future_mid_5,future_mid_10,future_mid_50,spread,price_minus_mid,price_minus_bid,price_minus_ask,at_or_above_ask,at_or_below_bid,probe_mode,buyer_markout_1,seller_markout_1,buyer_profitable_1,buyer_markout_5,seller_markout_5,buyer_profitable_5,buyer_markout_10,seller_markout_10,buyer_profitable_10,buyer_markout_50,seller_markout_50,buyer_profitable_50
1700,Mark 14,Mark 38,VEV_4000,XIRECS,1287.0,2.0,3,508943.log,1298.0,1287,1309,1299.0,1298.5,1294.5,1296.0,22,-11.0,0.0,-22.0,False,True,SYMMETRIC_PASSIVE,12.0,-12.0,True,11.5,-11.5,True,7.5,-7.5,True,9.0,-9.0,True
17100,Mark 01,Mark 55,VELVETFRUIT_EXTRACT,XIRECS,5283.0,5.0,3,508943.log,5286.0,5283,5289,5284.5,5283.0,5284.5,5278.0,6,-3.0,0.0,-6.0,False,True,INVENTORY_FLATTEN,1.5,-1.5,True,0.0,0.0,False,1.5,-1.5,True,-5.0,5.0,False
18600,Mark 01,Mark 55,VELVETFRUIT_EXTRACT,XIRECS,5275.0,3.0,3,508943.log,5277.5,5275,5280,5276.5,5272.5,5274.5,5276.0,5,-2.5,0.0,-5.0,False,True,SYMMETRIC_PASSIVE,1.5,-1.5,True,-2.5,2.5,False,-0.5,0.5,False,1.0,-1.0,True
20100,Mark 55,Mark 14,VELVETFRUIT_EXTRACT,XIRECS,5279.0,5.0,3,508943.log,5276.5,5274,5279,5276.5,5275.5,5273.5,5271.5,5,2.5,5.0,0.0,True,False,SYMMETRIC_PASSIVE,-2.5,2.5,False,-3.5,3.5,False,-5.5,5.5,False,-7.5,7.5,False
22800,Mark 38,Mark 14,VEV_4000,XIRECS,1283.0,3.0,3,508943.log,1272.5,1262,1283,1274.0,1273.5,1275.0,1271.0,21,10.5,21.0,0.0,True,False,SELL_BAIT_FOR_TARGET_BUYER,-9.0,9.0,False,-9.5,9.5,False,-8.0,8.0,False,-12.0,12.0,False
28000,Mark 55,Mark 01,VELVETFRUIT_EXTRACT,XIRECS,5275.0,5.0,3,508943.log,5272.0,5269,5275,5273.5,5273.5,5272.5,5268.5,6,3.0,6.0,0.0,True,False,TAKE_ASK_IDENTIFY_RESTING_SELLER,-1.5,1.5,False,-1.5,1.5,False,-2.5,2.5,False,-6.5,6.5,False
28500,Mark 14,Mark 55,VELVETFRUIT_EXTRACT,XIRECS,5271.0,7.0,3,508943.log,5273.5,5271,5276,5272.5,5272.5,5270.5,5272.5,5,-2.5,0.0,-5.0,False,True,TAKE_ASK_IDENTIFY_RESTING_SELLER,1.5,-1.5,True,1.5,-1.5,True,-0.5,0.5,False,1.5,-1.5,True
31400,Mark 67,Mark 22,VELVETFRUIT_EXTRACT,XIRECS,5264.0,7.0,3,508943.log,5263.0,5262,5264,5266.5,5264.5,5267.5,5271.5,2,1.0,2.0,0.0,True,False,HIT_BID_IDENTIFY_RESTING_BUYER,2.5,-2.5,True,0.5,-0.5,True,3.5,-3.5,True,7.5,-7.5,True
32900,Mark 01,Mark 22,VEV_5300,XIRECS,45.0,3.0,3,508943.log,46.0,45,47,46.0,47.0,47.0,46.0,2,-1.0,0.0,-2.0,False,True,HIT_BID_IDENTIFY_RESTING_BUYER,1.0,-1.0,True,2.0,-2.0,True,2.0,-2.0,True,1.0,-1.0,True
32900,Mark 01,Mark 22,VEV_5400,XIRECS,14.0,3.0,3,508943.log,15.0,14,16,15.0,15.0,15.5,14.5,2,-1.0,0.0,-2.0,False,True,HIT_BID_IDENTIFY_RESTING_BUYER,1.0,-1.0,True,1.0,-1.0,True,1.5,-1.5,True,0.5,-0.5,True
32900,Mark 01,Mark 22,VEV_5500,XIRECS,4.0,3.0,3,508943.log,4.5,4,5,4.5,4.5,4.5,4.5,1,-0.5,0.0,-1.0,False,True,HIT_BID_IDENTIFY_RESTING_BUYER,0.5,-0.5,True,0.5,-0.5,True,0.5,-0.5,True,0.5,-0.5,True
32900,Mark 01,Mark 22,VEV_6000,XIRECS,0.0,3.0,3,508943.log,0.5,0,1,0.5,0.5,0.5,0.5,1,-0.5,0.0,-1.0,False,True,HIT_BID_IDENTIFY_RESTING_BUYER,0.5,-0.5,True,0.5,-0.5,True,0.5,-0.5,True,0.5,-0.5,True
32900,Mark 01,Mark 22,VEV_6500,XIRECS,0.0,3.0,3,508943.log,0.5,0,1,0.5,0.5,0.5,0.5,1,-0.5,0.0,-1.0,False,True,HIT_BID_IDENTIFY_RESTING_BUYER,0.5,-0.5,True,0.5,-0.5,True,0.5,-0.5,True,0.5,-0.5,True
33600,Mark 01,Mark 22,VEV_5300,XIRECS,46.0,2.0,3,508943.log,47.0,46,48,48.0,48.0,47.0,44.0,2,-1.0,0.0,-2.0,False,True,INVENTORY_FLATTEN,2.0,-2.0,True,2.0,-2.0,True,1.0,-1.0,True,-2.0,2.0,False
33600,Mark 14,Mark 22,VEV_5400,XIRECS,15.0,2.0,3,508943.log,15.5,15,16,15.5,15.5,15.5,14.0,1,-0.5,0.0,-1.0,False,True,INVENTORY_FLATTEN,0.5,-0.5,True,0.5,-0.5,True,0.5,-0.5,True,-1.0,1.0,False
33600,Mark 01,Mark 22,VEV_5500,XIRECS,4.0,2.0,3,508943.log,4.5,4,5,5.0,5.0,4.5,4.5,1,-0.5,0.0,-1.0,False,True,INVENTORY_FLATTEN,1.0,-1.0,True,1.0,-1.0,True,0.5,-0.5,True,0.5,-0.5,True
33600,Mark 01,Mark 22,VEV_6000,XIRECS,0.0,2.0,3,508943.log,0.5,0,1,0.5,0.5,0.5,0.5,1,-0.5,0.0,-1.0,False,True,INVENTORY_FLATTEN,0.5,-0.5,True,0.5,-0.5,True,0.5,-0.5,True,0.5,-0.5,True
33600,Mark 01,Mark 22,VEV_6500,XIRECS,0.0,2.0,3,508943.log,0.5,0,1,0.5,0.5,0.5,0.5,1,-0.5,0.0,-1.0,False,True,INVENTORY_FLATTEN,0.5,-0.5,True,0.5,-0.5,True,0.5,-0.5,True,0.5,-0.5,True
34200,Mark 38,Mark 14,HYDROGEL_PACK,XIRECS,10039.0,6.0,3,508943.log,10030.5,10022,10039,10032.0,10031.0,10032.0,10017.0,17,8.5,17.0,0.0,True,False,INVENTORY_FLATTEN,-7.0,7.0,False,-8.0,8.0,False,-7.0,7.0,False,-22.0,22.0,False
35100,Mark 14,Mark 38,HYDROGEL_PACK,XIRECS,10024.0,2.0,3,508943.log,10032.0,10024,10040,10032.0,10031.0,10028.0,10028.5,16,-8.0,0.0,-16.0,False,True,INVENTORY_FLATTEN,8.0,-8.0,True,7.0,-7.0,True,4.0,-4.0,True,4.5,-4.5,True
35500,Mark 14,Mark 38,HYDROGEL_PACK,XIRECS,10024.0,5.0,3,508943.log,10032.0,10024,10040,10031.0,10025.0,10032.0,10033.0,16,-8.0,0.0,-16.0,False,True,INVENTORY_FLATTEN,7.0,-7.0,True,1.0,-1.0,True,8.0,-8.0,True,9.0,-9.0,True
37000,Mark 01,Mark 22,VEV_5400,XIRECS,15.0,5.0,3,508943.log,15.5,15,16,15.5,15.0,14.5,11.5,1,-0.5,0.0,-1.0,False,True,SYMMETRIC_PASSIVE,0.5,-0.5,True,0.0,0.0,False,-0.5,0.5,False,-3.5,3.5,False
37000,Mark 01,Mark 22,VEV_5500,XIRECS,4.0,5.0,3,508943.log,4.5,4,5,4.5,4.5,4.5,3.5,1,-0.5,0.0,-1.0,False,True,SYMMETRIC_PASSIVE,0.5,-0.5,True,0.5,-0.5,True,0.5,-0.5,True,-0.5,0.5,False
37000,Mark 01,Mark 22,VEV_6000,XIRECS,0.0,5.0,3,508943.log,0.5,0,1,0.5,0.5,0.5,0.5,1,-0.5,0.0,-1.0,False,True,SYMMETRIC_PASSIVE,0.5,-0.5,True,0.5,-0.5,True,0.5,-0.5,True,0.5,-0.5,True
37000,Mark 01,Mark 22,VEV_6500,XIRECS,0.0,5.0,3,508943.log,0.5,0,1,0.5,0.5,0.5,0.5,1,-0.5,0.0,-1.0,False,True,SYMMETRIC_PASSIVE,0.5,-0.5,True,0.5,-0.5,True,0.5,-0.5,True,0.5,-0.5,True
37100,Mark 14,Mark 38,HYDROGEL_PACK,XIRECS,10015.0,3.0,3,508943.log,10023.0,10015,10031,10023.0,10025.0,10022.0,10037.0,16,-8.0,0.0,-16.0,False,True,SYMMETRIC_PASSIVE,8.0,-8.0,True,10.0,-10.0,True,7.0,-7.0,True,22.0,-22.0,True
38400,Mark 14,Mark 38,HYDROGEL_PACK,XIRECS,10016.0,4.0,3,508943.log,10024.0,10016,10032,10021.0,10020.0,10022.0,10035.5,16,-8.0,0.0,-16.0,False,True,SYMMETRIC_PASSIVE,5.0,-5.0,True,4.0,-4.0,True,6.0,-6.0,True,19.5,-19.5,True
38600,Mark 14,Mark 38,HYDROGEL_PACK,XIRECS,10014.0,5.0,3,508943.log,10022.0,10014,10030,10019.0,10019.0,10025.0,10033.0,16,-8.0,0.0,-16.0,False,True,SYMMETRIC_PASSIVE,5.0,-5.0,True,5.0,-5.0,True,11.0,-11.0,True,19.0,-19.0,True
39800,Mark 55,Mark 14,VELVETFRUIT_EXTRACT,XIRECS,5262.0,3.0,3,508943.log,5259.5,5257,5262,5261.5,5259.5,5252.5,5251.0,5,2.5,5.0,0.0,True,False,SELL_BAIT_FOR_TARGET_BUYER,-0.5,0.5,False,-2.5,2.5,False,-9.5,9.5,False,-11.0,11.0,False
40200,Mark 01,Mark 22,VEV_5300,XIRECS,41.0,3.0,3,508943.log,42.0,41,43,42.0,40.0,39.0,38.0,2,-1.0,0.0,-2.0,False,True,SELL_BAIT_FOR_TARGET_BUYER,1.0,-1.0,True,-1.0,1.0,False,-2.0,2.0,False,-3.0,3.0,False
40200,Mark 14,Mark 22,VEV_5400,XIRECS,13.0,3.0,3,508943.log,13.5,13,14,13.5,12.5,12.0,11.5,1,-0.5,0.0,-1.0,False,True,SELL_BAIT_FOR_TARGET_BUYER,0.5,-0.5,True,-0.5,0.5,False,-1.0,1.0,False,-1.5,1.5,False
40200,Mark 01,Mark 22,VEV_6000,XIRECS,0.0,3.0,3,508943.log,0.5,0,1,0.5,0.5,0.5,0.5,1,-0.5,0.0,-1.0,False,True,SELL_BAIT_FOR_TARGET_BUYER,0.5,-0.5,True,0.5,-0.5,True,0.5,-0.5,True,0.5,-0.5,True
40200,Mark 01,Mark 22,VEV_6500,XIRECS,0.0,3.0,3,508943.log,0.5,0,1,0.5,0.5,0.5,0.5,1,-0.5,0.0,-1.0,False,True,SELL_BAIT_FOR_TARGET_BUYER,0.5,-0.5,True,0.5,-0.5,True,0.5,-0.5,True,0.5,-0.5,True
43200,Mark 55,Mark 14,VELVETFRUIT_EXTRACT,XIRECS,5249.0,6.0,3,508943.log,5246.5,5244,5249,5247.5,5249.0,5251.0,5250.5,5,2.5,5.0,0.0,True,False,BUY_BAIT_FOR_TARGET_SELLER,-1.5,1.5,False,0.0,0.0,False,2.0,-2.0,True,1.5,-1.5,True
45600,Mark 01,Mark 22,VEV_5400,XIRECS,11.0,4.0,3,508943.log,11.5,11,12,11.5,11.5,11.5,11.5,1,-0.5,0.0,-1.0,False,True,TAKE_ASK_IDENTIFY_RESTING_SELLER,0.5,-0.5,True,0.5,-0.5,True,0.5,-0.5,True,0.5,-0.5,True
45600,Mark 01,Mark 22,VEV_5500,XIRECS,3.0,4.0,3,508943.log,3.5,3,4,3.5,3.5,3.5,3.5,1,-0.5,0.0,-1.0,False,True,TAKE_ASK_IDENTIFY_RESTING_SELLER,0.5,-0.5,True,0.5,-0.5,True,0.5,-0.5,True,0.5,-0.5,True
45600,Mark 01,Mark 22,VEV_6000,XIRECS,0.0,4.0,3,508943.log,0.5,0,1,0.5,0.5,0.5,0.5,1,-0.5,0.0,-1.0,False,True,TAKE_ASK_IDENTIFY_RESTING_SELLER,0.5,-0.5,True,0.5,-0.5,True,0.5,-0.5,True,0.5,-0.5,True
45600,Mark 01,Mark 22,VEV_6500,XIRECS,0.0,4.0,3,508943.log,0.5,0,1,0.5,0.5,0.5,0.5,1,-0.5,0.0,-1.0,False,True,TAKE_ASK_IDENTIFY_RESTING_SELLER,0.5,-0.5,True,0.5,-0.5,True,0.5,-0.5,True,0.5,-0.5,True
47200,Mark 01,Mark 22,VEV_5400,XIRECS,11.0,3.0,3,508943.log,11.5,11,12,11.5,11.5,11.5,12.0,1,-0.5,0.0,-1.0,False,True,TAKE_ASK_IDENTIFY_RESTING_SELLER,0.5,-0.5,True,0.5,-0.5,True,0.5,-0.5,True,1.0,-1.0,True
47200,Mark 01,Mark 22,VEV_5500,XIRECS,3.0,3.0,3,508943.log,3.5,3,4,3.5,3.5,3.5,3.5,1,-0.5,0.0,-1.0,False,True,TAKE_ASK_IDENTIFY_RESTING_SELLER,0.5,-0.5,True,0.5,-0.5,True,0.5,-0.5,True,0.5,-0.5,True
47200,Mark 01,Mark 22,VEV_6000,XIRECS,0.0,3.0,3,508943.log,0.5,0,1,0.5,0.5,0.5,0.5,1,-0.5,0.0,-1.0,False,True,TAKE_ASK_IDENTIFY_RESTING_SELLER,0.5,-0.5,True,0.5,-0.5,True,0.5,-0.5,True,0.5,-0.5,True
47200,Mark 01,Mark 22,VEV_6500,XIRECS,0.0,3.0,3,508943.log,0.5,0,1,0.5,0.5,0.5,0.5,1,-0.5,0.0,-1.0,False,True,TAKE_ASK_IDENTIFY_RESTING_SELLER,0.5,-0.5,True,0.5,-0.5,True,0.5,-0.5,True,0.5,-0.5,True
49700,Mark 14,Mark 55,VELVETFRUIT_EXTRACT,XIRECS,5250.0,7.0,3,508943.log,5252.5,5250,5255,5254.0,5249.5,5251.5,5250.0,5,-2.5,0.0,-5.0,False,True,HIT_BID_IDENTIFY_RESTING_BUYER,4.0,-4.0,True,-0.5,0.5,False,1.5,-1.5,True,0.0,0.0,False
50000,Mark 55,Mark 01,VELVETFRUIT_EXTRACT,XIRECS,5256.0,4.0,3,508943.log,5253.0,5250,5256,5251.5,5251.0,5248.5,5250.0,6,3.0,6.0,0.0,True,False,HIT_BID_IDENTIFY_RESTING_BUYER,-4.5,4.5,False,-5.0,5.0,False,-7.5,7.5,False,-6.0,6.0,False
50700,Mark 14,Mark 38,HYDROGEL_PACK,XIRECS,10032.0,5.0,3,508943.log,10040.0,10032,10048,10040.0,10046.0,10041.0,10043.0,16,-8.0,0.0,-16.0,False,True,HIT_BID_IDENTIFY_RESTING_BUYER,8.0,-8.0,True,14.0,-14.0,True,9.0,-9.0,True,11.0,-11.0,True
52300,Mark 14,Mark 38,HYDROGEL_PACK,XIRECS,10034.0,6.0,3,508943.log,10042.0,10034,10050,10044.0,10044.0,10042.0,10049.0,16,-8.0,0.0,-16.0,False,True,INVENTORY_FLATTEN,10.0,-10.0,True,10.0,-10.0,True,8.0,-8.0,True,15.0,-15.0,True
54400,Mark 01,Mark 22,VEV_5400,XIRECS,11.0,2.0,3,508943.log,11.5,11,12,11.5,11.5,11.5,12.5,1,-0.5,0.0,-1.0,False,True,SYMMETRIC_PASSIVE,0.5,-0.5,True,0.5,-0.5,True,0.5,-0.5,True,1.5,-1.5,True
54400,Mark 01,Mark 22,VEV_5500,XIRECS,3.0,2.0,3,508943.log,3.5,3,4,3.5,3.5,3.5,3.5,1,-0.5,0.0,-1.0,False,True,SYMMETRIC_PASSIVE,0.5,-0.5,True,0.5,-0.5,True,0.5,-0.5,True,0.5,-0.5,True
54400,Mark 01,Mark 22,VEV_6000,XIRECS,0.0,2.0,3,508943.log,0.5,0,1,0.5,0.5,0.5,0.5,1,-0.5,0.0,-1.0,False,True,SYMMETRIC_PASSIVE,0.5,-0.5,True,0.5,-0.5,True,0.5,-0.5,True,0.5,-0.5,True
54400,Mark 01,Mark 22,VEV_6500,XIRECS,0.0,2.0,3,508943.log,0.5,0,1,0.5,0.5,0.5,0.5,1,-0.5,0.0,-1.0,False,True,SYMMETRIC_PASSIVE,0.5,-0.5,True,0.5,-0.5,True,0.5,-0.5,True,0.5,-0.5,True
56200,Mark 14,Mark 38,HYDROGEL_PACK,XIRECS,10037.0,6.0,3,508943.log,10045.0,10037,10053,10044.0,10042.0,10049.0,10057.0,16,-8.0,0.0,-16.0,False,True,SYMMETRIC_PASSIVE,7.0,-7.0,True,5.0,-5.0,True,12.0,-12.0,True,20.0,-20.0,True
64800,Mark 22,Mark 38,HYDROGEL_PACK,XIRECS,10055.0,2.0,3,508943.log,10059.0,10055,10063,10053.0,10051.0,10041.0,10046.0,8,-4.0,0.0,-8.0,False,True,TAKE_ASK_IDENTIFY_RESTING_SELLER,-2.0,2.0,False,-4.0,4.0,False,-14.0,14.0,False,-9.0,9.0,False
68000,Mark 55,Mark 14,VELVETFRUIT_EXTRACT,XIRECS,5261.0,5.0,3,508943.log,5258.5,5256,5261,5258.0,5257.5,5258.5,5265.5,5,2.5,5.0,0.0,True,False,HIT_BID_IDENTIFY_RESTING_BUYER,-3.0,3.0,False,-3.5,3.5,False,-2.5,2.5,False,4.5,-4.5,True
69000,Mark 14,Mark 38,HYDROGEL_PACK,XIRECS,10036.0,4.0,3,508943.log,10044.0,10036,10052,10045.0,10052.5,10043.0,10045.0,16,-8.0,0.0,-16.0,False,True,INVENTORY_FLATTEN,9.0,-9.0,True,16.5,-16.5,True,7.0,-7.0,True,9.0,-9.0,True
69400,Mark 14,Mark 55,VELVETFRUIT_EXTRACT,XIRECS,5255.0,8.0,3,508943.log,5257.5,5255,5260,5256.5,5257.5,5256.0,5259.5,5,-2.5,0.0,-5.0,False,True,INVENTORY_FLATTEN,1.5,-1.5,True,2.5,-2.5,True,1.0,-1.0,True,4.5,-4.5,True
69900,Mark 01,Mark 22,VEV_5400,XIRECS,12.0,5.0,3,508943.log,13.0,12,14,12.5,12.5,12.5,13.0,2,-1.0,0.0,-2.0,False,True,INVENTORY_FLATTEN,0.5,-0.5,True,0.5,-0.5,True,0.5,-0.5,True,1.0,-1.0,True
69900,Mark 01,Mark 22,VEV_5500,XIRECS,3.0,5.0,3,508943.log,3.5,3,4,3.5,3.5,3.5,4.0,1,-0.5,0.0,-1.0,False,True,INVENTORY_FLATTEN,0.5,-0.5,True,0.5,-0.5,True,0.5,-0.5,True,1.0,-1.0,True
69900,Mark 01,Mark 22,VEV_6000,XIRECS,0.0,5.0,3,508943.log,0.5,0,1,0.5,0.5,0.5,0.5,1,-0.5,0.0,-1.0,False,True,INVENTORY_FLATTEN,0.5,-0.5,True,0.5,-0.5,True,0.5,-0.5,True,0.5,-0.5,True
69900,Mark 01,Mark 22,VEV_6500,XIRECS,0.0,5.0,3,508943.log,0.5,0,1,0.5,0.5,0.5,0.5,1,-0.5,0.0,-1.0,False,True,INVENTORY_FLATTEN,0.5,-0.5,True,0.5,-0.5,True,0.5,-0.5,True,0.5,-0.5,True
70100,Mark 01,Mark 22,VEV_5400,XIRECS,12.0,5.0,3,508943.log,12.5,12,13,12.5,12.5,12.5,13.0,1,-0.5,0.0,-1.0,False,True,INVENTORY_FLATTEN,0.5,-0.5,True,0.5,-0.5,True,0.5,-0.5,True,1.0,-1.0,True
70100,Mark 01,Mark 22,VEV_5500,XIRECS,3.0,5.0,3,508943.log,3.5,3,4,3.5,3.5,3.5,4.5,1,-0.5,0.0,-1.0,False,True,INVENTORY_FLATTEN,0.5,-0.5,True,0.5,-0.5,True,0.5,-0.5,True,1.5,-1.5,True
70100,Mark 01,Mark 22,VEV_6000,XIRECS,0.0,5.0,3,508943.log,0.5,0,1,0.5,0.5,0.5,0.5,1,-0.5,0.0,-1.0,False,True,INVENTORY_FLATTEN,0.5,-0.5,True,0.5,-0.5,True,0.5,-0.5,True,0.5,-0.5,True
70100,Mark 01,Mark 22,VEV_6500,XIRECS,0.0,5.0,3,508943.log,0.5,0,1,0.5,0.5,0.5,0.5,1,-0.5,0.0,-1.0,False,True,INVENTORY_FLATTEN,0.5,-0.5,True,0.5,-0.5,True,0.5,-0.5,True,0.5,-0.5,True
70300,Mark 01,Mark 22,VEV_5400,XIRECS,12.0,4.0,3,508943.log,12.5,12,13,12.5,12.5,12.5,13.0,1,-0.5,0.0,-1.0,False,True,INVENTORY_FLATTEN,0.5,-0.5,True,0.5,-0.5,True,0.5,-0.5,True,1.0,-1.0,True
70300,Mark 01,Mark 22,VEV_5500,XIRECS,3.0,4.0,3,508943.log,3.5,3,4,3.5,3.5,3.5,4.0,1,-0.5,0.0,-1.0,False,True,INVENTORY_FLATTEN,0.5,-0.5,True,0.5,-0.5,True,0.5,-0.5,True,1.0,-1.0,True
70300,Mark 01,Mark 22,VEV_6000,XIRECS,0.0,4.0,3,508943.log,0.5,0,1,0.5,0.5,0.5,0.5,1,-0.5,0.0,-1.0,False,True,INVENTORY_FLATTEN,0.5,-0.5,True,0.5,-0.5,True,0.5,-0.5,True,0.5,-0.5,True
70300,Mark 01,Mark 22,VEV_6500,XIRECS,0.0,4.0,3,508943.log,0.5,0,1,0.5,0.5,0.5,0.5,1,-0.5,0.0,-1.0,False,True,INVENTORY_FLATTEN,0.5,-0.5,True,0.5,-0.5,True,0.5,-0.5,True,0.5,-0.5,True
74300,Mark 01,Mark 22,VEV_5300,XIRECS,41.0,3.0,3,508943.log,42.0,41,43,42.0,42.0,42.0,42.0,2,-1.0,0.0,-2.0,False,True,SYMMETRIC_PASSIVE,1.0,-1.0,True,1.0,-1.0,True,1.0,-1.0,True,1.0,-1.0,True
74300,Mark 01,Mark 22,VEV_5400,XIRECS,12.0,3.0,3,508943.log,13.0,12,14,13.0,13.0,13.0,13.5,2,-1.0,0.0,-2.0,False,True,SYMMETRIC_PASSIVE,1.0,-1.0,True,1.0,-1.0,True,1.0,-1.0,True,1.5,-1.5,True
74300,Mark 01,Mark 22,VEV_6000,XIRECS,0.0,3.0,3,508943.log,0.5,0,1,0.5,0.5,0.5,0.5,1,-0.5,0.0,-1.0,False,True,SYMMETRIC_PASSIVE,0.5,-0.5,True,0.5,-0.5,True,0.5,-0.5,True,0.5,-0.5,True
74300,Mark 01,Mark 22,VEV_6500,XIRECS,0.0,3.0,3,508943.log,0.5,0,1,0.5,0.5,0.5,0.5,1,-0.5,0.0,-1.0,False,True,SYMMETRIC_PASSIVE,0.5,-0.5,True,0.5,-0.5,True,0.5,-0.5,True,0.5,-0.5,True
77300,Mark 55,Mark 49,VELVETFRUIT_EXTRACT,XIRECS,5256.0,8.0,3,508943.log,5255.5,5255,5256,5257.0,5255.5,5257.0,5261.5,1,0.5,1.0,0.0,True,False,SELL_BAIT_FOR_TARGET_BUYER,1.0,-1.0,True,-0.5,0.5,False,1.0,-1.0,True,5.5,-5.5,True
77300,Mark 67,Mark 49,VELVETFRUIT_EXTRACT,XIRECS,5256.0,6.0,3,508943.log,5255.5,5255,5256,5257.0,5255.5,5257.0,5261.5,1,0.5,1.0,0.0,True,False,SELL_BAIT_FOR_TARGET_BUYER,1.0,-1.0,True,-0.5,0.5,False,1.0,-1.0,True,5.5,-5.5,True
83500,Mark 38,Mark 14,HYDROGEL_PACK,XIRECS,10055.0,5.0,3,508943.log,10047.0,10039,10055,10050.0,10048.0,10043.5,10033.0,16,8.0,16.0,0.0,True,False,TAKE_ASK_IDENTIFY_RESTING_SELLER,-5.0,5.0,False,-7.0,7.0,False,-11.5,11.5,False,-22.0,22.0,False
84900,Mark 14,Mark 38,HYDROGEL_PACK,XIRECS,10040.0,5.0,3,508943.log,10048.0,10040,10056,10046.0,10040.0,10041.0,10037.0,16,-8.0,0.0,-16.0,False,True,HIT_BID_IDENTIFY_RESTING_BUYER,6.0,-6.0,True,0.0,0.0,False,1.0,-1.0,True,-3.0,3.0,False
85000,Mark 55,Mark 22,VELVETFRUIT_EXTRACT,XIRECS,5248.0,6.0,3,508943.log,5247.0,5246,5248,5248.5,5247.5,5246.5,5248.5,2,1.0,2.0,0.0,True,False,HIT_BID_IDENTIFY_RESTING_BUYER,0.5,-0.5,True,-0.5,0.5,False,-1.5,1.5,False,0.5,-0.5,True
87100,Mark 14,Mark 38,HYDROGEL_PACK,XIRECS,10034.0,4.0,3,508943.log,10042.0,10034,10050,10042.0,10040.0,10041.0,10047.0,16,-8.0,0.0,-16.0,False,True,INVENTORY_FLATTEN,8.0,-8.0,True,6.0,-6.0,True,7.0,-7.0,True,13.0,-13.0,True
87300,Mark 01,Mark 22,VEV_5400,XIRECS,10.0,3.0,3,508943.log,10.5,10,11,11.0,10.5,11.0,12.5,1,-0.5,0.0,-1.0,False,True,INVENTORY_FLATTEN,1.0,-1.0,True,0.5,-0.5,True,1.0,-1.0,True,2.5,-2.5,True
87300,Mark 01,Mark 22,VEV_5500,XIRECS,3.0,3.0,3,508943.log,3.5,3,4,3.5,3.5,3.5,3.5,1,-0.5,0.0,-1.0,False,True,INVENTORY_FLATTEN,0.5,-0.5,True,0.5,-0.5,True,0.5,-0.5,True,0.5,-0.5,True
87300,Mark 01,Mark 22,VEV_6000,XIRECS,0.0,3.0,3,508943.log,0.5,0,1,0.5,0.5,0.5,0.5,1,-0.5,0.0,-1.0,False,True,INVENTORY_FLATTEN,0.5,-0.5,True,0.5,-0.5,True,0.5,-0.5,True,0.5,-0.5,True
87300,Mark 01,Mark 22,VEV_6500,XIRECS,0.0,3.0,3,508943.log,0.5,0,1,0.5,0.5,0.5,0.5,1,-0.5,0.0,-1.0,False,True,INVENTORY_FLATTEN,0.5,-0.5,True,0.5,-0.5,True,0.5,-0.5,True,0.5,-0.5,True
89800,Mark 38,Mark 14,HYDROGEL_PACK,XIRECS,10045.0,4.0,3,508943.log,10037.0,10029,10045,10037.0,10041.0,10041.0,10038.0,16,8.0,16.0,0.0,True,False,INVENTORY_FLATTEN,-8.0,8.0,False,-4.0,4.0,False,-4.0,4.0,False,-7.0,7.0,False
92200,Mark 01,Mark 22,VEV_5300,XIRECS,40.0,3.0,3,508943.log,41.0,40,42,41.0,41.0,41.0,39.0,2,-1.0,0.0,-2.0,False,True,SYMMETRIC_PASSIVE,1.0,-1.0,True,1.0,-1.0,True,1.0,-1.0,True,-1.0,1.0,False
92200,Mark 01,Mark 22,VEV_5400,XIRECS,12.0,3.0,3,508943.log,12.5,12,13,12.5,12.5,12.5,11.5,1,-0.5,0.0,-1.0,False,True,SYMMETRIC_PASSIVE,0.5,-0.5,True,0.5,-0.5,True,0.5,-0.5,True,-0.5,0.5,False
92200,Mark 01,Mark 22,VEV_5500,XIRECS,3.0,3.0,3,508943.log,3.5,3,4,3.5,3.5,3.5,3.5,1,-0.5,0.0,-1.0,False,True,SYMMETRIC_PASSIVE,0.5,-0.5,True,0.5,-0.5,True,0.5,-0.5,True,0.5,-0.5,True
92200,Mark 01,Mark 22,VEV_6000,XIRECS,0.0,3.0,3,508943.log,0.5,0,1,0.5,0.5,0.5,0.5,1,-0.5,0.0,-1.0,False,True,SYMMETRIC_PASSIVE,0.5,-0.5,True,0.5,-0.5,True,0.5,-0.5,True,0.5,-0.5,True
92200,Mark 01,Mark 22,VEV_6500,XIRECS,0.0,3.0,3,508943.log,0.5,0,1,0.5,0.5,0.5,0.5,1,-0.5,0.0,-1.0,False,True,SYMMETRIC_PASSIVE,0.5,-0.5,True,0.5,-0.5,True,0.5,-0.5,True,0.5,-0.5,True
92700,Mark 55,Mark 14,VELVETFRUIT_EXTRACT,XIRECS,5261.0,5.0,3,508943.log,5258.5,5256,5261,5258.5,5258.5,5256.5,5255.5,5,2.5,5.0,0.0,True,False,SYMMETRIC_PASSIVE,-2.5,2.5,False,-2.5,2.5,False,-4.5,4.5,False,-5.5,5.5,False
93700,Mark 55,Mark 14,VELVETFRUIT_EXTRACT,XIRECS,5259.0,4.0,3,508943.log,5256.5,5254,5259,5257.0,5254.0,5255.5,5255.5,5,2.5,5.0,0.0,True,False,SELL_BAIT_FOR_TARGET_BUYER,-2.0,2.0,False,-5.0,5.0,False,-3.5,3.5,False,-3.5,3.5,False
95200,Mark 38,Mark 14,HYDROGEL_PACK,XIRECS,10043.0,5.0,3,508943.log,10035.0,10027,10043,10036.0,10038.0,10040.0,,16,8.0,16.0,0.0,True,False,SELL_BAIT_FOR_TARGET_BUYER,-7.0,7.0,False,-5.0,5.0,False,-3.0,3.0,False,,,
95700,Mark 55,Mark 14,VELVETFRUIT_EXTRACT,XIRECS,5259.0,8.0,3,508943.log,5256.5,5254,5259,5255.0,5254.5,5255.5,,5,2.5,5.0,0.0,True,False,SELL_BAIT_FOR_TARGET_BUYER,-4.0,4.0,False,-4.5,4.5,False,-3.5,3.5,False,,,
96600,Mark 01,Mark 55,VELVETFRUIT_EXTRACT,XIRECS,5253.0,4.0,3,508943.log,5255.5,5253,5258,5255.5,5253.5,5254.5,,5,-2.5,0.0,-5.0,False,True,BUY_BAIT_FOR_TARGET_SELLER,2.5,-2.5,True,0.5,-0.5,True,1.5,-1.5,True,,,
98400,Mark 55,Mark 14,VELVETFRUIT_EXTRACT,XIRECS,5258.0,8.0,3,508943.log,5255.5,5253,5258,5256.5,5254.5,5252.5,,5,2.5,5.0,0.0,True,False,BUY_BAIT_FOR_TARGET_SELLER,-1.5,1.5,False,-3.5,3.5,False,-5.5,5.5,False,,,
98900,Mark 14,Mark 22,VEV_5200,XIRECS,88.0,3.0,3,508943.log,89.0,88,90,89.5,88.5,88.5,,2,-1.0,0.0,-2.0,False,True,BUY_BAIT_FOR_TARGET_SELLER,1.5,-1.5,True,0.5,-0.5,True,0.5,-0.5,True,,,
98900,Mark 01,Mark 22,VEV_5300,XIRECS,39.0,3.0,3,508943.log,40.0,39,41,40.0,39.0,39.0,,2,-1.0,0.0,-2.0,False,True,BUY_BAIT_FOR_TARGET_SELLER,1.0,-1.0,True,0.0,0.0,False,0.0,0.0,False,,,
98900,Mark 01,Mark 22,VEV_5400,XIRECS,11.0,3.0,3,508943.log,12.0,11,13,12.0,12.0,11.5,,2,-1.0,0.0,-2.0,False,True,BUY_BAIT_FOR_TARGET_SELLER,1.0,-1.0,True,1.0,-1.0,True,0.5,-0.5,True,,,
98900,Mark 01,Mark 22,VEV_5500,XIRECS,3.0,3.0,3,508943.log,3.5,3,4,3.5,3.5,3.5,,1,-0.5,0.0,-1.0,False,True,BUY_BAIT_FOR_TARGET_SELLER,0.5,-0.5,True,0.5,-0.5,True,0.5,-0.5,True,,,
98900,Mark 01,Mark 22,VEV_6000,XIRECS,0.0,3.0,3,508943.log,0.5,0,1,0.5,0.5,0.5,,1,-0.5,0.0,-1.0,False,True,BUY_BAIT_FOR_TARGET_SELLER,0.5,-0.5,True,0.5,-0.5,True,0.5,-0.5,True,,,
98900,Mark 01,Mark 22,VEV_6500,XIRECS,0.0,3.0,3,508943.log,0.5,0,1,0.5,0.5,0.5,,1,-0.5,0.0,-1.0,False,True,BUY_BAIT_FOR_TARGET_SELLER,0.5,-0.5,True,0.5,-0.5,True,0.5,-0.5,True,,,
99400,Mark 67,Mark 49,VELVETFRUIT_EXTRACT,XIRECS,5253.0,12.0,3,508943.log,5252.5,5252,5253,5254.5,5253.5,,,1,0.5,1.0,0.0,True,False,TAKE_ASK_IDENTIFY_RESTING_SELLER,1.5,-1.5,True,0.5,-0.5,True,,,,,,
