buyer,seller,trade_count,total_qty,products,avg_price,avg_buyer_markout_10,days_traded,source_logs
Mark 01,Mark 22,58,198.0,VEV_5300|VEV_5400|VEV_5500|VEV_6000|VEV_6500,7.482758620689655,0.5172413793103449,3,508943.log
Mark 01,Mark 55,3,12.0,VELVETFRUIT_EXTRACT,5270.333333333333,0.8333333333333334,3,508943.log
Mark 01,SUBMISSION,50,464.0,VEV_5000|VEV_5100|VEV_5300|VEV_5200|VELVETFRUIT_EXTRACT,418.72,2.09,3,508943.log
Mark 14,Mark 22,3,8.0,VEV_5400|VEV_5200,38.666666666666664,0.0,3,508943.log
Mark 14,Mark 38,12,51.0,VEV_4000|HYDROGEL_PACK,9299.416666666666,7.291666666666667,3,508943.log
Mark 14,Mark 55,3,22.0,VELVETFRUIT_EXTRACT,5258.666666666667,0.6666666666666666,3,508943.log
Mark 14,SUBMISSION,164,730.0,VEV_5000|VEV_5100|VEV_5200|VEV_5300|VEV_4500|VELVETFRUIT_EXTRACT|VEV_4000|HYDROGEL_PACK,549.810975609756,4.5184049079754605,3,508943.log
Mark 22,Mark 38,1,2.0,HYDROGEL_PACK,10055.0,-14.0,3,508943.log
Mark 22,SUBMISSION,21,85.0,VEV_5000|VEV_5100|VEV_5200|VEV_5300|VEV_4000,211.28571428571428,0.8333333333333334,3,508943.log
Mark 38,Mark 14,5,23.0,VEV_4000|HYDROGEL_PACK,8293.0,-6.7,3,508943.log
Mark 38,SUBMISSION,19,54.0,HYDROGEL_PACK|VEV_4000|VEV_4500|VEV_5000|VEV_5200|VEV_5100,4633.736842105263,-5.0,3,508943.log
Mark 55,Mark 01,2,9.0,VELVETFRUIT_EXTRACT,5265.5,-5.0,3,508943.log
Mark 55,Mark 14,8,44.0,VELVETFRUIT_EXTRACT,5261.0,-4.0625,3,508943.log
Mark 55,Mark 22,1,6.0,VELVETFRUIT_EXTRACT,5248.0,-1.5,3,508943.log
Mark 55,Mark 49,1,8.0,VELVETFRUIT_EXTRACT,5256.0,1.0,3,508943.log
Mark 55,SUBMISSION,4,17.0,VELVETFRUIT_EXTRACT,5273.75,-2.375,3,508943.log
Mark 67,Mark 22,1,7.0,VELVETFRUIT_EXTRACT,5264.0,3.5,3,508943.log
Mark 67,Mark 49,2,18.0,VELVETFRUIT_EXTRACT,5254.5,1.0,3,508943.log
Mark 67,SUBMISSION,2,12.0,VELVETFRUIT_EXTRACT,5254.5,1.0,3,508943.log
SUBMISSION,Mark 01,80,873.0,VEV_5300|VEV_5000|VEV_5200|VELVETFRUIT_EXTRACT|VEV_5100,213.7,-1.80625,3,508943.log
SUBMISSION,Mark 14,160,853.0,VEV_5200|VEV_5300|VEV_5100|VEV_4000|VEV_5000|VELVETFRUIT_EXTRACT|VEV_4500|HYDROGEL_PACK,1027.84375,-4.871875,3,508943.log
SUBMISSION,Mark 22,14,46.0,VELVETFRUIT_EXTRACT|VEV_5000|VEV_5100|VEV_5300|VEV_5200,547.5,-0.6428571428571429,3,508943.log
SUBMISSION,Mark 38,21,43.0,HYDROGEL_PACK|VEV_4000|VEV_4500|VEV_5000|VEV_5100|VEV_5200,4133.476190476191,4.714285714285714,3,508943.log
SUBMISSION,Mark 55,17,89.0,VELVETFRUIT_EXTRACT,5254.058823529412,2.3529411764705883,3,508943.log
