mean_b2,b1,b2,pnl_per_gardener,all_tied_b1
830.0,751,836,84.33333333333333,[751]
830.25,751,836,84.33333333333333,[751]
830.5,751,836,84.33333333333333,[751]
830.75,751,836,84.33333333333333,[751]
831.0,751,836,84.33333333333333,[751]
831.25,751,836,84.33333333333333,[751]
831.5,751,836,84.33333333333333,[751]
831.75,751,836,84.33333333333333,[751]
832.0,751,836,84.33333333333333,[751]
832.25,751,836,84.33333333333333,[751]
832.5,751,836,84.33333333333333,[751]
832.75,751,836,84.33333333333333,[751]
833.0,751,836,84.33333333333333,[751]
833.25,751,836,84.33333333333333,[751]
833.5,751,836,84.33333333333333,[751]
833.75,751,836,84.33333333333333,[751]
834.0,751,836,84.33333333333333,[751]
834.25,751,836,84.33333333333333,[751]
834.5,751,836,84.33333333333333,[751]
834.75,751,836,84.33333333333333,[751]
835.0,751,836,84.33333333333333,[751]
835.25,751,836,84.33333333333333,[751]
835.5,751,836,84.33333333333333,[751]
835.75,751,836,84.33333333333333,[751]
836.0,751,841,84.2156862745098,"[751, 756]"
836.25,751,841,84.2156862745098,"[751, 756]"
836.5,751,841,84.2156862745098,"[751, 756]"
836.75,751,841,84.2156862745098,"[751, 756]"
837.0,751,841,84.2156862745098,"[751, 756]"
837.25,751,841,84.2156862745098,"[751, 756]"
837.5,751,841,84.2156862745098,"[751, 756]"
837.75,751,841,84.2156862745098,"[751, 756]"
838.0,751,841,84.2156862745098,"[751, 756]"
838.25,751,841,84.2156862745098,"[751, 756]"
838.5,751,841,84.2156862745098,"[751, 756]"
838.75,751,841,84.2156862745098,"[751, 756]"
839.0,751,841,84.2156862745098,"[751, 756]"
839.25,751,841,84.2156862745098,"[751, 756]"
839.5,751,841,84.2156862745098,"[751, 756]"
839.75,751,841,84.2156862745098,"[751, 756]"
840.0,751,841,84.2156862745098,"[751, 756]"
840.25,751,841,84.2156862745098,"[751, 756]"
840.5,751,841,84.2156862745098,"[751, 756]"
840.75,751,841,84.2156862745098,"[751, 756]"
841.0,756,846,84.0,[756]
841.25,756,846,84.0,[756]
841.5,756,846,84.0,[756]
841.75,756,846,84.0,[756]
842.0,756,846,84.0,[756]
842.25,756,846,84.0,[756]
842.5,756,846,84.0,[756]
842.75,756,846,84.0,[756]
843.0,756,846,84.0,[756]
843.25,756,846,84.0,[756]
843.5,756,846,84.0,[756]
843.75,756,846,84.0,[756]
844.0,756,846,84.0,[756]
844.25,756,846,84.0,[756]
844.5,756,846,84.0,[756]
844.75,756,846,84.0,[756]
845.0,756,846,84.0,[756]
845.25,756,846,84.0,[756]
845.5,756,846,84.0,[756]
845.75,756,846,84.0,[756]
846.0,756,847,83.6470588235294,[756]
846.25,756,847,83.6470588235294,[756]
846.5,756,847,83.6470588235294,[756]
846.75,756,847,83.6470588235294,[756]
847.0,756,851,83.58823529411765,"[756, 761]"
847.25,756,851,83.58823529411765,"[756, 761]"
847.5,756,851,83.58823529411765,"[756, 761]"
847.75,756,851,83.58823529411765,"[756, 761]"
848.0,756,851,83.58823529411765,"[756, 761]"
848.25,756,851,83.58823529411765,"[756, 761]"
848.5,756,851,83.58823529411765,"[756, 761]"
848.75,756,851,83.58823529411765,"[756, 761]"
849.0,756,851,83.58823529411765,"[756, 761]"
849.25,756,851,83.58823529411765,"[756, 761]"
849.5,756,851,83.58823529411765,"[756, 761]"
849.75,756,851,83.58823529411765,"[756, 761]"
850.0,756,851,83.58823529411765,"[756, 761]"
850.25,756,851,83.58823529411765,"[756, 761]"
850.5,756,851,83.58823529411765,"[756, 761]"
850.75,756,851,83.58823529411765,"[756, 761]"
851.0,761,852,83.23529411764706,[761]
851.25,761,852,83.23529411764706,[761]
851.5,761,852,83.23529411764706,[761]
851.75,761,852,83.23529411764706,[761]
852.0,761,856,83.07843137254902,[761]
852.25,761,856,83.07843137254902,[761]
852.5,761,856,83.07843137254902,[761]
852.75,761,856,83.07843137254902,[761]
853.0,761,856,83.07843137254902,[761]
853.25,761,856,83.07843137254902,[761]
853.5,761,856,83.07843137254902,[761]
853.75,761,856,83.07843137254902,[761]
854.0,761,856,83.07843137254902,[761]
854.25,761,856,83.07843137254902,[761]
854.5,761,856,83.07843137254902,[761]
854.75,761,856,83.07843137254902,[761]
855.0,761,856,83.07843137254902,[761]
855.25,761,856,83.07843137254902,[761]
855.5,761,856,83.07843137254902,[761]
855.75,761,856,83.07843137254902,[761]
856.0,761,857,82.70588235294117,[761]
856.25,761,857,82.70588235294117,[761]
856.5,761,857,82.70588235294117,[761]
856.75,761,857,82.70588235294117,[761]
857.0,761,861,82.37254901960785,"[761, 766]"
857.25,761,861,82.37254901960785,"[761, 766]"
857.5,761,861,82.37254901960785,"[761, 766]"
857.75,761,861,82.37254901960785,"[761, 766]"
858.0,761,861,82.37254901960785,"[761, 766]"
858.25,761,861,82.37254901960785,"[761, 766]"
858.5,761,861,82.37254901960785,"[761, 766]"
858.75,761,861,82.37254901960785,"[761, 766]"
859.0,761,861,82.37254901960785,"[761, 766]"
859.25,761,861,82.37254901960785,"[761, 766]"
859.5,761,861,82.37254901960785,"[761, 766]"
859.75,761,861,82.37254901960785,"[761, 766]"
860.0,761,861,82.37254901960785,"[761, 766]"
860.25,761,861,82.37254901960785,"[761, 766]"
860.5,761,861,82.37254901960785,"[761, 766]"
860.75,761,861,82.37254901960785,"[761, 766]"
861.0,766,862,82.0,[766]
861.25,766,862,82.0,[766]
861.5,766,862,82.0,[766]
861.75,766,862,82.0,[766]
862.0,766,863,81.62745098039215,[766]
862.25,766,863,81.62745098039215,[766]
862.5,766,863,81.62745098039215,[766]
862.75,766,863,81.62745098039215,[766]
863.0,766,866,81.56862745098039,[766]
863.25,766,866,81.56862745098039,[766]
863.5,766,866,81.56862745098039,[766]
863.75,766,866,81.56862745098039,[766]
864.0,766,866,81.56862745098039,[766]
864.25,766,866,81.56862745098039,[766]
864.5,766,866,81.56862745098039,[766]
864.75,766,866,81.56862745098039,[766]
865.0,766,866,81.56862745098039,[766]
865.25,766,866,81.56862745098039,[766]
865.5,766,866,81.56862745098039,[766]
865.75,766,866,81.56862745098039,[766]
866.0,766,867,81.17647058823529,[766]
866.25,766,867,81.17647058823529,[766]
866.5,766,867,81.17647058823529,[766]
866.75,766,867,81.17647058823529,[766]
867.0,766,868,80.7843137254902,[766]
867.25,766,868,80.7843137254902,[766]
867.5,766,868,80.7843137254902,[766]
867.75,766,868,80.7843137254902,[766]
868.0,766,871,80.56862745098039,"[766, 771]"
868.25,766,871,80.56862745098039,"[766, 771]"
868.5,766,871,80.56862745098039,"[766, 771]"
868.75,766,871,80.56862745098039,"[766, 771]"
869.0,766,871,80.56862745098039,"[766, 771]"
869.25,766,871,80.56862745098039,"[766, 771]"
869.5,766,871,80.56862745098039,"[766, 771]"
869.75,766,871,80.56862745098039,"[766, 771]"
870.0,766,871,80.56862745098039,"[766, 771]"
870.25,766,871,80.56862745098039,"[766, 771]"
870.5,766,871,80.56862745098039,"[766, 771]"
870.75,766,871,80.56862745098039,"[766, 771]"
871.0,771,872,80.17647058823529,[771]
871.25,771,872,80.17647058823529,[771]
871.5,771,872,80.17647058823529,[771]
871.75,771,872,80.17647058823529,[771]
872.0,771,873,79.7843137254902,[771]
872.25,771,873,79.7843137254902,[771]
872.5,771,873,79.7843137254902,[771]
872.75,771,873,79.7843137254902,[771]
873.0,771,876,79.47058823529412,[771]
873.25,771,876,79.47058823529412,[771]
873.5,771,876,79.47058823529412,[771]
873.75,771,876,79.47058823529412,[771]
874.0,771,876,79.47058823529412,[771]
874.25,771,876,79.47058823529412,[771]
874.5,771,876,79.47058823529412,[771]
874.75,771,876,79.47058823529412,[771]
875.0,771,876,79.47058823529412,[771]
875.25,771,876,79.47058823529412,[771]
875.5,771,876,79.47058823529412,[771]
875.75,771,876,79.47058823529412,[771]
876.0,771,877,79.05882352941177,[771]
876.25,771,877,79.05882352941177,[771]
876.5,771,877,79.05882352941177,[771]
876.75,771,877,79.05882352941177,[771]
877.0,771,878,78.6470588235294,[771]
877.25,771,878,78.6470588235294,[771]
877.5,771,878,78.6470588235294,[771]
877.75,771,878,78.6470588235294,[771]
878.0,771,879,78.23529411764706,[771]
878.25,771,879,78.23529411764706,[771]
878.5,771,879,78.23529411764706,[771]
878.75,771,879,78.23529411764706,[771]
879.0,771,881,78.17647058823529,"[771, 776]"
879.25,771,881,78.17647058823529,"[771, 776]"
879.5,771,881,78.17647058823529,"[771, 776]"
879.75,771,881,78.17647058823529,"[771, 776]"
880.0,771,881,78.17647058823529,"[771, 776]"
880.25,771,881,78.17647058823529,"[771, 776]"
880.5,771,881,78.17647058823529,"[771, 776]"
880.75,771,881,78.17647058823529,"[771, 776]"
