b1,b2,expected_pnl_per_gardener,prob_b2_above_mean,mean_shortfall_if_fails
761,851,83.58823529411768,1.0,0.0
756,851,83.58823529411768,1.0,0.0
756,847,83.53276185522049,0.2107,0.10823555000000008
761,847,83.46068031424419,0.2107,0.10823555000000008
751,847,83.40876496482424,0.2107,0.10823555000000008
766,851,83.39215686274508,1.0,0.0
751,851,83.39215686274508,1.0,0.0
756,848,83.29411764705883,1.0,0.0
761,852,83.23529411764706,1.0,0.0
761,848,83.23529411764706,1.0,0.0
756,852,83.21568627450982,1.0,0.0
766,847,83.19252034189533,0.2107,0.10823555000000008
751,848,83.15686274509801,1.0,0.0
746,847,83.08868964305546,0.2107,0.10823555000000008
761,856,83.07843137254902,1.0,0.0
766,852,83.05882352941175,1.0,0.0
751,852,83.0,1.0,0.0
746,851,83.0,1.0,0.0
771,851,83.0,1.0,0.0
766,856,82.98039215686275,1.0,0.0
756,856,82.98039215686275,1.0,0.0
766,848,82.98039215686275,1.0,0.0
756,849,82.94117647058825,1.0,0.0
761,849,82.90196078431373,1.0,0.0
761,853,82.88235294117646,1.0,0.0
756,846,82.858582354807,0.0,1.0942911124999999
756,853,82.84313725490199,1.0,0.0
761,846,82.82395523052033,0.0,1.0942911124999999
746,848,82.82352941176472,1.0,0.0
751,849,82.78431372549018,1.0,0.0
771,847,82.72828193817395,0.2107,0.10823555000000008
766,853,82.72549019607844,1.0,0.0
761,857,82.70588235294117,1.0,0.0
751,846,82.69713104772109,0.0,1.0942911124999999
751,856,82.68627450980392,1.0,0.0
771,852,82.68627450980392,1.0,0.0
771,856,82.68627450980392,1.0,0.0
766,849,82.66666666666666,1.0,0.0
766,857,82.62745098039217,1.0,0.0
751,853,82.60784313725492,1.0,0.0
766,846,82.59324967486111,0.0,1.0942911124999999
746,852,82.58823529411768,1.0,0.0
756,857,82.58823529411768,1.0,0.0
756,850,82.58823529411768,1.0,0.0
741,847,82.57253588991409,0.2107,0.10823555000000008
761,850,82.56862745098039,1.0,0.0
761,854,82.52941176470587,1.0,0.0
771,848,82.52941176470587,1.0,0.0
756,854,82.47058823529413,1.0,0.0
746,849,82.43137254901961,1.0,0.0
741,851,82.41176470588232,1.0,0.0
776,851,82.41176470588232,1.0,0.0
751,850,82.41176470588232,1.0,0.0
766,854,82.39215686274508,1.0,0.0
771,853,82.37254901960783,1.0,0.0
761,861,82.37254901960783,1.0,0.0
766,861,82.37254901960783,1.0,0.0
766,850,82.3529411764706,1.0,0.0
771,857,82.3529411764706,1.0,0.0
746,846,82.33960130926266,0.0,1.0942911124999999
761,858,82.33333333333334,1.0,0.0
741,848,82.29411764705883,1.0,0.0
766,858,82.27450980392156,1.0,0.0
751,857,82.27450980392156,1.0,0.0
771,849,82.23529411764706,1.0,0.0
751,854,82.21568627450982,1.0,0.0
776,856,82.19607843137256,1.0,0.0
746,856,82.19607843137256,1.0,0.0
756,858,82.19607843137256,1.0,0.0
771,861,82.17647058823528,1.0,0.0
746,853,82.17647058823528,1.0,0.0
761,855,82.17647058823528,1.0,0.0
756,861,82.17647058823528,1.0,0.0
771,846,82.16646568782934,0.0,1.0942911124999999
776,852,82.11764705882354,1.0,0.0
756,855,82.09803921568627,1.0,0.0
776,847,82.06796510307998,0.2107,0.10823555000000008
771,854,82.05882352941175,1.0,0.0
766,855,82.05882352941175,1.0,0.0
746,850,82.0392156862745,1.0,0.0
771,858,82.01960784313725,1.0,0.0
766,862,82.0,1.0,0.0
761,862,81.98039215686275,1.0,0.0
741,852,81.98039215686275,1.0,0.0
761,859,81.9607843137255,1.0,0.0
771,850,81.94117647058825,1.0,0.0
766,859,81.92156862745098,1.0,0.0
776,857,81.88235294117646,1.0,0.0
776,848,81.88235294117646,1.0,0.0
741,849,81.88235294117646,1.0,0.0
751,858,81.86274509803923,1.0,0.0
736,847,81.8603037054002,0.2107,0.10823555000000008
776,853,81.82352941176472,1.0,0.0
751,855,81.82352941176472,1.0,0.0
771,862,81.82352941176472,1.0,0.0
756,859,81.80392156862744,1.0,0.0
741,846,81.78599313943167,0.0,1.0942911124999999
776,861,81.78431372549018,1.0,0.0
751,861,81.78431372549018,1.0,0.0
746,854,81.76470588235294,1.0,0.0
