timestamp,buyer,seller,symbol,currency,price,quantity,side,counterparty,mode,order_price,order_qty,abs_order_qty,bid_price_1,ask_price_1,bid_volume_1,ask_volume_1,bid_price_2,ask_price_2,bid_price_3,ask_price_3,mid_price,spread,price_minus_mid,price_minus_fair_static,price_vs_best_same_side,price_vs_best_opposite,buyer_markout_1,buyer_markout_5,buyer_markout_10,buyer_markout_50,seller_markout_1,seller_markout_5,seller_markout_10,seller_markout_50,sub_markout_1,sub_markout_5,sub_markout_10,sub_markout_50,quote_run_ms_including_fill_tick
1700,SUBMISSION,Mark 38,VEV_5000,XIRECS,297.0,2,BUY,Mark 38,SPARSE_DEPTH,297.0,6,6,296,303,10,10,295.0,304.0,,,299.5,7,-2.5,31.0,1.0,-6.0,3.5,2.5,-1.5,0.5,-3.5,-2.5,1.5,-0.5,3.5,2.5,-1.5,0.5,100
8700,Mark 38,SUBMISSION,VEV_5100,XIRECS,206.0,2,SELL,Mark 38,THIN_ASK,206.0,-6,6,202,207,29,6,,208.0,,,204.5,5,1.5,31.0,-1.0,4.0,-1.5,-1.5,-2.0,-10.5,1.5,1.5,2.0,10.5,1.5,1.5,2.0,10.5,100
21400,SUBMISSION,Mark 67,VELVETFRUIT_EXTRACT,XIRECS,5275.0,4,BUY,Mark 67,SPARSE_DEPTH,5275.0,4,4,5274,5277,15,50,5271.0,,,,5275.5,3,-0.5,13.0,1.0,-2.0,0.5,3.5,3.0,-7.5,-0.5,-3.5,-3.0,7.5,0.5,3.5,3.0,-7.5,100
22800,Mark 38,SUBMISSION,VEV_4000,XIRECS,1282.0,3,SELL,Mark 38,SPARSE_DEPTH,1282.0,-7,7,1262,1283,15,15,1259.0,1286.0,,,1272.5,21,9.5,17.0,-1.0,20.0,-8.0,-8.5,-7.0,-11.0,8.0,8.5,7.0,11.0,8.0,8.5,7.0,11.0,200
22800,Mark 38,SUBMISSION,VEV_4500,XIRECS,780.0,3,SELL,Mark 38,SPARSE_DEPTH,780.0,-6,6,764,781,11,11,762.0,782.0,,,772.5,17,7.5,16.0,-1.0,16.0,-6.0,-6.0,-5.0,-9.0,6.0,6.0,5.0,9.0,6.0,6.0,5.0,9.0,200
31300,SUBMISSION,Mark 38,HYDROGEL_PACK,XIRECS,10033.0,3,BUY,Mark 38,SPARSE_DEPTH,10033.0,7,7,10032,10048,10,10,10030.0,10051.0,,,10040.0,16,-7.0,33.0,1.0,-15.0,8.0,11.0,13.0,-2.0,-8.0,-11.0,-13.0,2.0,8.0,11.0,13.0,-2.0,200
32000,Mark 67,SUBMISSION,VELVETFRUIT_EXTRACT,XIRECS,5263.0,5,SELL,Mark 67,WIDE_SPREAD,5263.0,-5,5,5261,5266,58,18,,5267.0,,,5263.5,5,-0.5,1.0,-3.0,2.0,1.0,4.5,5.5,8.5,-1.0,-4.5,-5.5,-8.5,-1.0,-4.5,-5.5,-8.5,100
43600,SUBMISSION,Mark 38,VEV_4000,XIRECS,1258.0,1,BUY,Mark 38,WIDE_SPREAD,1258.0,7,7,1240,1261,8,8,1237.0,1263.0,,,1250.5,21,7.5,-7.0,18.0,-3.0,-7.5,-8.5,-4.5,-6.5,7.5,8.5,4.5,6.5,-7.5,-8.5,-4.5,-6.5,300
56200,SUBMISSION,Mark 38,HYDROGEL_PACK,XIRECS,10038.0,6,BUY,Mark 38,SPARSE_DEPTH,10038.0,7,7,10037,10053,11,11,10034.0,10055.0,,,10045.0,16,-7.0,38.0,1.0,-15.0,6.0,4.0,11.0,19.0,-6.0,-4.0,-11.0,-19.0,6.0,4.0,11.0,19.0,300
56400,SUBMISSION,Mark 55,VELVETFRUIT_EXTRACT,XIRECS,5251.0,5,BUY,Mark 55,SPARSE_DEPTH,5251.0,5,5,5250,5255,53,15,,5256.0,,,5252.5,5,-1.5,-11.0,1.0,-4.0,2.5,3.5,7.5,-4.5,-2.5,-3.5,-7.5,4.5,2.5,3.5,7.5,-4.5,200
60600,SUBMISSION,Mark 38,VEV_5100,XIRECS,160.0,2,BUY,Mark 38,SPARSE_DEPTH,160.0,5,5,159,163,9,25,158.0,,,,161.0,4,-1.0,-15.0,1.0,-3.0,0.5,1.0,-1.0,8.0,-0.5,-1.0,1.0,-8.0,0.5,1.0,-1.0,8.0,100
61300,Mark 38,SUBMISSION,HYDROGEL_PACK,XIRECS,10065.0,6,SELL,Mark 38,SPARSE_DEPTH,10065.0,-7,7,10050,10066,10,10,10047.0,10068.0,,,10058.0,16,7.0,65.0,-1.0,15.0,-6.0,-11.0,-10.0,-22.0,6.0,11.0,10.0,22.0,6.0,11.0,10.0,22.0,100
70200,Mark 38,SUBMISSION,VEV_5100,XIRECS,168.0,1,SELL,Mark 38,SPARSE_DEPTH,168.0,-5,5,165,169,9,9,164.0,170.0,,,167.0,4,1.0,-7.0,-1.0,3.0,-2.0,-2.0,-1.0,1.0,2.0,2.0,1.0,-1.0,2.0,2.0,1.0,-1.0,100
72800,Mark 67,SUBMISSION,VELVETFRUIT_EXTRACT,XIRECS,5263.0,5,SELL,Mark 67,WIDE_SPREAD,5263.0,-5,5,5261,5266,51,17,,5267.0,,,5263.5,5,-0.5,1.0,-3.0,2.0,0.5,1.5,-3.5,-7.5,-0.5,-1.5,3.5,7.5,-0.5,-1.5,3.5,7.5,400
76100,SUBMISSION,Mark 38,VEV_5000,XIRECS,258.0,2,BUY,Mark 38,SPARSE_DEPTH,258.0,6,6,257,263,6,6,256.0,264.0,,,260.0,6,-2.0,-8.0,1.0,-5.0,2.0,2.0,1.5,5.0,-2.0,-2.0,-1.5,-5.0,2.0,2.0,1.5,5.0,200
82100,SUBMISSION,Mark 67,VELVETFRUIT_EXTRACT,XIRECS,5262.0,4,BUY,Mark 67,WIDE_SPREAD,5262.0,4,4,5261,5264,8,51,5259.0,,5258.0,,5262.5,3,-0.5,0.0,1.0,-2.0,-1.5,-1.5,-2.5,-14.5,1.5,1.5,2.5,14.5,-1.5,-1.5,-2.5,-14.5,100
86100,SUBMISSION,Mark 55,VELVETFRUIT_EXTRACT,XIRECS,5245.0,5,BUY,Mark 55,SPARSE_DEPTH,5245.0,5,5,5244,5249,68,25,,5250.0,,,5246.5,5,-1.5,-17.0,1.0,-4.0,0.5,-0.5,2.5,6.5,-0.5,0.5,-2.5,-6.5,0.5,-0.5,2.5,6.5,200
91700,SUBMISSION,Mark 55,VELVETFRUIT_EXTRACT,XIRECS,5251.0,5,BUY,Mark 55,SPARSE_DEPTH,5251.0,5,5,5250,5256,55,55,,,,,5253.0,6,-2.0,-11.0,1.0,-5.0,3.5,5.5,7.5,4.5,-3.5,-5.5,-7.5,-4.5,3.5,5.5,7.5,4.5,100
96600,SUBMISSION,Mark 55,VELVETFRUIT_EXTRACT,XIRECS,5254.0,4,BUY,Mark 55,SPARSE_DEPTH,5254.0,5,5,5253,5258,61,20,,5259.0,,,5255.5,5,-1.5,-8.0,1.0,-4.0,1.5,-0.5,0.5,,-1.5,0.5,-0.5,,1.5,-0.5,0.5,,200
