group,day,leader,lagger,horizon,leader_positive_threshold,positive_event_count,mean_future_lagger_after_positive,leader_negative_threshold,negative_event_count,mean_future_lagger_after_negative
robots,2,ROBOT_MOPPING,ROBOT_IRONING,1,17.0,553,0.2875226039783002,-17.0,547,-0.5786106032906764
robots,2,ROBOT_MOPPING,ROBOT_IRONING,2,17.0,553,0.4837251356238698,-17.0,547,-0.4323583180987203
robots,2,ROBOT_MOPPING,ROBOT_IRONING,5,17.0,553,-0.009041591320072333,-17.0,547,-0.7888482632541134
robots,2,ROBOT_MOPPING,ROBOT_IRONING,10,17.0,553,0.7649186256781193,-17.0,547,-1.1581352833638026
robots,2,ROBOT_MOPPING,ROBOT_IRONING,20,17.0,552,0.338768115942029,-17.0,546,-1.8168498168498168
robots,2,ROBOT_MOPPING,ROBOT_IRONING,50,17.0,550,-1.3018181818181818,-17.0,545,-3.175229357798165
robots,2,ROBOT_MOPPING,ROBOT_IRONING,100,17.0,545,-2.971559633027523,-17.0,541,-0.32717190388170053
robots,3,ROBOT_MOPPING,ROBOT_IRONING,1,18.0,543,-0.3241252302025783,-18.0,526,0.31368821292775667
robots,3,ROBOT_MOPPING,ROBOT_IRONING,2,18.0,543,-0.9742173112338858,-18.0,526,-0.6340304182509505
robots,3,ROBOT_MOPPING,ROBOT_IRONING,5,18.0,543,-0.21731123388581952,-18.0,525,-2.4
robots,3,ROBOT_MOPPING,ROBOT_IRONING,10,18.0,543,-1.8885819521178637,-18.0,525,-3.3142857142857145
robots,3,ROBOT_MOPPING,ROBOT_IRONING,20,18.0,543,-3.994475138121547,-18.0,524,-6.001908396946565
robots,3,ROBOT_MOPPING,ROBOT_IRONING,50,18.0,542,-12.409594095940959,-18.0,522,-13.739463601532567
robots,3,ROBOT_MOPPING,ROBOT_IRONING,100,18.0,541,-29.23105360443623,-18.0,520,-27.23076923076923
robots,4,ROBOT_MOPPING,ROBOT_IRONING,1,19.0,561,0.15151515151515152,-19.0,539,0.0862708719851577
robots,4,ROBOT_MOPPING,ROBOT_IRONING,2,19.0,561,0.27450980392156865,-19.0,539,-0.13079777365491652
robots,4,ROBOT_MOPPING,ROBOT_IRONING,5,19.0,561,0.18270944741532977,-19.0,539,-0.08348794063079777
robots,4,ROBOT_MOPPING,ROBOT_IRONING,10,19.0,560,1.3696428571428572,-19.0,539,-0.3692022263450835
robots,4,ROBOT_MOPPING,ROBOT_IRONING,20,19.0,560,1.4330357142857142,-19.0,539,-2.6910946196660483
robots,4,ROBOT_MOPPING,ROBOT_IRONING,50,19.0,558,2.695340501792115,-19.0,539,-0.6122448979591837
robots,4,ROBOT_MOPPING,ROBOT_IRONING,100,19.0,555,1.026126126126126,-19.0,536,0.07929104477611941
pebbles,2,PEBBLES_XL,PEBBLES_M,1,50.0,516,-0.7315891472868217,-50.0,511,-0.773972602739726
pebbles,2,PEBBLES_XL,PEBBLES_M,2,50.0,516,-0.7810077519379846,-50.0,511,-0.9403131115459883
pebbles,2,PEBBLES_XL,PEBBLES_M,5,50.0,515,-2.404854368932039,-50.0,511,-0.19471624266144813
pebbles,2,PEBBLES_XL,PEBBLES_M,10,50.0,514,-3.1994163424124515,-50.0,510,-0.8450980392156863
pebbles,2,PEBBLES_XL,PEBBLES_M,20,50.0,514,-4.05544747081712,-50.0,510,-1.531372549019608
pebbles,2,PEBBLES_XL,PEBBLES_M,50,50.0,513,-9.326510721247564,-50.0,506,-8.129446640316205
pebbles,2,PEBBLES_XL,PEBBLES_M,100,50.0,508,-11.047244094488189,-50.0,500,-11.976
pebbles,3,PEBBLES_XL,PEBBLES_M,1,49.0,517,0.31721470019342357,-50.5,501,0.9111776447105788
pebbles,3,PEBBLES_XL,PEBBLES_M,2,49.0,517,0.07446808510638298,-50.5,501,0.9720558882235529
pebbles,3,PEBBLES_XL,PEBBLES_M,5,49.0,517,0.4796905222437137,-50.5,501,3.593812375249501
pebbles,3,PEBBLES_XL,PEBBLES_M,10,49.0,517,0.2330754352030948,-50.5,501,8.682634730538922
pebbles,3,PEBBLES_XL,PEBBLES_M,20,49.0,516,1.686046511627907,-50.5,501,8.481037924151696
pebbles,3,PEBBLES_XL,PEBBLES_M,50,49.0,515,9.809708737864078,-50.5,501,8.810379241516966
pebbles,3,PEBBLES_XL,PEBBLES_M,100,49.0,512,13.2841796875,-50.5,494,11.025303643724696
pebbles,4,PEBBLES_XL,PEBBLES_M,1,51.0,505,-1.2306930693069307,-49.5,504,0.1488095238095238
pebbles,4,PEBBLES_XL,PEBBLES_M,2,51.0,504,-0.5744047619047619,-49.5,504,1.1408730158730158
pebbles,4,PEBBLES_XL,PEBBLES_M,5,51.0,504,-0.29662698412698413,-49.5,504,0.9761904761904762
pebbles,4,PEBBLES_XL,PEBBLES_M,10,51.0,504,-0.5198412698412699,-49.5,504,-0.015873015873015872
pebbles,4,PEBBLES_XL,PEBBLES_M,20,51.0,501,-1.7564870259481038,-49.5,503,-0.8747514910536779
pebbles,4,PEBBLES_XL,PEBBLES_M,50,51.0,500,1.577,-49.5,501,-6.4750499001996005
pebbles,4,PEBBLES_XL,PEBBLES_M,100,51.0,499,5.082164328657314,-49.5,497,-8.653923541247485
pebbles,2,PEBBLES_M,PEBBLES_XS,1,25.0,517,1.2591876208897486,-24.5,519,-0.603082851637765
pebbles,2,PEBBLES_M,PEBBLES_XS,2,25.0,517,1.6073500967117988,-24.5,519,0.36416184971098264
pebbles,2,PEBBLES_M,PEBBLES_XS,5,25.0,517,1.0415860735009672,-24.5,519,0.35067437379576105
pebbles,2,PEBBLES_M,PEBBLES_XS,10,25.0,516,-0.9554263565891473,-24.5,519,0.15606936416184972
pebbles,2,PEBBLES_M,PEBBLES_XS,20,25.0,516,-1.4728682170542635,-24.5,519,1.882466281310212
pebbles,2,PEBBLES_M,PEBBLES_XS,50,25.0,515,-8.475728155339805,-24.5,518,-4.112934362934363
pebbles,2,PEBBLES_M,PEBBLES_XS,100,25.0,513,-19.352826510721247,-24.5,514,-10.552529182879377
pebbles,3,PEBBLES_M,PEBBLES_XS,1,25.0,522,0.6800766283524904,-25.0,508,0.12106299212598425
pebbles,3,PEBBLES_M,PEBBLES_XS,2,25.0,522,0.5316091954022989,-25.0,508,-0.43503937007874016
pebbles,3,PEBBLES_M,PEBBLES_XS,5,25.0,522,2.5,-25.0,508,-1.3828740157480315
pebbles,3,PEBBLES_M,PEBBLES_XS,10,25.0,522,2.46455938697318,-25.0,508,-0.3690944881889764
pebbles,3,PEBBLES_M,PEBBLES_XS,20,25.0,522,1.5421455938697317,-25.0,508,-2.9242125984251968
pebbles,3,PEBBLES_M,PEBBLES_XS,50,25.0,521,-4.176583493282149,-25.0,503,-0.7326043737574552
pebbles,3,PEBBLES_M,PEBBLES_XS,100,25.0,518,-18.348455598455597,-25.0,501,-1.3802395209580838
pebbles,4,PEBBLES_M,PEBBLES_XS,1,25.0,523,0.5669216061185468,-24.5,519,-0.31213872832369943
pebbles,4,PEBBLES_M,PEBBLES_XS,2,25.0,523,0.4751434034416826,-24.5,519,-0.9123314065510597
pebbles,4,PEBBLES_M,PEBBLES_XS,5,25.0,523,1.5401529636711282,-24.5,518,-1.3667953667953667
pebbles,4,PEBBLES_M,PEBBLES_XS,10,25.0,523,1.4837476099426385,-24.5,518,2.6882239382239383
pebbles,4,PEBBLES_M,PEBBLES_XS,20,25.0,522,-1.2758620689655173,-24.5,518,1.2316602316602316
pebbles,4,PEBBLES_M,PEBBLES_XS,50,25.0,522,-7.175287356321839,-24.5,517,-4.084139264990329
pebbles,4,PEBBLES_M,PEBBLES_XS,100,25.0,519,-16.747591522157997,-24.5,514,-3.2140077821011674
pebbles,2,PEBBLES_S,PEBBLES_XL,1,24.5,519,-0.6897880539499036,-25.0,527,2.603415559772296
pebbles,2,PEBBLES_S,PEBBLES_XL,2,24.5,519,-0.9470134874759152,-25.0,527,2.027514231499051
pebbles,2,PEBBLES_S,PEBBLES_XL,5,24.5,519,-1.7870905587668593,-25.0,526,1.7832699619771863
pebbles,2,PEBBLES_S,PEBBLES_XL,10,24.5,519,1.4113680154142583,-25.0,526,-1.8830798479087452
pebbles,2,PEBBLES_S,PEBBLES_XL,20,24.5,519,3.3699421965317917,-25.0,526,-0.282319391634981
pebbles,2,PEBBLES_S,PEBBLES_XL,50,24.5,517,18.19148936170213,-25.0,525,17.15047619047619
pebbles,2,PEBBLES_S,PEBBLES_XL,100,24.5,511,28.268101761252446,-25.0,523,31.949330783938816
pebbles,3,PEBBLES_S,PEBBLES_XL,1,25.0,538,-1.4321561338289963,-24.5,504,-1.9206349206349207
pebbles,3,PEBBLES_S,PEBBLES_XL,2,25.0,538,-0.8262081784386617,-24.5,504,-1.8313492063492063
pebbles,3,PEBBLES_S,PEBBLES_XL,5,25.0,538,3.0362453531598512,-24.5,504,0.4027777777777778
pebbles,3,PEBBLES_S,PEBBLES_XL,10,25.0,538,-0.4516728624535316,-24.5,504,-0.4126984126984127
pebbles,3,PEBBLES_S,PEBBLES_XL,20,25.0,538,-4.7407063197026025,-24.5,504,-0.8412698412698413
pebbles,3,PEBBLES_S,PEBBLES_XL,50,25.0,535,-5.336448598130841,-24.5,503,-23.720675944333998
pebbles,3,PEBBLES_S,PEBBLES_XL,100,25.0,532,-17.05545112781955,-24.5,503,-28.97713717693837
pebbles,4,PEBBLES_S,PEBBLES_XL,1,24.050000000000182,500,0.064,-24.5,532,-1.5451127819548873
pebbles,4,PEBBLES_S,PEBBLES_XL,2,24.050000000000182,500,0.256,-24.5,532,-3.7152255639097747
pebbles,4,PEBBLES_S,PEBBLES_XL,5,24.050000000000182,499,2.6783567134268536,-24.5,532,-0.6851503759398496
pebbles,4,PEBBLES_S,PEBBLES_XL,10,24.050000000000182,499,7.69438877755511,-24.5,531,1.1412429378531073
pebbles,4,PEBBLES_S,PEBBLES_XL,20,24.050000000000182,499,13.03807615230461,-24.5,531,1.2495291902071564
pebbles,4,PEBBLES_S,PEBBLES_XL,50,24.050000000000182,498,40.25,-24.5,531,16.806967984934087
pebbles,4,PEBBLES_S,PEBBLES_XL,100,24.050000000000182,495,45.481818181818184,-24.5,527,43.50379506641366
robots,2,ROBOT_VACUUMING,ROBOT_MOPPING,1,16.0,538,-0.3828996282527881,-16.0,545,0.0027522935779816515
robots,2,ROBOT_VACUUMING,ROBOT_MOPPING,2,16.0,538,-1.1366171003717471,-16.0,545,-0.10366972477064221
robots,2,ROBOT_VACUUMING,ROBOT_MOPPING,5,16.0,538,-1.7853159851301115,-16.0,545,0.25321100917431194
robots,2,ROBOT_VACUUMING,ROBOT_MOPPING,10,16.0,537,-2.5940409683426444,-16.0,545,-0.010091743119266056
robots,2,ROBOT_VACUUMING,ROBOT_MOPPING,20,16.0,537,-1.266294227188082,-16.0,545,-1.144954128440367
robots,2,ROBOT_VACUUMING,ROBOT_MOPPING,50,16.0,534,-0.8108614232209738,-16.0,543,1.3499079189686924
robots,2,ROBOT_VACUUMING,ROBOT_MOPPING,100,16.0,533,1.9624765478424016,-16.0,536,3.332089552238806
robots,3,ROBOT_VACUUMING,ROBOT_MOPPING,1,15.0,560,-0.05803571428571429,-15.5,509,0.0825147347740668
robots,3,ROBOT_VACUUMING,ROBOT_MOPPING,2,15.0,560,-0.12678571428571428,-15.5,509,0.5618860510805501
robots,3,ROBOT_VACUUMING,ROBOT_MOPPING,5,15.0,560,-1.8044642857142856,-15.5,509,1.6611001964636543
robots,3,ROBOT_VACUUMING,ROBOT_MOPPING,10,15.0,560,-0.12678571428571428,-15.5,509,4.606090373280943
robots,3,ROBOT_VACUUMING,ROBOT_MOPPING,20,15.0,559,3.0617173524150267,-15.5,509,7.00098231827112
robots,3,ROBOT_VACUUMING,ROBOT_MOPPING,50,15.0,558,8.307347670250897,-15.5,508,16.266732283464567
robots,3,ROBOT_VACUUMING,ROBOT_MOPPING,100,15.0,557,21.43177737881508,-15.5,507,23.785009861932938
robots,4,ROBOT_VACUUMING,ROBOT_MOPPING,1,14.0,535,-0.7542056074766356,-14.5,513,0.4161793372319688
robots,4,ROBOT_VACUUMING,ROBOT_MOPPING,2,14.0,535,-1.82803738317757,-14.5,513,0.10818713450292397
robots,4,ROBOT_VACUUMING,ROBOT_MOPPING,5,14.0,535,-2.8672897196261684,-14.5,513,0.6432748538011696
robots,4,ROBOT_VACUUMING,ROBOT_MOPPING,10,14.0,535,-4.21588785046729,-14.5,513,0.5058479532163743
robots,4,ROBOT_VACUUMING,ROBOT_MOPPING,20,14.0,535,-5.445794392523364,-14.5,513,-0.3460038986354776
robots,4,ROBOT_VACUUMING,ROBOT_MOPPING,50,14.0,535,-5.357009345794393,-14.5,511,-4.7641878669275926
robots,4,ROBOT_VACUUMING,ROBOT_MOPPING,100,14.0,535,-6.697196261682243,-14.5,509,-6.6227897838899805
pebbles,2,PEBBLES_M,PEBBLES_L,1,25.0,517,-1.1005802707930368,-24.5,519,-0.5558766859344894
pebbles,2,PEBBLES_M,PEBBLES_L,2,25.0,517,-1.2736943907156673,-24.5,519,-0.3853564547206166
pebbles,2,PEBBLES_M,PEBBLES_L,5,25.0,517,-1.9680851063829787,-24.5,519,-0.23603082851637766
pebbles,2,PEBBLES_M,PEBBLES_L,10,25.0,516,-3.61531007751938,-24.5,519,0.8198458574181118
pebbles,2,PEBBLES_M,PEBBLES_L,20,25.0,516,-3.375,-24.5,519,-1.4171483622350673
pebbles,2,PEBBLES_M,PEBBLES_L,50,25.0,515,-4.252427184466019,-24.5,518,-3.8696911196911197
pebbles,2,PEBBLES_M,PEBBLES_L,100,25.0,513,-6.169590643274854,-24.5,514,-1.0982490272373542
pebbles,3,PEBBLES_M,PEBBLES_L,1,25.0,522,0.4942528735632184,-25.0,508,0.8996062992125984
pebbles,3,PEBBLES_M,PEBBLES_L,2,25.0,522,0.171455938697318,-25.0,508,1.045275590551181
pebbles,3,PEBBLES_M,PEBBLES_L,5,25.0,522,1.4300766283524904,-25.0,508,2.530511811023622
pebbles,3,PEBBLES_M,PEBBLES_L,10,25.0,522,3.4454022988505746,-25.0,508,1.0216535433070866
pebbles,3,PEBBLES_M,PEBBLES_L,20,25.0,522,3.967432950191571,-25.0,508,-1.343503937007874
pebbles,3,PEBBLES_M,PEBBLES_L,50,25.0,521,2.3666026871401153,-25.0,503,0.7723658051689861
pebbles,3,PEBBLES_M,PEBBLES_L,100,25.0,518,4.5994208494208495,-25.0,501,8.318363273453095
pebbles,4,PEBBLES_M,PEBBLES_L,1,25.0,523,-0.19694072657743786,-24.5,519,-1.953757225433526
pebbles,4,PEBBLES_M,PEBBLES_L,2,25.0,523,0.017208413001912046,-24.5,519,-3.08766859344894
pebbles,4,PEBBLES_M,PEBBLES_L,5,25.0,523,-0.762906309751434,-24.5,518,-6.236486486486487
pebbles,4,PEBBLES_M,PEBBLES_L,10,25.0,523,0.4043977055449331,-24.5,518,-5.684362934362935
pebbles,4,PEBBLES_M,PEBBLES_L,20,25.0,522,3.053639846743295,-24.5,518,-6.101351351351352
pebbles,4,PEBBLES_M,PEBBLES_L,50,25.0,522,-1.5478927203065134,-24.5,517,-6.982591876208898
pebbles,4,PEBBLES_M,PEBBLES_L,100,25.0,519,-13.442196531791907,-24.5,514,-17.79669260700389
pebbles,2,PEBBLES_XL,PEBBLES_XS,1,50.0,516,-0.18313953488372092,-50.0,511,-0.324853228962818
pebbles,2,PEBBLES_XL,PEBBLES_XS,2,50.0,516,0.10562015503875968,-50.0,511,0.8277886497064579
pebbles,2,PEBBLES_XL,PEBBLES_XS,5,50.0,515,-0.013592233009708738,-50.0,511,1.24559686888454
pebbles,2,PEBBLES_XL,PEBBLES_XS,10,50.0,514,1.2519455252918288,-50.0,510,0.9441176470588235
pebbles,2,PEBBLES_XL,PEBBLES_XS,20,50.0,514,1.6964980544747081,-50.0,510,2.4901960784313726
pebbles,2,PEBBLES_XL,PEBBLES_XS,50,50.0,513,-1.213450292397661,-50.0,506,-0.46936758893280633
pebbles,2,PEBBLES_XL,PEBBLES_XS,100,50.0,508,-10.87007874015748,-50.0,500,-6.722
pebbles,3,PEBBLES_XL,PEBBLES_XS,1,49.0,517,1.1731141199226305,-50.5,501,0.22654690618762474
pebbles,3,PEBBLES_XL,PEBBLES_XS,2,49.0,517,0.8974854932301741,-50.5,501,0.625748502994012
pebbles,3,PEBBLES_XL,PEBBLES_XS,5,49.0,517,-0.9381044487427466,-50.5,501,1.4600798403193613
pebbles,3,PEBBLES_XL,PEBBLES_XS,10,49.0,517,-1.200193423597679,-50.5,501,2.3353293413173652
pebbles,3,PEBBLES_XL,PEBBLES_XS,20,49.0,516,-3.453488372093023,-50.5,501,1.3952095808383234
pebbles,3,PEBBLES_XL,PEBBLES_XS,50,49.0,515,-6.9524271844660195,-50.5,501,-4.389221556886228
pebbles,3,PEBBLES_XL,PEBBLES_XS,100,49.0,512,-4.748046875,-50.5,494,-8.389676113360323
pebbles,4,PEBBLES_XL,PEBBLES_XS,1,51.0,505,0.3425742574257426,-49.5,504,0.48908730158730157
pebbles,4,PEBBLES_XL,PEBBLES_XS,2,51.0,504,-0.12797619047619047,-49.5,504,0.6111111111111112
pebbles,4,PEBBLES_XL,PEBBLES_XS,5,51.0,504,-1.7390873015873016,-49.5,504,0.1884920634920635
pebbles,4,PEBBLES_XL,PEBBLES_XS,10,51.0,504,-0.6646825396825397,-49.5,504,-2.6656746031746033
pebbles,4,PEBBLES_XL,PEBBLES_XS,20,51.0,501,2.820359281437126,-49.5,503,0.9681908548707754
pebbles,4,PEBBLES_XL,PEBBLES_XS,50,51.0,500,0.347,-49.5,501,-2.5469061876247503
pebbles,4,PEBBLES_XL,PEBBLES_XS,100,51.0,499,-1.5611222444889779,-49.5,497,-10.352112676056338
pebbles,2,PEBBLES_L,PEBBLES_M,1,25.0,510,-0.596078431372549,-25.0,502,0.548804780876494
pebbles,2,PEBBLES_L,PEBBLES_M,2,25.0,510,-0.5490196078431373,-25.0,502,-0.50199203187251
pebbles,2,PEBBLES_L,PEBBLES_M,5,25.0,510,-1.0519607843137255,-25.0,501,0.5518962075848304
pebbles,2,PEBBLES_L,PEBBLES_M,10,25.0,509,-1.4066797642436148,-25.0,501,-2.1497005988023954
pebbles,2,PEBBLES_L,PEBBLES_M,20,25.0,509,-7.3388998035363455,-25.0,501,-3.5528942115768465
pebbles,2,PEBBLES_L,PEBBLES_M,50,25.0,506,-6.696640316205533,-25.0,501,-8.909181636726547
pebbles,2,PEBBLES_L,PEBBLES_M,100,25.0,503,-6.4085487077534795,-25.0,498,-14.664658634538153
pebbles,3,PEBBLES_L,PEBBLES_M,1,25.0,524,0.4952290076335878,-25.0,526,0.022813688212927757
pebbles,3,PEBBLES_L,PEBBLES_M,2,25.0,524,-0.2643129770992366,-25.0,526,0.9771863117870723
pebbles,3,PEBBLES_L,PEBBLES_M,5,25.0,524,1.3177480916030535,-25.0,526,1.1349809885931559
pebbles,3,PEBBLES_L,PEBBLES_M,10,25.0,524,2.677480916030534,-25.0,526,4.699619771863118
pebbles,3,PEBBLES_L,PEBBLES_M,20,25.0,524,4.2538167938931295,-25.0,524,3.780534351145038
pebbles,3,PEBBLES_L,PEBBLES_M,50,25.0,520,12.1875,-25.0,523,9.316443594646271
pebbles,3,PEBBLES_L,PEBBLES_M,100,25.0,513,19.041910331384017,-25.0,521,18.777351247600766
pebbles,4,PEBBLES_L,PEBBLES_M,1,24.0,537,0.7653631284916201,-25.0,519,-0.17822736030828518
pebbles,4,PEBBLES_L,PEBBLES_M,2,24.0,537,-0.553072625698324,-25.0,519,-0.8140655105973025
pebbles,4,PEBBLES_L,PEBBLES_M,5,24.0,537,-0.8845437616387337,-25.0,519,-2.9576107899807322
pebbles,4,PEBBLES_L,PEBBLES_M,10,24.0,537,-0.7318435754189944,-25.0,519,-2.015414258188825
pebbles,4,PEBBLES_L,PEBBLES_M,20,24.0,537,-3.7364990689013036,-25.0,518,-3.6563706563706564
pebbles,4,PEBBLES_L,PEBBLES_M,50,24.0,535,-6.520560747663551,-25.0,517,-2.5106382978723403
pebbles,4,PEBBLES_L,PEBBLES_M,100,24.0,532,-12.832706766917294,-25.0,513,-3.2729044834307994
robots,2,ROBOT_LAUNDRY,ROBOT_MOPPING,1,17.0,538,0.5483271375464684,-17.0,509,0.6630648330058939
robots,2,ROBOT_LAUNDRY,ROBOT_MOPPING,2,17.0,538,1.0232342007434945,-17.0,509,1.356581532416503
robots,2,ROBOT_LAUNDRY,ROBOT_MOPPING,5,17.0,537,2.2458100558659218,-17.0,509,0.7809430255402751
robots,2,ROBOT_LAUNDRY,ROBOT_MOPPING,10,17.0,537,1.0,-17.0,509,1.2072691552062869
robots,2,ROBOT_LAUNDRY,ROBOT_MOPPING,20,17.0,536,1.992537313432836,-17.0,509,2.882121807465619
robots,2,ROBOT_LAUNDRY,ROBOT_MOPPING,50,17.0,535,-0.9775700934579439,-17.0,508,0.8858267716535433
robots,2,ROBOT_LAUNDRY,ROBOT_MOPPING,100,17.0,530,-2.130188679245283,-17.0,506,-2.190711462450593
robots,3,ROBOT_LAUNDRY,ROBOT_MOPPING,1,16.5,531,0.1534839924670433,-16.5,537,0.4478584729981378
robots,3,ROBOT_LAUNDRY,ROBOT_MOPPING,2,16.5,531,0.9199623352165726,-16.5,537,0.0148975791433892
robots,3,ROBOT_LAUNDRY,ROBOT_MOPPING,5,16.5,530,1.8452830188679246,-16.5,537,1.5819366852886405
robots,3,ROBOT_LAUNDRY,ROBOT_MOPPING,10,16.5,530,2.1754716981132076,-16.5,537,3.12756052141527
robots,3,ROBOT_LAUNDRY,ROBOT_MOPPING,20,16.5,530,6.824528301886793,-16.5,537,4.011173184357542
robots,3,ROBOT_LAUNDRY,ROBOT_MOPPING,50,16.5,529,12.358223062381853,-16.5,536,11.712686567164178
robots,3,ROBOT_LAUNDRY,ROBOT_MOPPING,100,16.5,528,25.392992424242426,-16.5,534,17.747191011235955
robots,4,ROBOT_LAUNDRY,ROBOT_MOPPING,1,15.0,511,-0.19373776908023482,-15.0,524,0.6412213740458015
robots,4,ROBOT_LAUNDRY,ROBOT_MOPPING,2,15.0,511,-0.3131115459882583,-15.0,524,0.45038167938931295
robots,4,ROBOT_LAUNDRY,ROBOT_MOPPING,5,15.0,511,-0.5968688845401174,-15.0,524,1.6698473282442747
robots,4,ROBOT_LAUNDRY,ROBOT_MOPPING,10,15.0,511,-0.8023483365949119,-15.0,524,-1.609732824427481
robots,4,ROBOT_LAUNDRY,ROBOT_MOPPING,20,15.0,509,-0.906679764243615,-15.0,523,-2.0678776290630974
robots,4,ROBOT_LAUNDRY,ROBOT_MOPPING,50,15.0,509,-5.93418467583497,-15.0,521,-1.7523992322456814
robots,4,ROBOT_LAUNDRY,ROBOT_MOPPING,100,15.0,508,-3.359251968503937,-15.0,518,-4.238416988416988
robots,2,ROBOT_DISHES,ROBOT_LAUNDRY,1,16.0,516,-0.2936046511627907,-16.0,522,0.8247126436781609
robots,2,ROBOT_DISHES,ROBOT_LAUNDRY,2,16.0,516,-0.6715116279069767,-16.0,522,0.8467432950191571
robots,2,ROBOT_DISHES,ROBOT_LAUNDRY,5,16.0,516,-0.9777131782945736,-16.0,522,1.171455938697318
robots,2,ROBOT_DISHES,ROBOT_LAUNDRY,10,16.0,516,-1.0193798449612403,-16.0,520,-0.40192307692307694
robots,2,ROBOT_DISHES,ROBOT_LAUNDRY,20,16.0,515,-0.7135922330097088,-16.0,520,-0.1076923076923077
robots,2,ROBOT_DISHES,ROBOT_LAUNDRY,50,16.0,514,-1.5107003891050583,-16.0,518,-3.1274131274131274
robots,2,ROBOT_DISHES,ROBOT_LAUNDRY,100,16.0,511,1.235812133072407,-16.0,514,1.538910505836576
robots,3,ROBOT_DISHES,ROBOT_LAUNDRY,1,16.5,521,-0.3886756238003839,-16.5,520,0.7144230769230769
robots,3,ROBOT_DISHES,ROBOT_LAUNDRY,2,16.5,521,-0.8800383877159309,-16.5,520,0.8567307692307692
robots,3,ROBOT_DISHES,ROBOT_LAUNDRY,5,16.5,521,-1.4241842610364683,-16.5,520,1.164423076923077
robots,3,ROBOT_DISHES,ROBOT_LAUNDRY,10,16.5,521,-1.4750479846449136,-16.5,520,0.9115384615384615
robots,3,ROBOT_DISHES,ROBOT_LAUNDRY,20,16.5,521,-1.9884836852207293,-16.5,519,-1.1811175337186899
robots,3,ROBOT_DISHES,ROBOT_LAUNDRY,50,16.5,517,-5.415860735009671,-16.5,514,-5.292801556420233
robots,3,ROBOT_DISHES,ROBOT_LAUNDRY,100,16.5,513,-10.602339181286549,-16.5,509,-4.751473477406679
robots,4,ROBOT_DISHES,ROBOT_LAUNDRY,1,13.5,508,-0.44586614173228345,-12.5,505,-0.3326732673267327
robots,4,ROBOT_DISHES,ROBOT_LAUNDRY,2,13.5,508,-1.2431102362204725,-12.5,505,-0.30297029702970296
robots,4,ROBOT_DISHES,ROBOT_LAUNDRY,5,13.5,508,-2.315944881889764,-12.5,505,-1.8386138613861387
robots,4,ROBOT_DISHES,ROBOT_LAUNDRY,10,13.5,508,-2.466535433070866,-12.5,505,-1.2584158415841584
robots,4,ROBOT_DISHES,ROBOT_LAUNDRY,20,13.5,508,-4.074803149606299,-12.5,505,-1.316831683168317
robots,4,ROBOT_DISHES,ROBOT_LAUNDRY,50,13.5,508,-4.062992125984252,-12.5,505,-2.0306930693069307
robots,4,ROBOT_DISHES,ROBOT_LAUNDRY,100,13.5,508,-11.575787401574804,-12.5,504,-8.476190476190476
robots,2,ROBOT_IRONING,ROBOT_DISHES,1,20.0,607,-0.3772652388797364,-20.0,611,0.009819967266775777
robots,2,ROBOT_IRONING,ROBOT_DISHES,2,20.0,607,-0.6943986820428336,-20.0,611,-0.9075286415711947
robots,2,ROBOT_IRONING,ROBOT_DISHES,5,20.0,607,-1.3657331136738056,-20.0,610,-0.7885245901639344
robots,2,ROBOT_IRONING,ROBOT_DISHES,10,20.0,607,-1.2397034596375618,-20.0,610,-0.2721311475409836
robots,2,ROBOT_IRONING,ROBOT_DISHES,20,20.0,605,-0.6239669421487604,-20.0,609,-1.028735632183908
robots,2,ROBOT_IRONING,ROBOT_DISHES,50,20.0,604,-1.2922185430463575,-20.0,607,0.3154859967051071
robots,2,ROBOT_IRONING,ROBOT_DISHES,100,20.0,599,-2.2470784641068446,-20.0,603,-0.04643449419568822
robots,3,ROBOT_IRONING,ROBOT_DISHES,1,18.650000000000546,500,0.386,-20.0,557,0.7028725314183124
robots,3,ROBOT_IRONING,ROBOT_DISHES,2,18.650000000000546,500,0.591,-20.0,557,0.7522441651705566
robots,3,ROBOT_IRONING,ROBOT_DISHES,5,18.650000000000546,500,-0.223,-20.0,557,0.8770197486535009
robots,3,ROBOT_IRONING,ROBOT_DISHES,10,18.650000000000546,500,1.193,-20.0,557,0.6615798922800719
robots,3,ROBOT_IRONING,ROBOT_DISHES,20,18.650000000000546,500,1.023,-20.0,557,2.220825852782765
robots,3,ROBOT_IRONING,ROBOT_DISHES,50,18.650000000000546,500,2.736,-20.0,557,4.361759425493716
robots,3,ROBOT_IRONING,ROBOT_DISHES,100,18.650000000000546,500,5.007,-20.0,553,6.72875226039783
robots,4,ROBOT_IRONING,ROBOT_DISHES,1,10.0,2665,-0.35365853658536583,-10.0,2628,-0.290144596651446
robots,4,ROBOT_IRONING,ROBOT_DISHES,2,10.0,2665,-0.4836772983114446,-10.0,2628,0.5979832572298326
robots,4,ROBOT_IRONING,ROBOT_DISHES,5,10.0,2664,-0.14921171171171171,-10.0,2627,1.4358583936048726
robots,4,ROBOT_IRONING,ROBOT_DISHES,10,10.0,2662,1.0324943651389933,-10.0,2626,1.1092916984006094
robots,4,ROBOT_IRONING,ROBOT_DISHES,20,10.0,2660,1.2445488721804512,-10.0,2623,1.4513915364086922
robots,4,ROBOT_IRONING,ROBOT_DISHES,50,10.0,2651,3.678046020369672,-10.0,2620,4.392748091603053
robots,4,ROBOT_IRONING,ROBOT_DISHES,100,10.0,2640,9.30340909090909,-10.0,2602,11.204650269023828
robots,2,ROBOT_MOPPING,ROBOT_DISHES,1,17.0,553,-0.6817359855334539,-17.0,547,0.009140767824497258
robots,2,ROBOT_MOPPING,ROBOT_DISHES,2,17.0,553,-0.23236889692585896,-17.0,547,-0.506398537477148
robots,2,ROBOT_MOPPING,ROBOT_DISHES,5,17.0,553,-0.38788426763110306,-17.0,547,-1.010054844606947
robots,2,ROBOT_MOPPING,ROBOT_DISHES,10,17.0,553,-0.8128390596745028,-17.0,547,-1.4497257769652652
robots,2,ROBOT_MOPPING,ROBOT_DISHES,20,17.0,552,0.48731884057971014,-17.0,546,-2.8635531135531136
robots,2,ROBOT_MOPPING,ROBOT_DISHES,50,17.0,550,-0.32272727272727275,-17.0,545,0.3385321100917431
robots,2,ROBOT_MOPPING,ROBOT_DISHES,100,17.0,545,-2.2302752293577983,-17.0,541,0.35027726432532347
robots,3,ROBOT_MOPPING,ROBOT_DISHES,1,18.0,543,-0.03683241252302026,-18.0,526,0.42395437262357416
robots,3,ROBOT_MOPPING,ROBOT_DISHES,2,18.0,543,-0.6270718232044199,-18.0,526,0.6539923954372624
robots,3,ROBOT_MOPPING,ROBOT_DISHES,5,18.0,543,-1.4069981583793738,-18.0,525,1.8209523809523809
robots,3,ROBOT_MOPPING,ROBOT_DISHES,10,18.0,543,-1.6316758747697975,-18.0,525,2.7495238095238097
robots,3,ROBOT_MOPPING,ROBOT_DISHES,20,18.0,543,-1.6998158379373849,-18.0,524,2.645038167938931
robots,3,ROBOT_MOPPING,ROBOT_DISHES,50,18.0,542,1.433579335793358,-18.0,522,3.5545977011494254
robots,3,ROBOT_MOPPING,ROBOT_DISHES,100,18.0,541,5.248613678373383,-18.0,520,7.889423076923077
robots,4,ROBOT_MOPPING,ROBOT_DISHES,1,19.0,561,0.05080213903743316,-19.0,539,0.0037105751391465678
robots,4,ROBOT_MOPPING,ROBOT_DISHES,2,19.0,561,-0.7789661319073083,-19.0,539,1.99721706864564
robots,4,ROBOT_MOPPING,ROBOT_DISHES,5,19.0,561,2.5588235294117645,-19.0,539,1.1289424860853432
robots,4,ROBOT_MOPPING,ROBOT_DISHES,10,19.0,560,3.2517857142857145,-19.0,539,2.885899814471243
robots,4,ROBOT_MOPPING,ROBOT_DISHES,20,19.0,560,3.319642857142857,-19.0,539,6.721706864564007
robots,4,ROBOT_MOPPING,ROBOT_DISHES,50,19.0,558,8.35483870967742,-19.0,539,9.948051948051948
robots,4,ROBOT_MOPPING,ROBOT_DISHES,100,19.0,555,6.844144144144144,-19.0,536,16.252798507462686
