day,spec,relationship,y,x,alpha,beta,residual_std,residual_trend
2,XL_vs_L,inverse,PEBBLES_XL,PEBBLES_L,31498.933746137947,-2.022665629038591,1004.6757554351689,3882.8345597909756
2,XL_vs_M,inverse,PEBBLES_XL,PEBBLES_M,35611.735863293834,-2.4685408334379675,1177.3345579534443,1241.7530086468832
2,XL_vs_avg_XS_S_M_L,inverse,PEBBLES_XL,PEBBLES_XS+PEBBLES_S+PEBBLES_M+PEBBLES_L,49999.37123131465,-3.9999441595097966,2.8154813849911777,0.5512894902494736
2,L_vs_M,positive,PEBBLES_L,PEBBLES_M,3129.895778983255,0.6907362363224042,450.8561302203754,783.7205608957302
3,XL_vs_L,inverse,PEBBLES_XL,PEBBLES_L,23079.367477559157,-0.9427353595529913,470.86469626348696,-709.2232208798487
3,XL_vs_M,inverse,PEBBLES_XL,PEBBLES_M,16825.51823686459,-0.3307039182934169,574.0318718033266,-878.1947105997242
3,XL_vs_avg_XS_S_M_L,inverse,PEBBLES_XL,PEBBLES_XS+PEBBLES_S+PEBBLES_M+PEBBLES_L,50001.33101949376,-4.000148998215991,2.757590790502274,0.5578485573569196
3,L_vs_M,positive,PEBBLES_L,PEBBLES_M,8561.769396341408,0.16121974146430423,419.78749834909047,565.7729471542843
4,XL_vs_L,inverse,PEBBLES_XL,PEBBLES_L,32073.969965331395,-1.664654036991478,772.8839403651161,870.3008511415937
4,XL_vs_M,positive,PEBBLES_XL,PEBBLES_M,11945.953464385038,0.2500923259246346,1441.925010748357,4105.033606636567
4,XL_vs_avg_XS_S_M_L,inverse,PEBBLES_XL,PEBBLES_XS+PEBBLES_S+PEBBLES_M+PEBBLES_L,49999.64572163981,-3.9999666021722997,2.821270823855752,1.033506370637042
4,L_vs_M,inverse,PEBBLES_L,PEBBLES_M,17880.09002176642,-0.6826862592350458,700.7472298259836,-2136.9977983615554
