day,timestamp,product,price,quantity,side,pnl,position,fill_type
4,29000,PEBBLES_S,8643,10,sell,-60.0,-10,active
4,29000,PEBBLES_XS,7004,10,sell,-45.0,-10,active
4,33000,PEBBLES_XL,12207,10,buy,-80.0,10,active
4,33000,PEBBLES_L,10713,10,buy,-70.0,10,active
4,45300,PEBBLES_L,10777,10,sell,640.0,0,active
4,45300,PEBBLES_XL,12455,10,sell,2480.0,0,active
4,48100,PEBBLES_S,8683,10,buy,-400.0,0,active
4,48100,PEBBLES_XS,7081,10,buy,-770.0,0,active
4,67700,PEBBLES_S,8555,10,buy,-460.0,10,active
4,67700,PEBBLES_XS,7028,10,buy,-820.0,10,active
4,73800,PEBBLES_S,8704,10,sell,1090.0,0,active
4,73800,PEBBLES_XS,7037,10,sell,-680.0,0,active
4,107700,PEBBLES_S,8409,10,buy,1035.0,10,active
4,107700,PEBBLES_XS,6527,10,buy,-725.0,10,active
4,115400,PEBBLES_XL,13158,10,sell,2400.0,-10,active
4,115400,PEBBLES_L,11108,10,sell,565.0,-10,active
4,130300,PEBBLES_XL,13129,10,buy,2770.0,0,active
4,130300,PEBBLES_L,11005,10,buy,1670.0,0,active
4,132000,PEBBLES_S,8038,10,sell,-2620.0,0,active
4,132000,PEBBLES_XS,6516,10,sell,-790.0,0,active
4,143300,PEBBLES_XS,6646,10,sell,-835.0,-10,active
4,143300,PEBBLES_S,8087,10,sell,-2670.0,-10,active
4,145100,PEBBLES_XS,6590,10,buy,-230.0,0,active
4,145100,PEBBLES_S,7966,10,buy,-1410.0,0,active
4,156900,PEBBLES_XL,13016,10,buy,2690.0,10,active
4,156900,PEBBLES_L,10899,10,buy,1600.0,10,active
4,158400,PEBBLES_S,8220,10,sell,-1465.0,-10,active
4,158400,PEBBLES_XS,6763,10,sell,-275.0,-10,active
4,167700,PEBBLES_S,8239,10,buy,-1600.0,0,active
4,167700,PEBBLES_XS,6647,10,buy,930.0,0,active
4,168000,PEBBLES_L,11066,10,sell,3340.0,0,active
4,168000,PEBBLES_XL,12907,10,sell,1680.0,0,active
4,195600,PEBBLES_XL,13051,10,sell,1595.0,-10,active
4,195600,PEBBLES_L,11165,10,sell,3265.0,-10,active
4,206700,PEBBLES_XL,12428,10,buy,7910.0,0,active
4,206700,PEBBLES_L,11598,10,buy,-990.0,0,active
4,221600,PEBBLES_XL,13130,10,sell,7825.0,-10,active
4,221600,PEBBLES_L,11523,10,sell,-1060.0,-10,active
4,240900,PEBBLES_L,11356,10,buy,680.0,0,active
4,240900,PEBBLES_XL,13234,10,buy,6870.0,0,active
4,241500,PEBBLES_XS,6507,10,sell,885.0,-10,active
4,241500,PEBBLES_S,8383,10,sell,-1660.0,-10,active
4,244200,PEBBLES_S,8391,10,buy,-1680.0,0,active
4,244200,PEBBLES_XS,6385,10,buy,2150.0,0,active
4,308600,PEBBLES_L,10841,10,sell,605.0,-10,active
4,308600,PEBBLES_XL,14312,10,sell,6780.0,-10,active
4,325400,PEBBLES_L,10732,10,buy,1770.0,0,active
4,325400,PEBBLES_XL,14285,10,buy,7140.0,0,active
4,337400,PEBBLES_L,11012,10,sell,1700.0,-10,active
4,337400,PEBBLES_XL,14279,10,sell,7050.0,-10,active
4,343200,PEBBLES_XL,14193,10,buy,8000.0,0,active
4,343200,PEBBLES_L,10989,10,buy,2000.0,0,active
4,364400,PEBBLES_XS,5894,10,buy,2110.0,10,active
4,364400,PEBBLES_S,8504,10,buy,-1735.0,10,active
4,388000,PEBBLES_L,10906,10,sell,1925.0,-10,active
4,388000,PEBBLES_XL,14899,10,sell,7905.0,-10,active
4,398800,PEBBLES_L,11104,10,buy,20.0,0,active
4,398800,PEBBLES_XL,14492,10,buy,12070.0,0,active
4,399300,PEBBLES_S,7787,10,sell,-8850.0,0,active
4,399300,PEBBLES_XS,5901,10,sell,2220.0,0,active
4,452800,PEBBLES_L,11049,10,sell,-55.0,-10,active
4,452800,PEBBLES_XL,14531,10,sell,11975.0,-10,active
4,464800,PEBBLES_XL,14411,7,buy,13283.5,-3,active
4,464800,PEBBLES_XL,14411,3,buy,13270.0,0,active
4,464800,PEBBLES_L,11040,7,buy,119.0,-3,active
4,464800,PEBBLES_L,11040,3,buy,110.0,0,active
4,474900,PEBBLES_S,7824,10,sell,-8905.0,-10,active
4,474900,PEBBLES_XS,5836,10,sell,2180.0,-10,active
4,488700,PEBBLES_S,7942,10,buy,-10030.0,0,active
4,488700,PEBBLES_XS,5749,10,buy,3090.0,0,active
4,506900,PEBBLES_L,10986,10,sell,40.0,-10,active
4,506900,PEBBLES_XL,14357,10,sell,13175.0,-10,active
4,509300,PEBBLES_XL,14245,10,buy,14390.0,0,active
4,509300,PEBBLES_L,10961,10,buy,360.0,0,active
4,511800,PEBBLES_L,10914,10,sell,290.0,-10,active
4,511800,PEBBLES_XL,14448,10,sell,14300.0,-10,active
4,516900,PEBBLES_XL,14259,10,buy,16280.0,0,active
4,516900,PEBBLES_L,10987,10,buy,-370.0,0,active
4,517100,PEBBLES_S,8103,10,sell,-10085.0,-10,active
4,517100,PEBBLES_XS,5881,10,sell,3050.0,-10,active
4,531700,PEBBLES_S,8145,10,buy,-10450.0,0,active
4,531700,PEBBLES_XS,5833,10,buy,3570.0,0,active
4,533800,PEBBLES_L,10923,10,buy,-440.0,10,active
4,533800,PEBBLES_XL,14018,10,buy,16195.0,10,active
4,534400,PEBBLES_S,8241,10,sell,-10500.0,-10,active
4,534400,PEBBLES_XS,6053,10,sell,3530.0,-10,active
4,538700,PEBBLES_XS,5967,10,buy,4430.0,0,active
4,538700,PEBBLES_S,8106,10,buy,-9100.0,0,active
4,539500,PEBBLES_L,10902,10,sell,-580.0,0,active
4,539500,PEBBLES_XL,14261,10,sell,18710.0,0,active
4,547200,PEBBLES_XS,5791,10,buy,4390.0,10,active
4,547200,PEBBLES_S,8053,10,buy,-9155.0,10,active
4,554200,PEBBLES_XL,14384,10,sell,18615.0,-10,active
4,554200,PEBBLES_L,11030,10,sell,-655.0,-10,active
4,566000,PEBBLES_S,7881,10,sell,-10820.0,0,active
4,566000,PEBBLES_XS,5812,10,sell,4640.0,0,active
4,569600,PEBBLES_XL,14487,10,buy,17680.0,0,active
4,569600,PEBBLES_L,10795,10,buy,1770.0,0,active
4,587000,PEBBLES_L,10506,10,sell,1700.0,-10,active
4,587000,PEBBLES_XL,15209,10,sell,17585.0,-10,active
4,590700,PEBBLES_L,10392,10,buy,2910.0,0,active
4,590700,PEBBLES_XL,15106,10,buy,18710.0,0,active
4,596200,PEBBLES_XS,5708,10,sell,4600.0,-10,active
4,596200,PEBBLES_S,8041,10,sell,-10875.0,-10,active
4,598600,PEBBLES_S,7936,10,buy,-9770.0,0,active
4,598600,PEBBLES_XS,5624,10,buy,5480.0,0,active
4,599400,PEBBLES_XL,15431,10,sell,18610.0,-10,active
4,599400,PEBBLES_L,10424,10,sell,2845.0,-10,active
4,611200,PEBBLES_L,10397,10,buy,3180.0,0,active
4,611200,PEBBLES_XL,15237,10,buy,20650.0,0,active
4,623500,PEBBLES_L,10381,10,buy,3115.0,10,active
4,623500,PEBBLES_XL,15094,10,buy,20555.0,10,active
4,624700,PEBBLES_XL,15330,10,sell,23010.0,0,active
4,624700,PEBBLES_L,10351,10,sell,2880.0,0,active
4,628800,PEBBLES_L,10308,10,buy,2810.0,10,active
4,628800,PEBBLES_XL,15179,10,buy,22910.0,10,active
4,629100,PEBBLES_XS,5822,10,sell,5440.0,-10,active
4,629100,PEBBLES_S,7984,10,sell,-9820.0,-10,active
4,631600,PEBBLES_S,7898,10,buy,-8910.0,0,active
4,631600,PEBBLES_L,10134,10,sell,1140.0,0,active
4,631600,PEBBLES_XS,5721,10,buy,6490.0,0,active
4,631600,PEBBLES_XL,15518,10,sell,26400.0,0,active
4,634200,PEBBLES_XS,5588,10,buy,6455.0,10,active
4,634200,PEBBLES_S,7850,10,buy,-8960.0,10,active
4,639400,PEBBLES_XS,5737,10,sell,7980.0,0,active
4,639400,PEBBLES_S,7910,10,sell,-8310.0,0,active
4,653500,PEBBLES_XS,5418,10,buy,7945.0,10,active
4,653500,PEBBLES_S,7939,10,buy,-8360.0,10,active
4,672300,PEBBLES_XS,5557,10,sell,9370.0,0,active
4,672300,PEBBLES_S,7549,10,sell,-12210.0,0,active
4,690900,PEBBLES_L,9857,10,buy,1075.0,10,active
4,690900,PEBBLES_XL,16240,10,buy,26295.0,10,active
4,696700,PEBBLES_XL,16619,10,sell,30190.0,0,active
4,696700,PEBBLES_L,9746,10,sell,30.0,0,active
4,711800,PEBBLES_L,9839,10,sell,-35.0,-10,active
4,711800,PEBBLES_XL,16719,10,sell,30085.0,-10,active
4,741700,PEBBLES_L,9863,10,buy,-210.0,0,active
4,741700,PEBBLES_XL,16733,10,buy,30050.0,0,active
4,743000,PEBBLES_L,9856,10,buy,-275.0,10,active
4,743000,PEBBLES_XL,16584,10,buy,29945.0,10,active
4,746000,PEBBLES_L,9713,10,sell,-1640.0,0,active
4,746000,PEBBLES_XL,16910,10,sell,33310.0,0,active
4,757400,PEBBLES_XL,16778,10,buy,33205.0,10,active
4,757400,PEBBLES_L,9652,10,buy,-1705.0,10,active
4,760300,PEBBLES_XL,17089,10,sell,36420.0,0,active
4,760300,PEBBLES_L,9529,10,sell,-2870.0,0,active
4,768200,PEBBLES_S,7014,10,buy,-12260.0,10,active
4,768200,PEBBLES_XS,5286,10,buy,9335.0,10,active
4,770800,PEBBLES_XS,5388,10,sell,10390.0,0,active
4,770800,PEBBLES_S,7003,10,sell,-12320.0,0,active
4,771600,PEBBLES_XL,16908,10,buy,36315.0,10,active
4,771600,PEBBLES_L,9490,10,buy,-2930.0,10,active
4,774000,PEBBLES_XS,5495,10,sell,10350.0,-10,active
4,774000,PEBBLES_S,7129,10,sell,-12365.0,-10,active
4,789200,PEBBLES_XS,5391,10,buy,11430.0,0,active
4,789200,PEBBLES_S,7236,10,buy,-13390.0,0,active
4,790800,PEBBLES_XL,16920,10,sell,36540.0,0,active
4,790800,PEBBLES_L,9377,10,sell,-4000.0,0,active
4,815300,PEBBLES_XS,5693,10,sell,11390.0,-10,active
4,815300,PEBBLES_S,7487,10,sell,-13440.0,-10,active
4,817100,PEBBLES_L,9574,10,buy,-4065.0,10,active
4,817100,PEBBLES_XL,16527,10,buy,36435.0,10,active
4,832000,PEBBLES_XS,5736,10,buy,11000.0,0,active
4,832000,PEBBLES_S,7539,10,buy,-13910.0,0,active
4,836800,PEBBLES_L,9579,10,sell,-3950.0,0,active
4,836800,PEBBLES_XL,16301,10,sell,34280.0,0,active
4,841300,PEBBLES_S,7332,10,buy,-13960.0,10,active
4,841300,PEBBLES_XS,5675,10,buy,10960.0,10,active
4,852000,PEBBLES_S,7385,10,sell,-13380.0,0,active
4,852000,PEBBLES_XS,5720,10,sell,11450.0,0,active
4,863600,PEBBLES_L,9242,10,buy,-4010.0,10,active
4,863600,PEBBLES_XL,16130,10,buy,34180.0,10,active
4,871800,PEBBLES_L,9286,10,sell,-3510.0,0,active
4,871800,PEBBLES_XL,16462,10,sell,37600.0,0,active
4,899600,PEBBLES_L,9326,10,buy,-3570.0,10,active
4,899600,PEBBLES_XL,16197,10,buy,37495.0,10,active
4,930900,PEBBLES_XL,16006,10,sell,35690.0,0,active
4,930900,PEBBLES_L,9196,10,sell,-4810.0,0,active
4,953100,PEBBLES_XS,6315,10,sell,11405.0,-10,active
4,953100,PEBBLES_S,8030,10,sell,-13430.0,-10,active
4,959100,PEBBLES_XL,15429,10,buy,35590.0,10,active
4,959100,PEBBLES_L,9437,10,buy,-4870.0,10,active
4,966800,PEBBLES_S,8090,10,buy,-13980.0,0,active
4,966800,PEBBLES_XS,6307,10,buy,11530.0,0,active
4,967800,PEBBLES_XL,15820,10,sell,39600.0,0,active
4,967800,PEBBLES_L,9195,10,sell,-7230.0,0,active
