timestamp,pnl
0,0.0
200,0.0
400,0.0
600,0.0
800,0.0
1000,0.0
1200,0.0
1400,90.8238525390625
1600,99.88937377929688
1800,114.05682373046875
2000,146.272705078125
2200,147.21865844726562
2400,174.38595581054688
2600,136.46142578125
2800,137.225341796875
3000,159.60955810546875
3200,95.77099609375
3400,46.19781494140625
3600,32.90020751953125
3800,40.3541259765625
4000,86.77252197265625
4200,14.7117919921875
4400,103.2197265625
4600,199.7911376953125
4800,206.88671875
5000,51.3055419921875
5200,57.82421875
5400,59.1881103515625
5600,-153.20977783203125
5800,-41.7808837890625
6000,-107.2408447265625
6200,-126.1724853515625
6400,9.126708984375
6600,69.75
6800,112.49017333984375
7000,151.6640625
7200,258.0709228515625
7400,90.9443359375
7600,140.1279296875
7800,238.13824462890625
8000,252.5126953125
8200,317.7406005859375
8400,226.811279296875
8600,252.54254150390625
8800,484.1173095703125
9000,544.6575317382812
9200,654.0488891601562
9400,812.2491455078125
9600,927.5994262695312
9800,957.8242797851562
10000,930.7466430664062
10200,989.720458984375
10400,1026.4309692382812
10600,1042.2026977539062
10800,1047.1793823242188
11000,954.5269775390625
11200,818.4542846679688
11400,679.3087158203125
11600,703.0760498046875
11800,753.201904296875
12000,537.6421508789062
12200,545.062255859375
12400,657.4353637695312
12600,657.763427734375
12800,745.7570190429688
13000,769.0455322265625
13200,640.1216430664062
13400,663.7981567382812
13600,766.9898071289062
13800,754.7680053710938
14000,736.201171875
14200,725.1281127929688
14400,718.4986572265625
14600,929.9620361328125
14800,684.6168212890625
15000,728.339111328125
15200,564.14208984375
15400,587.5888061523438
15600,412.5540771484375
15800,492.5283203125
16000,398.86004638671875
16200,379.38665771484375
16400,223.14068603515625
16600,213.27862548828125
16800,220.59368896484375
17000,177.722900390625
17200,81.16461181640625
17400,-98.19677734375
17600,-12.2958984375
17800,190.3463134765625
18000,-8.775634765625
18200,42.4921875
18400,204.1925048828125
18600,410.695068359375
18800,511.4188232421875
19000,567.22265625
19200,620.4814453125
19400,638.4718017578125
19600,669.3876953125
19800,913.790771484375
20000,603.1207275390625
20200,662.468017578125
20400,672.085205078125
20600,880.10107421875
20800,667.5703125
21000,562.8829345703125
21200,678.9949951171875
21400,530.346435546875
21600,428.3358154296875
21800,316.7191162109375
22000,442.4984130859375
22200,604.6795654296875
22400,677.0985107421875
22600,684.9498291015625
22800,825.338623046875
23000,942.2574462890625
23200,1012.41064453125
23400,1351.964599609375
23600,1409.634033203125
23800,1287.91552734375
24000,1161.342529296875
24200,1180.000244140625
24400,1082.6107177734375
24600,1199.0848388671875
24800,1117.373779296875
25000,1208.629150390625
25200,1042.5494384765625
25400,1122.877685546875
25600,1089.8175048828125
25800,1188.4376220703125
26000,989.6053466796875
26200,1170.35498046875
26400,1113.4122314453125
26600,1123.3612060546875
26800,1031.8455810546875
27000,1115.08935546875
27200,1260.23974609375
27400,1325.42138671875
27600,1143.6903076171875
27800,1305.1639404296875
28000,1484.1676025390625
28200,1059.7564697265625
28400,1035.655517578125
28600,1000.5814208984375
28800,1132.23828125
29000,1199.190673828125
29200,1025.6746826171875
29400,1085.340087890625
29600,1219.15283203125
29800,1237.9661865234375
30000,1315.7724609375
30200,1414.8065185546875
30400,1547.8067626953125
30600,1627.35693359375
30800,1862.6689453125
31000,1933.2237548828125
31200,1906.0748291015625
31400,1668.952392578125
31600,1631.4666748046875
31800,1539.885009765625
32000,1367.572998046875
32200,1311.0521240234375
32400,1210.3927001953125
32600,1184.9276123046875
32800,1142.1204833984375
33000,987.9820556640625
33200,1097.43798828125
33400,961.235107421875
33600,1029.1044921875
33800,967.3050537109375
34000,849.9384765625
34200,623.4303588867188
34400,703.8759155273438
34600,841.7528686523438
34800,1053.5896606445312
35000,1313.1272583007812
35200,1266.4457397460938
35400,1031.5867919921875
35600,1040.8175659179688
35800,1333.81103515625
36000,1248.0307006835938
36200,1139.623779296875
36400,1137.1538696289062
36600,1094.3031616210938
36800,1443.278564453125
37000,1539.9299926757812
37200,1079.4215087890625
37400,1404.3504638671875
37600,1469.9969482421875
37800,1297.23876953125
38000,1299.1693725585938
38200,1318.5382080078125
38400,1266.9525146484375
38600,1293.505859375
38800,1283.9578857421875
39000,1279.871826171875
39200,1455.8804321289062
39400,1509.62255859375
39600,1642.9757080078125
39800,1958.7825927734375
40000,1911.814697265625
40200,2094.833740234375
40400,2198.030029296875
40600,2316.69287109375
40800,2353.860870361328
41000,2341.5042724609375
41200,2303.0795288085938
41400,2265.1192321777344
41600,2148.24951171875
41800,2153.252655029297
42000,2011.7212524414062
42200,2274.752471923828
42400,2383.3311157226562
42600,2505.364715576172
42800,2351.6468200683594
43000,2366.4591064453125
43200,2370.481689453125
43400,2461.273895263672
43600,2304.4063720703125
43800,2031.2120361328125
44000,2186.4602966308594
44200,2537.8934326171875
44400,2662.9000244140625
44600,2933.2491149902344
44800,3094.6714782714844
45000,3153.484344482422
45200,3025.5325317382812
45400,2707.2379760742188
45600,2856.4479064941406
45800,2758.678955078125
46000,2762.8785705566406
46200,2790.7743530273438
46400,3057.6710815429688
46600,3067.9444885253906
46800,3143.8113403320312
47000,3262.496551513672
47200,3371.3522338867188
47400,3307.0365295410156
47600,3500.847381591797
47800,3306.2015686035156
48000,3448.0272827148438
48200,3478.173797607422
48400,3331.420654296875
48600,3425.593017578125
48800,3325.207000732422
49000,3231.9567260742188
49200,3250.9954223632812
49400,3536.3931579589844
49600,3316.6160583496094
49800,3412.4839782714844
50000,3658.0779418945312
50200,3475.354705810547
50400,3624.6439514160156
50600,3788.139892578125
50800,4195.572662353516
51000,4188.202453613281
51200,4042.0625
51400,4217.538909912109
51600,4213.1090087890625
51800,3979.645050048828
52000,3831.6353149414062
52200,3590.5772399902344
52400,3497.023162841797
52600,3307.067108154297
52800,2685.220184326172
53000,1782.0105590820312
53200,1738.5481872558594
53400,1306.8651123046875
53600,1247.4104309082031
53800,1235.17724609375
54000,1265.7515869140625
54200,1510.7836608886719
54400,991.3451538085938
54600,1323.3620910644531
54800,1539.6582336425781
55000,1908.7770385742188
55200,1405.8306274414062
55400,1633.5345764160156
55600,2156.5631408691406
55800,2342.0303344726562
56000,2224.511016845703
56200,2111.5183715820312
56400,1802.3331298828125
56600,2288.5369262695312
56800,2389.7896423339844
57000,1290.1743469238281
57200,1703.3234252929688
57400,1242.2631225585938
57600,903.7655029296875
57800,1039.529296875
58000,1541.0432739257812
58200,2572.272247314453
58400,1721.2471313476562
58600,2307.8930053710938
58800,1700.3899536132812
59000,771.9807739257812
59200,298.45440673828125
59400,634.4617919921875
59600,328.6568603515625
59800,1114.7877807617188
60000,2341.82666015625
60200,2492.2645263671875
60400,3102.9362182617188
60600,3671.9658813476562
60800,3668.091796875
61000,4471.3399658203125
61200,4497.7373046875
61400,4768.049133300781
61600,5110.4134521484375
61800,6284.165954589844
62000,5604.020568847656
62200,5083.872497558594
62400,5370.454406738281
62600,5443.070861816406
62800,5466.126892089844
63000,5659.982116699219
63200,7039.912841796875
63400,7448.76708984375
63600,7128.496826171875
63800,7057.156188964844
64000,7470.746337890625
64200,8453.612060546875
64400,8594.973937988281
64600,8339.307678222656
64800,8318.74853515625
65000,8625.973937988281
65200,9002.099060058594
65400,8668.165344238281
65600,9472.447143554688
65800,9107.756774902344
66000,8383.582397460938
66200,8334.993103027344
66400,7522.722900390625
66600,8049.383850097656
66800,8491.935852050781
67000,8308.912170410156
67200,8581.089111328125
67400,8746.743408203125
67600,9512.171264648438
67800,9451.930114746094
68000,9564.783874511719
68200,9319.301452636719
68400,8990.632995605469
68600,8524.329040527344
68800,8011.66748046875
69000,8280.153137207031
69200,7936.876159667969
69400,7836.190734863281
69600,9025.73583984375
69800,8768.009765625
70000,9090.703674316406
70200,8676.316528320312
70400,8973.679809570312
70600,8233.8388671875
70800,8263.221618652344
71000,7883.584167480469
71200,7757.1917724609375
71400,7294.5799560546875
71600,6892.301208496094
71800,7643.543640136719
72000,7786.204284667969
72200,8638.685852050781
72400,8957.034729003906
72600,9387.349487304688
72800,9057.699401855469
73000,9471.474914550781
73200,8884.291564941406
73400,8783.3037109375
73600,8915.138061523438
73800,9038.697448730469
74000,9313.220520019531
74200,9954.436401367188
74400,10127.91455078125
74600,9125.365295410156
74800,8557.930053710938
75000,8600.967651367188
75200,8681.110107421875
75400,9220.257263183594
75600,9686.58056640625
75800,9602.912719726562
76000,9669.261596679688
76200,9232.337036132812
76400,10235.6669921875
76600,11202.371459960938
76800,11309.546630859375
77000,12064.209228515625
77200,11361.235656738281
77400,11367.341857910156
77600,11932.322875976562
77800,11537.962951660156
78000,12021.814270019531
78200,12401.317138671875
78400,12196.484619140625
78600,12221.537292480469
78800,13252.470703125
79000,13312.506652832031
79200,13028.64306640625
79400,13065.283752441406
79600,13116.454162597656
79800,12551.542602539062
80000,12724.849670410156
80200,12679.44091796875
80400,13204.777221679688
80600,14048.000305175781
80800,13974.762145996094
81000,14621.760559082031
81200,14206.413223266602
81400,14259.688201904297
81600,14519.293914794922
81800,14010.093292236328
82000,14701.160736083984
82200,14939.875961303711
82400,15274.336074829102
82600,15194.218139648438
82800,14591.779891967773
83000,14593.071472167969
83200,14588.046112060547
83400,15091.238723754883
83600,15441.42123413086
83800,15640.97444152832
84000,16355.588104248047
84200,16181.639297485352
84400,16080.053726196289
84600,15992.423233032227
84800,15374.485580444336
85000,15913.09994506836
85200,15815.315628051758
85400,16473.787048339844
85600,16310.981353759766
85800,16115.141983032227
86000,16178.760299682617
86200,16353.747482299805
86400,16903.614959716797
86600,16688.091415405273
86800,16232.465881347656
87000,16641.780334472656
87200,16623.57066345215
87400,16871.511611938477
87600,16889.54669189453
87800,16629.75506591797
88000,17141.667373657227
88200,17844.083129882812
88400,18246.2470703125
88600,18224.319915771484
88800,18714.682556152344
89000,18342.725387573242
89200,18690.966598510742
89400,18907.863815307617
89600,18427.394119262695
89800,18488.21241760254
90000,18616.62498474121
90200,18606.902389526367
90400,18232.61393737793
90600,18193.42710876465
90800,18189.653717041016
91000,18238.06005859375
91200,18229.722213745117
91400,18008.113647460938
91600,18029.58628845215
91800,18118.74496459961
92000,17935.803833007812
92200,17976.5164642334
92400,18056.987014770508
92600,17787.53205871582
92800,17457.314208984375
93000,17164.63377380371
93200,16874.593017578125
93400,17066.31265258789
93600,17320.848892211914
93800,17273.458038330078
94000,17534.428100585938
94200,18012.90428161621
94400,18120.726837158203
94600,19255.65675354004
94800,19723.514678955078
95000,20105.107345581055
95200,19775.558197021484
95400,20087.696807861328
95600,19761.589782714844
95800,19572.096908569336
96000,19681.274795532227
96200,19244.037353515625
96400,19034.338439941406
96600,19366.4239654541
96800,19694.4482421875
97000,19907.255126953125
97200,20119.18536376953
97400,20726.37644958496
97600,20645.295959472656
97800,21017.69708251953
98000,20748.096923828125
98200,20763.857818603516
98400,20457.828079223633
98600,20723.87757873535
98800,21266.114837646484
99000,20914.69010925293
99200,21654.27749633789
99400,21728.649841308594
99600,21790.223434448242
99800,22608.473709106445
