day,timestamp,product,price,quantity,side,pnl,position
0,0,INTARIAN_PEPPER_ROOT,12006,9,buy,-67.5,9
0,100,INTARIAN_PEPPER_ROOT,12007,8,buy,-127.0,17
0,200,INTARIAN_PEPPER_ROOT,12010,22,buy,-252.0,39
0,300,INTARIAN_PEPPER_ROOT,12007,8,buy,-362.5,47
0,400,INTARIAN_PEPPER_ROOT,12007,10,buy,-427.5,57
0,500,INTARIAN_PEPPER_ROOT,12007,9,buy,-57.0,66
0,600,INTARIAN_PEPPER_ROOT,12010,14,buy,-499.0,80
0,3600,ASH_COATED_OSMIUM,10008,3,sell,21.0,-3
0,4200,ASH_COATED_OSMIUM,10007,2,sell,28.0,-5
0,9600,ASH_COATED_OSMIUM,9993,3,buy,57.0,-2
0,10000,ASH_COATED_OSMIUM,9995,8,buy,111.0,6
0,12100,ASH_COATED_OSMIUM,9995,5,buy,146.0,11
0,14000,ASH_COATED_OSMIUM,10010,3,sell,178.0,8
0,15100,ASH_COATED_OSMIUM,10003,2,sell,172.0,6
0,15100,ASH_COATED_OSMIUM,10003,8,sell,180.0,-2
0,18500,ASH_COATED_OSMIUM,10009,6,sell,222.0,-8
0,23900,ASH_COATED_OSMIUM,9993,4,buy,268.0,-4
0,24300,ASH_COATED_OSMIUM,9993,2,buy,276.0,-2
0,24600,ASH_COATED_OSMIUM,9993,3,buy,301.0,1
0,32800,ASH_COATED_OSMIUM,9993,4,buy,304.0,5
0,34000,ASH_COATED_OSMIUM,10009,7,sell,388.0,-2
0,34500,ASH_COATED_OSMIUM,9994,8,buy,398.0,6
0,36500,ASH_COATED_OSMIUM,10007,3,sell,464.0,3
0,37900,ASH_COATED_OSMIUM,10000,4,buy,454.0,7
0,41500,ASH_COATED_OSMIUM,10008,5,sell,503.0,2
0,50900,ASH_COATED_OSMIUM,9991,5,buy,542.5,7
0,54600,ASH_COATED_OSMIUM,9989,6,buy,560.0,13
0,58400,ASH_COATED_OSMIUM,9988,3,buy,568.0,16
0,59500,ASH_COATED_OSMIUM,10001,2,sell,566.0,14
0,62000,ASH_COATED_OSMIUM,10004,6,sell,650.0,8
0,63700,ASH_COATED_OSMIUM,9989,1,buy,658.0,9
0,64900,ASH_COATED_OSMIUM,10004,2,sell,665.0,7
0,65300,ASH_COATED_OSMIUM,9988,2,buy,667.5,9
0,68000,ASH_COATED_OSMIUM,10004,3,sell,711.0,6
0,76300,ASH_COATED_OSMIUM,9994,6,buy,777.0,12
0,76500,ASH_COATED_OSMIUM,10011,8,sell,875.0,4
0,83700,ASH_COATED_OSMIUM,10004,2,sell,852.0,2
0,85500,ASH_COATED_OSMIUM,9989,7,buy,902.0,9
0,85900,ASH_COATED_OSMIUM,9988,5,buy,935.0,14
0,87900,ASH_COATED_OSMIUM,9995,5,buy,1023.0,19
0,88300,ASH_COATED_OSMIUM,10007,2,sell,1071.0,17
0,89700,ASH_COATED_OSMIUM,10004,9,sell,1133.0,8
0,90200,ASH_COATED_OSMIUM,10010,10,sell,1167.0,-2
0,90800,ASH_COATED_OSMIUM,9996,6,buy,1215.0,4
0,105900,ASH_COATED_OSMIUM,10009,5,sell,1238.5,-1
0,107200,ASH_COATED_OSMIUM,9996,3,buy,1260.0,2
0,111600,ASH_COATED_OSMIUM,9995,5,buy,1286.0,7
0,114700,ASH_COATED_OSMIUM,9995,1,buy,1308.0,8
0,116100,ASH_COATED_OSMIUM,9994,8,buy,1364.0,16
0,121500,ASH_COATED_OSMIUM,10005,5,sell,1445.0,11
0,122000,ASH_COATED_OSMIUM,10011,10,sell,1469.5,1
0,122300,ASH_COATED_OSMIUM,10010,5,sell,1501.0,-4
0,126500,ASH_COATED_OSMIUM,9994,6,buy,1555.0,2
0,127800,ASH_COATED_OSMIUM,10009,2,sell,1571.0,0
0,130300,ASH_COATED_OSMIUM,10008,2,sell,1583.0,-2
0,131000,ASH_COATED_OSMIUM,10007,9,sell,1650.0,-11
0,131400,ASH_COATED_OSMIUM,10007,2,sell,1651.0,-13
0,137700,ASH_COATED_OSMIUM,10008,3,sell,1648.0,-16
0,139400,ASH_COATED_OSMIUM,9996,6,buy,1667.0,-10
0,139400,ASH_COATED_OSMIUM,9996,5,buy,1709.5,-5
0,142000,ASH_COATED_OSMIUM,9995,2,buy,1736.0,-3
0,146700,ASH_COATED_OSMIUM,10008,6,sell,1772.0,-9
0,149500,ASH_COATED_OSMIUM,10009,9,sell,1772.0,-18
0,153200,ASH_COATED_OSMIUM,9997,5,buy,1834.0,-13
0,154600,ASH_COATED_OSMIUM,10001,2,buy,1840.0,-11
0,155300,ASH_COATED_OSMIUM,10011,10,sell,1910.0,-21
0,155500,ASH_COATED_OSMIUM,10011,6,sell,1952.0,-27
0,155700,ASH_COATED_OSMIUM,10014,7,sell,2005.0,-34
0,155800,ASH_COATED_OSMIUM,10006,5,buy,2084.5,-29
0,156900,ASH_COATED_OSMIUM,10008,2,buy,2017.5,-27
0,157900,ASH_COATED_OSMIUM,10008,2,buy,2008.5,-25
0,158200,ASH_COATED_OSMIUM,9999,5,buy,1981.0,-20
0,172700,ASH_COATED_OSMIUM,10014,4,sell,1989.0,-24
0,177700,ASH_COATED_OSMIUM,9999,10,buy,2083.0,-14
0,181600,ASH_COATED_OSMIUM,10000,2,buy,2071.0,-12
0,182700,ASH_COATED_OSMIUM,9999,5,buy,2119.5,-7
0,184800,ASH_COATED_OSMIUM,10008,4,buy,2143.0,-3
0,185900,ASH_COATED_OSMIUM,10001,10,buy,2186.0,7
0,190400,ASH_COATED_OSMIUM,10012,1,sell,2166.0,6
0,192600,ASH_COATED_OSMIUM,9998,8,buy,2249.0,14
0,192900,ASH_COATED_OSMIUM,10012,10,sell,2298.0,4
0,200100,ASH_COATED_OSMIUM,9998,6,buy,2355.0,10
0,200300,ASH_COATED_OSMIUM,9998,5,buy,2390.0,15
0,200400,ASH_COATED_OSMIUM,10013,2,sell,2404.0,13
0,200700,ASH_COATED_OSMIUM,10012,4,sell,2410.0,9
0,201700,ASH_COATED_OSMIUM,9998,4,buy,2427.5,13
0,205600,ASH_COATED_OSMIUM,9994,2,buy,2416.5,15
0,206600,ASH_COATED_OSMIUM,9995,7,buy,2451.0,22
0,206700,ASH_COATED_OSMIUM,10002,5,sell,2532.5,17
0,208900,ASH_COATED_OSMIUM,9991,10,buy,2448.0,27
0,210000,ASH_COATED_OSMIUM,9989,4,buy,2464.5,31
0,212700,ASH_COATED_OSMIUM,9988,6,buy,2312.0,37
0,216900,ASH_COATED_OSMIUM,10002,7,sell,2809.0,30
0,222500,ASH_COATED_OSMIUM,9999,5,sell,2754.0,25
0,223900,ASH_COATED_OSMIUM,10003,5,sell,2799.0,20
0,224900,ASH_COATED_OSMIUM,10007,7,sell,2718.0,13
0,226200,ASH_COATED_OSMIUM,9992,6,buy,2728.0,19
0,227600,ASH_COATED_OSMIUM,9992,5,buy,2794.0,24
0,228000,ASH_COATED_OSMIUM,9990,2,buy,2774.0,26
0,228300,ASH_COATED_OSMIUM,10001,7,sell,2909.0,19
0,229600,ASH_COATED_OSMIUM,10007,5,sell,2889.0,14
0,235600,ASH_COATED_OSMIUM,9989,4,buy,2885.0,18
0,236100,ASH_COATED_OSMIUM,9989,2,buy,2874.0,20
0,236500,ASH_COATED_OSMIUM,9990,2,buy,2888.0,22
0,237100,ASH_COATED_OSMIUM,9989,3,buy,2924.5,25
0,241700,ASH_COATED_OSMIUM,9988,3,buy,2939.0,28
0,243200,ASH_COATED_OSMIUM,10002,6,sell,2925.0,22
0,243700,ASH_COATED_OSMIUM,10002,6,sell,2991.0,16
0,247600,ASH_COATED_OSMIUM,9986,6,buy,2977.0,22
0,251700,ASH_COATED_OSMIUM,9985,2,buy,2993.0,24
0,252300,ASH_COATED_OSMIUM,10000,5,sell,3037.5,19
0,252400,ASH_COATED_OSMIUM,10000,7,sell,3095.0,12
0,258300,ASH_COATED_OSMIUM,10002,9,sell,3164.0,3
0,258400,ASH_COATED_OSMIUM,10002,4,sell,3191.0,-1
0,259400,ASH_COATED_OSMIUM,9990,8,buy,3246.0,7
0,260500,ASH_COATED_OSMIUM,10005,7,sell,3302.0,0
0,261300,ASH_COATED_OSMIUM,9991,2,buy,3314.0,2
0,265000,ASH_COATED_OSMIUM,9991,4,buy,3302.0,6
0,267000,ASH_COATED_OSMIUM,9995,9,buy,3416.0,15
0,268800,ASH_COATED_OSMIUM,10008,6,sell,3471.5,9
0,269400,ASH_COATED_OSMIUM,9999,4,buy,3479.0,13
0,270400,ASH_COATED_OSMIUM,10009,2,sell,3504.0,11
0,271800,ASH_COATED_OSMIUM,10010,5,sell,3539.0,6
0,272800,ASH_COATED_OSMIUM,10011,6,sell,3587.0,0
0,275600,ASH_COATED_OSMIUM,10010,4,sell,3621.0,-4
0,280900,ASH_COATED_OSMIUM,9995,2,buy,3633.0,-2
0,297000,ASH_COATED_OSMIUM,10009,9,sell,3696.0,-11
0,297300,ASH_COATED_OSMIUM,10009,3,sell,3724.0,-14
0,299500,ASH_COATED_OSMIUM,9997,2,buy,3709.0,-12
0,301600,ASH_COATED_OSMIUM,9995,9,buy,3790.0,-3
0,306500,ASH_COATED_OSMIUM,10009,5,sell,3825.0,-8
0,307600,ASH_COATED_OSMIUM,9995,5,buy,3860.0,-3
0,310000,ASH_COATED_OSMIUM,10007,9,sell,3947.0,-12
0,310900,ASH_COATED_OSMIUM,10007,6,sell,3953.0,-18
0,313100,ASH_COATED_OSMIUM,9995,1,buy,3925.0,-17
0,313600,ASH_COATED_OSMIUM,10011,3,sell,3929.0,-20
0,314200,ASH_COATED_OSMIUM,10001,10,buy,4014.0,-10
0,315600,ASH_COATED_OSMIUM,10000,8,buy,4004.0,-2
0,320900,ASH_COATED_OSMIUM,10007,6,sell,3989.0,-8
0,323500,ASH_COATED_OSMIUM,9996,6,buy,4061.0,-2
0,324600,ASH_COATED_OSMIUM,9994,2,buy,4077.0,0
0,325000,ASH_COATED_OSMIUM,10008,5,sell,4112.0,-5
0,330600,ASH_COATED_OSMIUM,9995,2,buy,4121.0,-3
0,331800,ASH_COATED_OSMIUM,10010,8,sell,4185.0,-11
0,332800,ASH_COATED_OSMIUM,10009,5,sell,4220.0,-16
0,335800,ASH_COATED_OSMIUM,9995,6,buy,4262.0,-10
0,336000,ASH_COATED_OSMIUM,9995,3,buy,4276.0,-7
0,336400,ASH_COATED_OSMIUM,10011,9,sell,4332.0,-16
0,336800,ASH_COATED_OSMIUM,9998,4,buy,4368.0,-12
0,337200,ASH_COATED_OSMIUM,9997,6,buy,4410.0,-6
0,341200,ASH_COATED_OSMIUM,9994,1,buy,4413.0,-5
0,343200,ASH_COATED_OSMIUM,10000,9,buy,4418.0,4
0,344200,ASH_COATED_OSMIUM,9997,4,buy,4472.0,8
0,345800,ASH_COATED_OSMIUM,9997,3,buy,4493.0,11
0,346200,ASH_COATED_OSMIUM,9997,4,buy,4506.0,15
0,350400,ASH_COATED_OSMIUM,10007,5,sell,4496.0,10
0,351800,ASH_COATED_OSMIUM,10009,5,sell,4551.0,5
0,353000,ASH_COATED_OSMIUM,9994,5,buy,4581.0,10
0,356700,ASH_COATED_OSMIUM,10009,9,sell,4655.0,1
0,357500,ASH_COATED_OSMIUM,9997,3,buy,4677.0,4
0,358400,ASH_COATED_OSMIUM,10010,3,sell,4694.0,1
0,359300,ASH_COATED_OSMIUM,9996,4,buy,4729.5,5
0,361400,ASH_COATED_OSMIUM,9995,6,buy,4671.0,11
0,363200,ASH_COATED_OSMIUM,10009,2,sell,4818.0,9
0,375300,ASH_COATED_OSMIUM,9996,4,buy,4810.0,13
0,375400,ASH_COATED_OSMIUM,10010,1,sell,4805.0,12
0,377400,ASH_COATED_OSMIUM,9995,4,buy,4833.0,16
0,380900,ASH_COATED_OSMIUM,9996,8,buy,4905.0,24
0,381000,ASH_COATED_OSMIUM,10010,1,sell,4889.0,23
0,381700,ASH_COATED_OSMIUM,10004,6,sell,4994.5,17
0,383000,ASH_COATED_OSMIUM,10008,6,sell,4926.0,11
0,384000,ASH_COATED_OSMIUM,9992,4,buy,4939.5,15
0,389800,ASH_COATED_OSMIUM,10008,10,sell,5032.0,5
0,389900,ASH_COATED_OSMIUM,9994,7,buy,5063.0,12
0,390400,ASH_COATED_OSMIUM,9994,9,buy,5144.0,21
0,392300,ASH_COATED_OSMIUM,10009,5,sell,5200.0,16
0,401400,ASH_COATED_OSMIUM,10005,5,sell,5286.5,11
0,401700,ASH_COATED_OSMIUM,10011,9,sell,5300.0,2
0,402400,ASH_COATED_OSMIUM,9995,5,buy,5331.0,7
0,405200,ASH_COATED_OSMIUM,9994,2,buy,5329.0,9
0,415800,ASH_COATED_OSMIUM,9995,6,buy,5389.0,15
0,425200,ASH_COATED_OSMIUM,10006,3,sell,5353.0,12
0,425800,ASH_COATED_OSMIUM,9991,7,buy,5430.5,19
0,428000,ASH_COATED_OSMIUM,10000,8,sell,5478.5,11
0,430100,ASH_COATED_OSMIUM,10006,4,sell,5457.0,7
0,432800,ASH_COATED_OSMIUM,9992,6,buy,5499.0,13
0,439100,ASH_COATED_OSMIUM,10007,5,sell,5547.0,8
0,439800,ASH_COATED_OSMIUM,10010,7,sell,5618.5,1
0,440300,ASH_COATED_OSMIUM,10007,3,sell,5638.0,-2
0,440700,ASH_COATED_OSMIUM,9992,2,buy,5654.0,0
0,442700,ASH_COATED_OSMIUM,10009,6,sell,5696.0,-6
0,445000,ASH_COATED_OSMIUM,10008,8,sell,5744.0,-14
0,449100,ASH_COATED_OSMIUM,9996,8,buy,5786.0,-6
0,451800,ASH_COATED_OSMIUM,9998,5,buy,5810.0,-1
0,453400,ASH_COATED_OSMIUM,9998,3,buy,5832.0,2
0,456000,ASH_COATED_OSMIUM,10007,4,sell,5836.0,-2
0,463900,ASH_COATED_OSMIUM,10012,6,sell,5880.0,-8
0,465500,ASH_COATED_OSMIUM,10012,6,sell,5922.0,-14
0,467800,ASH_COATED_OSMIUM,10013,5,sell,5857.5,-19
0,468100,ASH_COATED_OSMIUM,9999,8,buy,6004.5,-11
0,468300,ASH_COATED_OSMIUM,10003,4,buy,6049.5,-7
0,471900,ASH_COATED_OSMIUM,10013,6,sell,6053.0,-13
0,472200,ASH_COATED_OSMIUM,9998,3,buy,6087.0,-10
0,476400,ASH_COATED_OSMIUM,10008,2,sell,6153.0,-12
0,477200,ASH_COATED_OSMIUM,9992,6,buy,6207.0,-6
0,478500,ASH_COATED_OSMIUM,9993,3,buy,6225.0,-3
0,478600,ASH_COATED_OSMIUM,9992,6,buy,6267.0,3
0,479600,ASH_COATED_OSMIUM,9992,2,buy,6288.5,5
0,482600,ASH_COATED_OSMIUM,9990,5,buy,6306.0,10
0,482700,ASH_COATED_OSMIUM,9990,5,buy,6363.5,15
0,487200,ASH_COATED_OSMIUM,10007,3,sell,6407.0,12
0,487500,ASH_COATED_OSMIUM,9993,4,buy,6443.0,16
0,487700,ASH_COATED_OSMIUM,9994,5,buy,6444.0,21
0,489700,ASH_COATED_OSMIUM,10012,7,sell,6598.0,14
0,494300,ASH_COATED_OSMIUM,10009,3,sell,6598.0,11
0,498900,ASH_COATED_OSMIUM,9997,8,buy,6628.5,19
0,500000,ASH_COATED_OSMIUM,9993,4,buy,6616.5,23
0,501900,ASH_COATED_OSMIUM,10000,6,sell,6687.5,17
0,502700,ASH_COATED_OSMIUM,10005,2,sell,6623.0,15
0,511700,ASH_COATED_OSMIUM,10013,6,sell,6770.0,9
0,512500,ASH_COATED_OSMIUM,10013,4,sell,6790.5,5
0,512800,ASH_COATED_OSMIUM,9997,7,buy,6741.0,12
0,514300,ASH_COATED_OSMIUM,9998,5,buy,6867.0,17
0,516100,ASH_COATED_OSMIUM,10012,5,sell,6919.0,12
0,517200,ASH_COATED_OSMIUM,10011,5,sell,6935.0,7
0,520100,ASH_COATED_OSMIUM,10015,3,sell,6987.0,4
0,521800,ASH_COATED_OSMIUM,10000,4,buy,6999.0,8
0,525700,ASH_COATED_OSMIUM,9998,4,buy,7027.0,12
0,532300,ASH_COATED_OSMIUM,10000,3,buy,7057.0,15
0,534800,ASH_COATED_OSMIUM,10012,9,sell,7168.0,6
0,536100,ASH_COATED_OSMIUM,10004,6,buy,7183.0,12
0,537200,ASH_COATED_OSMIUM,10018,3,sell,7204.0,9
0,540100,ASH_COATED_OSMIUM,10019,2,sell,7227.0,7
0,552900,ASH_COATED_OSMIUM,10005,5,buy,7274.0,12
0,554400,ASH_COATED_OSMIUM,10005,10,buy,7332.0,22
0,556700,ASH_COATED_OSMIUM,10005,1,buy,7362.0,23
0,557700,ASH_COATED_OSMIUM,10003,4,buy,7348.0,27
0,560300,ASH_COATED_OSMIUM,10018,6,sell,7390.0,21
0,560800,ASH_COATED_OSMIUM,10011,10,sell,7428.5,11
0,563700,ASH_COATED_OSMIUM,10015,3,sell,7378.0,8
0,566600,ASH_COATED_OSMIUM,10017,7,sell,7443.0,1
0,567300,ASH_COATED_OSMIUM,10004,10,buy,7503.0,11
0,573000,ASH_COATED_OSMIUM,10015,3,sell,7502.0,8
0,574000,ASH_COATED_OSMIUM,10002,2,buy,7524.0,10
0,574100,ASH_COATED_OSMIUM,10016,5,sell,7559.0,5
0,574300,ASH_COATED_OSMIUM,10002,3,buy,7588.0,8
0,583900,ASH_COATED_OSMIUM,10013,7,sell,7605.0,1
0,584000,ASH_COATED_OSMIUM,10013,4,sell,7636.0,-3
0,590100,ASH_COATED_OSMIUM,10011,3,sell,7666.0,-6
0,593100,ASH_COATED_OSMIUM,10007,4,buy,7652.0,-2
0,594800,ASH_COATED_OSMIUM,10012,2,sell,7660.0,-4
0,600600,ASH_COATED_OSMIUM,9994,6,buy,7718.0,2
0,607200,ASH_COATED_OSMIUM,9997,3,buy,7745.0,5
0,611400,ASH_COATED_OSMIUM,9995,6,buy,7766.0,11
0,611700,ASH_COATED_OSMIUM,9994,5,buy,7801.0,16
0,615600,ASH_COATED_OSMIUM,10008,5,sell,7836.0,11
0,620700,ASH_COATED_OSMIUM,10010,8,sell,7938.0,3
0,622700,ASH_COATED_OSMIUM,10012,4,sell,7947.5,-1
0,624500,ASH_COATED_OSMIUM,9996,6,buy,7997.0,5
0,628900,ASH_COATED_OSMIUM,10008,3,sell,8001.0,2
0,632100,ASH_COATED_OSMIUM,10009,2,sell,8019.0,0
0,634000,ASH_COATED_OSMIUM,9995,1,buy,8027.0,1
0,639100,ASH_COATED_OSMIUM,10011,8,sell,8084.0,-7
0,641800,ASH_COATED_OSMIUM,10011,5,sell,8119.0,-12
0,642700,ASH_COATED_OSMIUM,10012,6,sell,8158.0,-18
0,644100,ASH_COATED_OSMIUM,10010,6,sell,8035.0,-24
0,645400,ASH_COATED_OSMIUM,9997,2,buy,8415.0,-22
0,645700,ASH_COATED_OSMIUM,10010,8,sell,8055.0,-30
0,646600,ASH_COATED_OSMIUM,10005,4,buy,8352.0,-26
0,647300,ASH_COATED_OSMIUM,10012,5,sell,8270.0,-31
0,650400,ASH_COATED_OSMIUM,9995,4,buy,8418.0,-27
0,650500,ASH_COATED_OSMIUM,10003,4,buy,8479.0,-23
0,653900,ASH_COATED_OSMIUM,9992,6,buy,8481.0,-17
0,654800,ASH_COATED_OSMIUM,9992,6,buy,8540.0,-11
0,656900,ASH_COATED_OSMIUM,9992,10,buy,8611.0,-1
0,658000,ASH_COATED_OSMIUM,9992,3,buy,8633.0,2
0,658300,ASH_COATED_OSMIUM,10005,2,sell,8643.0,0
0,658400,ASH_COATED_OSMIUM,10005,9,sell,8706.0,-9
0,666400,ASH_COATED_OSMIUM,9983,4,buy,8801.0,-5
0,666800,ASH_COATED_OSMIUM,9983,5,buy,8841.0,0
0,668000,ASH_COATED_OSMIUM,9999,2,sell,8855.0,-2
0,673600,ASH_COATED_OSMIUM,9991,10,buy,8913.0,8
0,677100,ASH_COATED_OSMIUM,9989,2,buy,8801.0,10
0,681200,ASH_COATED_OSMIUM,10001,9,sell,8954.0,1
0,682900,ASH_COATED_OSMIUM,10002,4,sell,8983.0,-3
0,685400,ASH_COATED_OSMIUM,10000,7,sell,9048.0,-10
0,690800,ASH_COATED_OSMIUM,9984,4,buy,9080.0,-6
0,699900,ASH_COATED_OSMIUM,9996,6,sell,9110.0,-12
0,700300,ASH_COATED_OSMIUM,9996,6,sell,9182.0,-18
0,700400,ASH_COATED_OSMIUM,9982,3,buy,9180.5,-15
0,703100,ASH_COATED_OSMIUM,9985,4,buy,9197.0,-11
0,703900,ASH_COATED_OSMIUM,9985,2,buy,9249.5,-9
0,707800,ASH_COATED_OSMIUM,9983,5,buy,9285.0,-4
0,710200,ASH_COATED_OSMIUM,9996,8,sell,9307.0,-12
0,713700,ASH_COATED_OSMIUM,9986,10,buy,9355.0,-2
0,720400,ASH_COATED_OSMIUM,9995,4,sell,9373.0,-6
0,723100,ASH_COATED_OSMIUM,9980,6,buy,9421.0,0
0,725700,ASH_COATED_OSMIUM,9981,8,buy,9477.0,8
0,726200,ASH_COATED_OSMIUM,9982,5,buy,9520.0,13
0,729100,ASH_COATED_OSMIUM,9998,8,sell,9597.0,5
0,729300,ASH_COATED_OSMIUM,9985,5,buy,9642.0,10
0,730500,ASH_COATED_OSMIUM,9984,5,buy,9644.5,15
0,734800,ASH_COATED_OSMIUM,10001,2,sell,9713.0,13
0,734900,ASH_COATED_OSMIUM,9986,5,buy,9766.0,18
0,739500,ASH_COATED_OSMIUM,9984,10,buy,9754.0,28
0,740500,ASH_COATED_OSMIUM,9993,8,sell,9898.0,20
0,742000,ASH_COATED_OSMIUM,9998,5,sell,9848.0,15
0,743500,ASH_COATED_OSMIUM,9985,4,buy,9876.0,19
0,745200,ASH_COATED_OSMIUM,9986,6,buy,9937.0,25
0,746100,ASH_COATED_OSMIUM,9994,8,sell,9945.0,17
0,751900,ASH_COATED_OSMIUM,10004,4,sell,10145.0,13
0,755500,ASH_COATED_OSMIUM,10004,4,sell,10055.5,9
0,756200,ASH_COATED_OSMIUM,9989,3,buy,10093.0,12
0,756600,ASH_COATED_OSMIUM,9992,9,buy,10159.0,21
0,756900,ASH_COATED_OSMIUM,9991,5,buy,10194.0,26
0,757200,ASH_COATED_OSMIUM,9990,4,buy,10226.0,30
0,758100,ASH_COATED_OSMIUM,9999,5,sell,10343.5,25
0,758300,ASH_COATED_OSMIUM,9990,6,buy,10248.0,31
0,763700,ASH_COATED_OSMIUM,9988,6,buy,10265.0,37
0,767000,ASH_COATED_OSMIUM,10005,9,sell,10402.0,28
0,771800,ASH_COATED_OSMIUM,10002,9,sell,10571.0,19
0,773400,ASH_COATED_OSMIUM,10002,8,sell,10547.0,11
0,779900,ASH_COATED_OSMIUM,10004,2,sell,10473.0,9
0,782500,ASH_COATED_OSMIUM,10004,7,sell,10525.0,2
0,788000,ASH_COATED_OSMIUM,10005,5,sell,10560.5,-3
0,789500,ASH_COATED_OSMIUM,9990,2,buy,10576.0,-1
0,791700,ASH_COATED_OSMIUM,9990,5,buy,10615.0,4
0,792300,ASH_COATED_OSMIUM,10004,10,sell,10681.0,-6
0,793700,ASH_COATED_OSMIUM,10004,10,sell,10623.0,-16
0,794000,ASH_COATED_OSMIUM,9994,5,buy,10843.0,-11
0,796300,ASH_COATED_OSMIUM,9997,4,buy,10769.5,-7
0,803100,ASH_COATED_OSMIUM,10005,5,sell,10794.0,-12
0,805000,ASH_COATED_OSMIUM,10005,6,sell,10836.0,-18
0,805400,ASH_COATED_OSMIUM,9995,4,buy,10925.0,-14
0,810500,ASH_COATED_OSMIUM,10010,2,sell,10768.0,-16
0,815400,ASH_COATED_OSMIUM,10009,4,sell,10866.0,-20
0,821100,ASH_COATED_OSMIUM,10008,8,sell,10856.0,-28
0,824100,ASH_COATED_OSMIUM,10003,5,buy,10959.5,-23
0,832700,ASH_COATED_OSMIUM,9998,5,buy,10818.0,-18
0,835200,ASH_COATED_OSMIUM,10006,4,buy,10869.0,-14
0,835700,ASH_COATED_OSMIUM,10015,8,sell,10855.0,-22
0,836800,ASH_COATED_OSMIUM,10000,7,buy,11046.0,-15
0,837200,ASH_COATED_OSMIUM,10004,8,buy,10992.0,-7
0,839500,ASH_COATED_OSMIUM,10012,4,sell,10981.0,-11
0,841100,ASH_COATED_OSMIUM,10002,10,buy,11028.0,-1
0,841500,ASH_COATED_OSMIUM,9997,6,buy,11065.0,5
0,843100,ASH_COATED_OSMIUM,9998,5,buy,11105.0,10
0,843200,ASH_COATED_OSMIUM,9998,4,buy,11133.0,14
0,845100,ASH_COATED_OSMIUM,10012,3,sell,11137.5,11
0,845400,ASH_COATED_OSMIUM,10012,3,sell,11175.0,8
0,846700,ASH_COATED_OSMIUM,10015,2,sell,11261.0,6
0,847500,ASH_COATED_OSMIUM,10012,8,sell,11249.0,-2
0,847800,ASH_COATED_OSMIUM,9998,3,buy,11273.0,1
0,848300,ASH_COATED_OSMIUM,9999,5,buy,11296.0,6
0,852300,ASH_COATED_OSMIUM,10000,3,buy,11326.0,9
0,859500,ASH_COATED_OSMIUM,9993,4,buy,11300.0,13
0,864800,ASH_COATED_OSMIUM,9998,8,sell,11274.0,5
0,865000,ASH_COATED_OSMIUM,9991,6,buy,11316.0,11
0,867600,ASH_COATED_OSMIUM,9992,3,buy,11348.0,14
0,868100,ASH_COATED_OSMIUM,10001,7,sell,11397.0,7
0,870700,ASH_COATED_OSMIUM,10006,5,sell,11402.0,2
0,871500,ASH_COATED_OSMIUM,10005,2,sell,11409.0,0
0,874000,ASH_COATED_OSMIUM,9993,5,buy,11444.0,5
0,875400,ASH_COATED_OSMIUM,9991,5,buy,11469.0,10
0,877900,ASH_COATED_OSMIUM,9992,7,buy,11528.0,17
0,878000,ASH_COATED_OSMIUM,10006,5,sell,11563.0,12
0,880600,ASH_COATED_OSMIUM,9993,4,buy,11603.0,16
0,881400,ASH_COATED_OSMIUM,10001,9,sell,11640.0,7
0,887700,ASH_COATED_OSMIUM,10004,6,sell,11633.0,1
0,892900,ASH_COATED_OSMIUM,10004,8,sell,11682.0,-7
0,893000,ASH_COATED_OSMIUM,9991,4,buy,11714.5,-3
0,899200,ASH_COATED_OSMIUM,10010,5,sell,11738.0,-8
0,904500,ASH_COATED_OSMIUM,10009,3,sell,11748.0,-11
0,904900,ASH_COATED_OSMIUM,10001,4,buy,11770.0,-7
0,905700,ASH_COATED_OSMIUM,10010,5,sell,11767.0,-12
0,909200,ASH_COATED_OSMIUM,10001,4,buy,11767.0,-8
0,909900,ASH_COATED_OSMIUM,10015,8,sell,11831.0,-16
0,911000,ASH_COATED_OSMIUM,10015,2,sell,11685.0,-18
0,912200,ASH_COATED_OSMIUM,10016,3,sell,11832.0,-21
0,915300,ASH_COATED_OSMIUM,10009,10,buy,11865.0,-11
0,918800,ASH_COATED_OSMIUM,10003,3,buy,11898.0,-8
0,920500,ASH_COATED_OSMIUM,10018,3,sell,11855.0,-11
0,921200,ASH_COATED_OSMIUM,10017,10,sell,11915.0,-21
0,926100,ASH_COATED_OSMIUM,10006,10,buy,12053.0,-11
0,928100,ASH_COATED_OSMIUM,9999,3,buy,12041.0,-8
0,928700,ASH_COATED_OSMIUM,10000,4,buy,12057.0,-4
0,929300,ASH_COATED_OSMIUM,10013,2,sell,12079.0,-6
0,930600,ASH_COATED_OSMIUM,9998,3,buy,12103.0,-3
0,932600,ASH_COATED_OSMIUM,10016,5,sell,12145.0,-8
0,935900,ASH_COATED_OSMIUM,10000,8,buy,12201.0,0
0,938700,ASH_COATED_OSMIUM,10013,2,sell,12199.0,-2
0,939200,ASH_COATED_OSMIUM,10013,6,sell,12257.0,-8
0,939500,ASH_COATED_OSMIUM,10012,9,sell,12311.0,-17
0,946100,ASH_COATED_OSMIUM,9999,10,buy,12391.5,-7
0,948400,ASH_COATED_OSMIUM,10014,7,sell,12423.0,-14
0,949200,ASH_COATED_OSMIUM,10014,2,sell,12453.0,-16
0,949500,ASH_COATED_OSMIUM,10005,10,buy,12487.0,-6
0,960000,ASH_COATED_OSMIUM,10005,4,buy,12457.0,-2
0,964000,ASH_COATED_OSMIUM,10018,3,sell,12478.0,-5
0,970900,ASH_COATED_OSMIUM,10017,5,sell,12518.0,-10
0,975100,ASH_COATED_OSMIUM,10001,2,buy,12552.0,-8
0,975500,ASH_COATED_OSMIUM,10015,3,sell,12573.0,-11
0,976500,ASH_COATED_OSMIUM,10001,6,buy,12615.0,-5
0,980800,ASH_COATED_OSMIUM,10016,5,sell,12645.0,-10
0,984100,ASH_COATED_OSMIUM,10016,4,sell,12659.0,-14
0,984500,ASH_COATED_OSMIUM,10007,8,buy,12719.0,-6
0,985300,ASH_COATED_OSMIUM,10001,3,buy,12719.0,-3
0,986200,ASH_COATED_OSMIUM,10015,3,sell,12731.0,-6
0,987100,ASH_COATED_OSMIUM,10015,6,sell,12779.0,-12
0,988700,ASH_COATED_OSMIUM,10004,8,buy,12839.0,-4
0,988900,ASH_COATED_OSMIUM,9999,2,buy,12830.0,-2
0,991400,ASH_COATED_OSMIUM,10003,9,buy,12888.0,7
0,993300,ASH_COATED_OSMIUM,10001,2,buy,12897.0,9
