day,voucher,violation_type,count,avg_magnitude,avg_lifetime_ticks
0,VEV_4000,lower_bound,939,1.2268370607028753,1.09696261682243
0,VEV_4000,upper_bound,0,,0.0
0,VEV_4500,lower_bound,3045,0.6842364532019705,1.4853658536585366
0,VEV_4500,upper_bound,0,,0.0
0,VEV_5000,lower_bound,0,,0.0
0,VEV_5000,upper_bound,0,,0.0
0,VEV_5100,lower_bound,0,,0.0
0,VEV_5100,upper_bound,0,,0.0
0,VEV_5200,lower_bound,0,,0.0
0,VEV_5200,upper_bound,0,,0.0
0,VEV_5300,lower_bound,0,,0.0
0,VEV_5300,upper_bound,0,,0.0
0,VEV_5400,lower_bound,0,,0.0
0,VEV_5400,upper_bound,0,,0.0
0,VEV_5500,lower_bound,0,,0.0
0,VEV_5500,upper_bound,0,,0.0
0,VEV_6000,lower_bound,0,,0.0
0,VEV_6000,upper_bound,0,,0.0
0,VEV_6500,lower_bound,0,,0.0
0,VEV_6500,upper_bound,0,,0.0
1,VEV_4000,lower_bound,984,1.217479674796748,1.1468531468531469
1,VEV_4000,upper_bound,0,,0.0
1,VEV_4500,lower_bound,3061,0.6899705978438418,1.4844810863239573
1,VEV_4500,upper_bound,0,,0.0
1,VEV_5000,lower_bound,0,,0.0
1,VEV_5000,upper_bound,0,,0.0
1,VEV_5100,lower_bound,0,,0.0
1,VEV_5100,upper_bound,0,,0.0
1,VEV_5200,lower_bound,0,,0.0
1,VEV_5200,upper_bound,0,,0.0
1,VEV_5300,lower_bound,0,,0.0
1,VEV_5300,upper_bound,0,,0.0
1,VEV_5400,lower_bound,0,,0.0
1,VEV_5400,upper_bound,0,,0.0
1,VEV_5500,lower_bound,0,,0.0
1,VEV_5500,upper_bound,0,,0.0
1,VEV_6000,lower_bound,0,,0.0
1,VEV_6000,upper_bound,0,,0.0
1,VEV_6500,lower_bound,0,,0.0
1,VEV_6500,upper_bound,0,,0.0
2,VEV_4000,lower_bound,1063,1.1834430856067732,1.1668496158068058
2,VEV_4000,upper_bound,0,,0.0
2,VEV_4500,lower_bound,2706,0.7307834441980784,1.420472440944882
2,VEV_4500,upper_bound,0,,0.0
2,VEV_5000,lower_bound,3,0.5,1.0
2,VEV_5000,upper_bound,0,,0.0
2,VEV_5100,lower_bound,0,,0.0
2,VEV_5100,upper_bound,0,,0.0
2,VEV_5200,lower_bound,0,,0.0
2,VEV_5200,upper_bound,0,,0.0
2,VEV_5300,lower_bound,0,,0.0
2,VEV_5300,upper_bound,0,,0.0
2,VEV_5400,lower_bound,0,,0.0
2,VEV_5400,upper_bound,0,,0.0
2,VEV_5500,lower_bound,0,,0.0
2,VEV_5500,upper_bound,0,,0.0
2,VEV_6000,lower_bound,0,,0.0
2,VEV_6000,upper_bound,0,,0.0
2,VEV_6500,lower_bound,0,,0.0
2,VEV_6500,upper_bound,0,,0.0
