rv_source,day,annualized_std,zero_fraction,n
raw_ret,0,0.4080568603634984,0.2499,9999
raw_ret,1,0.41311543796592126,0.2444,9999
raw_ret,2,0.41377271996836823,0.246,9999
kalman_ret,0,0.07929352646312117,0.0001,9999
kalman_ret,1,0.0788626247500848,0.0001,9999
kalman_ret,2,0.07735894071286809,0.0001,9999
smooth_ret,0,0.16021110661144033,0.1182,9999
smooth_ret,1,0.15765364587535063,0.1213,9999
smooth_ret,2,0.15966140790540093,0.1191,9999
nonzero_raw_ret,0,0.47113633315404224,0.2499,7501
nonzero_raw_ret,1,0.4752373089598117,0.2444,7556
nonzero_raw_ret,2,0.47649804630966663,0.246,7540
