voucher,mean_abs_delta_change_filtered_minus_raw,p95_abs_delta_change,mean_raw_delta,mean_filtered_delta
VEV_4000,5.173290013444434e-05,0.0001583143562771394,0.9937780315137226,0.993798112216686
VEV_4500,8.880212568778854e-05,0.0002500227189753956,0.9935908971743598,0.993613993675458
VEV_5000,0.0011679691133738312,0.0029972431264355115,0.9358879832554148,0.9359043464680504
VEV_5100,0.002477542009878613,0.006200857377799151,0.8221688278212396,0.8221691408288325
VEV_5200,0.003605070612245694,0.009017237151181228,0.623318378190926,0.6232906753762133
VEV_5300,0.003616468645240555,0.009042500720871375,0.3925712357938617,0.3925242411635371
VEV_5400,0.002659321702120573,0.00664670708890396,0.1831617221440308,0.18311278821894328
VEV_5500,0.0014142960214654583,0.003588018835291853,0.0834915326860464,0.08346320518046844
VEV_6000,9.646254928262841e-05,0.0002400507036476491,0.0057710210889517725,0.00577070059074096
VEV_6500,4.559430202286427e-05,0.00011330254657531484,0.003971344779386554,0.003971140683432735
