voucher,day,bin_idx,trade_count,pct_at_bid,pct_at_ask,mean_quantity
VEV_4000,0,0,6,0.5,0.5,1.8333333333333333
VEV_4000,0,1,10,0.3,0.7,1.7
VEV_4000,0,2,9,0.4444444444444444,0.5555555555555556,1.8888888888888888
VEV_4000,0,3,5,0.8,0.2,1.8
VEV_4000,0,4,12,0.6666666666666666,0.3333333333333333,2.4166666666666665
VEV_4000,0,5,9,0.5555555555555556,0.4444444444444444,2.6666666666666665
VEV_4000,0,6,9,0.8888888888888888,0.1111111111111111,2.0
VEV_4000,0,7,8,0.625,0.375,1.375
VEV_4000,0,8,8,0.375,0.625,1.75
VEV_4000,0,9,5,0.8,0.2,2.8
VEV_4000,0,10,16,0.625,0.375,2.25
VEV_4000,0,11,6,0.0,1.0,2.3333333333333335
VEV_4000,0,12,7,0.42857142857142855,0.5714285714285714,1.7142857142857142
VEV_4000,0,13,11,0.36363636363636365,0.6363636363636364,1.8181818181818181
VEV_4000,0,14,5,0.2,0.8,1.8
VEV_4000,0,15,6,0.3333333333333333,0.6666666666666666,2.5
VEV_4000,0,16,8,0.25,0.75,2.25
VEV_4000,0,17,13,0.38461538461538464,0.6153846153846154,2.0
VEV_4000,0,18,12,0.5833333333333334,0.4166666666666667,1.9166666666666667
VEV_4000,0,19,7,0.2857142857142857,0.7142857142857143,2.0
VEV_4000,1,0,6,0.3333333333333333,0.6666666666666666,2.0
VEV_4000,1,1,12,0.4166666666666667,0.5833333333333334,2.25
VEV_4000,1,2,8,0.75,0.25,2.25
VEV_4000,1,3,10,0.5,0.5,1.9
VEV_4000,1,4,8,0.125,0.875,1.75
VEV_4000,1,5,10,0.4,0.6,1.7
VEV_4000,1,6,9,0.5555555555555556,0.4444444444444444,1.4444444444444444
VEV_4000,1,7,11,0.8181818181818182,0.18181818181818182,2.272727272727273
VEV_4000,1,8,5,0.4,0.6,1.8
VEV_4000,1,9,11,0.6363636363636364,0.36363636363636365,2.0
VEV_4000,1,10,8,0.75,0.25,1.875
VEV_4000,1,11,10,0.5,0.5,1.9
VEV_4000,1,12,8,0.5,0.5,2.25
VEV_4000,1,13,6,1.0,0.0,2.1666666666666665
VEV_4000,1,14,7,0.7142857142857143,0.2857142857142857,2.7142857142857144
VEV_4000,1,15,9,0.7777777777777778,0.2222222222222222,2.2222222222222223
VEV_4000,1,16,5,0.6,0.4,1.8
VEV_4000,1,17,7,0.5714285714285714,0.42857142857142855,2.4285714285714284
VEV_4000,1,18,7,0.42857142857142855,0.5714285714285714,2.142857142857143
VEV_4000,1,19,7,0.2857142857142857,0.7142857142857143,1.7142857142857142
VEV_4000,2,0,4,0.5,0.5,1.75
VEV_4000,2,1,4,0.5,0.5,2.0
VEV_4000,2,2,9,0.7777777777777778,0.2222222222222222,1.5555555555555556
VEV_4000,2,3,9,0.3333333333333333,0.6666666666666666,2.111111111111111
VEV_4000,2,4,7,0.7142857142857143,0.2857142857142857,1.7142857142857142
VEV_4000,2,5,8,0.5,0.5,1.875
VEV_4000,2,6,7,0.5714285714285714,0.42857142857142855,2.0
VEV_4000,2,7,8,0.375,0.625,2.0
VEV_4000,2,8,7,0.5714285714285714,0.42857142857142855,2.0
VEV_4000,2,9,4,0.0,1.0,2.0
VEV_4000,2,10,3,0.3333333333333333,0.6666666666666666,1.3333333333333333
VEV_4000,2,11,6,0.6666666666666666,0.3333333333333333,1.8333333333333333
VEV_4000,2,12,12,0.5,0.5,2.4166666666666665
VEV_4000,2,13,6,0.3333333333333333,0.6666666666666666,2.1666666666666665
VEV_4000,2,14,5,0.4,0.6,2.0
VEV_4000,2,15,5,0.2,0.8,1.8
VEV_4000,2,16,10,0.5,0.5,2.4
VEV_4000,2,17,6,0.6666666666666666,0.3333333333333333,1.8333333333333333
VEV_4000,2,18,2,0.0,1.0,2.0
VEV_4000,2,19,6,0.8333333333333334,0.16666666666666666,2.3333333333333335
VEV_4500,1,8,1,0.0,1.0,1.0
VEV_5000,1,8,1,0.0,1.0,1.0
VEV_5100,1,8,1,0.0,1.0,1.0
VEV_5200,0,4,1,1.0,0.0,5.0
VEV_5200,0,13,1,1.0,0.0,5.0
VEV_5200,0,18,1,1.0,0.0,5.0
VEV_5200,1,6,1,1.0,0.0,4.0
VEV_5200,1,8,1,0.0,1.0,1.0
VEV_5200,1,11,1,1.0,0.0,2.0
VEV_5200,1,12,3,1.0,0.0,3.3333333333333335
VEV_5200,1,19,1,1.0,0.0,5.0
VEV_5200,2,8,4,1.0,0.0,3.5
VEV_5200,2,9,1,1.0,0.0,2.0
VEV_5200,2,10,1,1.0,0.0,5.0
VEV_5200,2,13,1,1.0,0.0,2.0
VEV_5200,2,17,1,1.0,0.0,3.0
VEV_5300,0,1,2,1.0,0.0,4.0
VEV_5300,0,2,3,1.0,0.0,3.6666666666666665
VEV_5300,0,3,7,1.0,0.0,3.142857142857143
VEV_5300,0,4,1,1.0,0.0,3.0
VEV_5300,0,5,1,1.0,0.0,2.0
VEV_5300,0,6,1,1.0,0.0,4.0
VEV_5300,0,8,1,1.0,0.0,5.0
VEV_5300,0,9,2,1.0,0.0,2.5
VEV_5300,0,10,2,1.0,0.0,4.5
VEV_5300,0,11,2,1.0,0.0,3.5
VEV_5300,0,12,4,1.0,0.0,3.25
VEV_5300,0,13,1,1.0,0.0,3.0
VEV_5300,0,14,1,1.0,0.0,2.0
VEV_5300,0,16,3,1.0,0.0,5.0
VEV_5300,0,17,2,1.0,0.0,2.0
VEV_5300,0,18,2,1.0,0.0,4.0
VEV_5300,0,19,2,1.0,0.0,3.5
VEV_5300,1,0,3,1.0,0.0,3.3333333333333335
VEV_5300,1,1,3,1.0,0.0,3.0
VEV_5300,1,2,1,1.0,0.0,3.0
VEV_5300,1,3,5,1.0,0.0,3.2
VEV_5300,1,5,1,1.0,0.0,2.0
VEV_5300,1,7,2,1.0,0.0,3.5
VEV_5300,1,8,1,0.0,1.0,1.0
VEV_5300,1,9,2,1.0,0.0,3.5
VEV_5300,1,10,1,1.0,0.0,4.0
VEV_5300,1,11,4,1.0,0.0,3.5
VEV_5300,1,12,6,1.0,0.0,3.1666666666666665
VEV_5300,1,13,1,1.0,0.0,3.0
VEV_5300,1,14,3,1.0,0.0,3.6666666666666665
VEV_5300,1,16,4,1.0,0.0,3.75
VEV_5300,1,18,1,1.0,0.0,4.0
VEV_5300,1,19,1,1.0,0.0,5.0
VEV_5300,2,0,1,1.0,0.0,5.0
VEV_5300,2,1,2,1.0,0.0,4.5
VEV_5300,2,2,2,1.0,0.0,4.5
VEV_5300,2,3,2,1.0,0.0,3.5
VEV_5300,2,4,2,1.0,0.0,5.0
VEV_5300,2,5,1,1.0,0.0,2.0
VEV_5300,2,6,2,1.0,0.0,4.5
VEV_5300,2,7,6,1.0,0.0,3.3333333333333335
VEV_5300,2,8,3,1.0,0.0,3.3333333333333335
VEV_5300,2,9,2,1.0,0.0,4.0
VEV_5300,2,10,3,1.0,0.0,3.3333333333333335
VEV_5300,2,11,3,0.6666666666666666,0.0,4.333333333333333
VEV_5300,2,12,1,1.0,0.0,2.0
VEV_5300,2,13,1,1.0,0.0,2.0
VEV_5300,2,14,2,1.0,0.0,2.5
VEV_5300,2,15,2,1.0,0.0,3.5
VEV_5300,2,16,3,1.0,0.0,4.0
VEV_5300,2,17,2,1.0,0.0,2.0
VEV_5300,2,18,1,1.0,0.0,5.0
VEV_5300,2,19,4,1.0,0.0,3.25
VEV_5400,0,0,4,1.0,0.0,3.75
VEV_5400,0,1,2,1.0,0.0,4.0
VEV_5400,0,2,2,1.0,0.0,3.5
VEV_5400,0,3,8,1.0,0.0,3.375
VEV_5400,0,4,5,1.0,0.0,3.6
VEV_5400,0,5,3,1.0,0.0,2.6666666666666665
VEV_5400,0,6,2,1.0,0.0,3.5
VEV_5400,0,8,4,1.0,0.0,4.0
VEV_5400,0,9,4,1.0,0.0,2.75
VEV_5400,0,10,1,1.0,0.0,4.0
VEV_5400,0,11,4,1.0,0.0,3.25
VEV_5400,0,12,3,1.0,0.0,3.6666666666666665
VEV_5400,0,13,2,1.0,0.0,2.0
VEV_5400,0,14,4,1.0,0.0,2.5
VEV_5400,0,15,3,1.0,0.0,4.0
VEV_5400,0,16,3,1.0,0.0,5.0
VEV_5400,0,17,4,1.0,0.0,2.75
VEV_5400,0,18,4,1.0,0.0,3.5
VEV_5400,0,19,2,1.0,0.0,3.5
VEV_5400,1,0,6,1.0,0.0,3.5
VEV_5400,1,1,6,1.0,0.0,3.6666666666666665
VEV_5400,1,2,3,1.0,0.0,3.0
VEV_5400,1,3,6,1.0,0.0,3.6666666666666665
VEV_5400,1,4,2,1.0,0.0,3.0
VEV_5400,1,5,1,1.0,0.0,2.0
VEV_5400,1,6,3,1.0,0.0,3.3333333333333335
VEV_5400,1,7,3,1.0,0.0,4.666666666666667
VEV_5400,1,8,3,1.0,0.0,3.0
VEV_5400,1,9,4,1.0,0.0,3.25
VEV_5400,1,10,4,1.0,0.0,4.25
VEV_5400,1,11,5,1.0,0.0,2.8
VEV_5400,1,12,6,1.0,0.0,3.0
VEV_5400,1,13,3,1.0,0.0,3.3333333333333335
VEV_5400,1,14,9,1.0,0.0,3.888888888888889
VEV_5400,1,15,4,1.0,0.0,3.0
VEV_5400,1,16,3,1.0,0.0,3.0
VEV_5400,1,17,2,1.0,0.0,4.0
VEV_5400,1,18,5,1.0,0.0,4.0
VEV_5400,1,19,3,1.0,0.0,5.0
VEV_5400,2,0,7,1.0,0.0,3.2857142857142856
VEV_5400,2,1,2,1.0,0.0,4.5
VEV_5400,2,2,2,1.0,0.0,3.0
VEV_5400,2,3,3,1.0,0.0,4.0
VEV_5400,2,4,3,1.0,0.0,4.0
VEV_5400,2,5,7,1.0,0.0,2.857142857142857
VEV_5400,2,6,6,1.0,0.0,3.8333333333333335
VEV_5400,2,7,7,1.0,0.0,3.142857142857143
VEV_5400,2,8,6,1.0,0.0,3.8333333333333335
VEV_5400,2,9,4,1.0,0.0,3.75
VEV_5400,2,10,3,1.0,0.0,4.333333333333333
VEV_5400,2,11,7,1.0,0.0,3.857142857142857
VEV_5400,2,12,4,1.0,0.0,3.0
VEV_5400,2,13,3,1.0,0.0,3.0
VEV_5400,2,14,3,1.0,0.0,3.0
VEV_5400,2,15,4,1.0,0.0,3.5
VEV_5400,2,16,4,1.0,0.0,3.5
VEV_5400,2,17,2,1.0,0.0,2.5
VEV_5400,2,18,2,1.0,0.0,5.0
VEV_5400,2,19,1,1.0,0.0,5.0
VEV_5500,0,0,4,1.0,0.0,3.75
VEV_5500,0,1,3,1.0,0.0,4.0
VEV_5500,0,2,3,1.0,0.0,3.6666666666666665
VEV_5500,0,3,10,1.0,0.0,3.1
VEV_5500,0,4,5,1.0,0.0,3.6
VEV_5500,0,5,6,1.0,0.0,3.5
VEV_5500,0,6,3,1.0,0.0,3.6666666666666665
VEV_5500,0,8,4,1.0,0.0,4.0
VEV_5500,0,9,4,1.0,0.0,2.75
VEV_5500,0,10,2,1.0,0.0,4.5
VEV_5500,0,11,6,1.0,0.0,3.3333333333333335
VEV_5500,0,12,5,1.0,0.0,3.6
VEV_5500,0,13,4,1.0,0.0,3.0
VEV_5500,0,14,6,1.0,0.0,2.5
VEV_5500,0,15,3,1.0,0.0,4.0
VEV_5500,0,16,3,1.0,0.0,5.0
VEV_5500,0,17,5,1.0,0.0,3.0
VEV_5500,0,18,4,1.0,0.0,4.0
VEV_5500,0,19,1,1.0,0.0,3.0
VEV_5500,1,0,8,1.0,0.0,3.75
VEV_5500,1,1,6,1.0,0.0,3.3333333333333335
VEV_5500,1,2,4,1.0,0.0,3.0
VEV_5500,1,3,7,1.0,0.0,3.5714285714285716
VEV_5500,1,4,1,1.0,0.0,3.0
VEV_5500,1,5,1,1.0,0.0,2.0
VEV_5500,1,6,4,1.0,0.0,3.5
VEV_5500,1,7,4,1.0,0.0,4.0
VEV_5500,1,8,3,1.0,0.0,3.0
VEV_5500,1,9,4,1.0,0.0,3.25
VEV_5500,1,10,3,1.0,0.0,3.3333333333333335
VEV_5500,1,11,7,1.0,0.0,3.2857142857142856
VEV_5500,1,12,6,1.0,0.0,3.1666666666666665
VEV_5500,1,13,3,1.0,0.0,3.3333333333333335
VEV_5500,1,14,9,1.0,0.0,3.888888888888889
VEV_5500,1,15,4,1.0,0.0,3.0
VEV_5500,1,16,7,1.0,0.0,3.5714285714285716
VEV_5500,1,17,3,1.0,0.0,3.3333333333333335
VEV_5500,1,18,6,1.0,0.0,3.8333333333333335
VEV_5500,1,19,2,1.0,0.0,5.0
VEV_5500,2,0,7,1.0,0.0,3.2857142857142856
VEV_5500,2,1,3,1.0,0.0,4.666666666666667
VEV_5500,2,2,3,1.0,0.0,3.6666666666666665
VEV_5500,2,3,3,1.0,0.0,4.0
VEV_5500,2,4,3,1.0,0.0,4.0
VEV_5500,2,5,8,1.0,0.0,2.875
VEV_5500,2,6,6,1.0,0.0,3.8333333333333335
VEV_5500,2,7,9,1.0,0.0,3.4444444444444446
VEV_5500,2,8,6,1.0,0.0,3.8333333333333335
VEV_5500,2,9,4,1.0,0.0,3.75
VEV_5500,2,10,3,1.0,0.0,4.333333333333333
VEV_5500,2,11,7,1.0,0.0,3.857142857142857
VEV_5500,2,12,4,1.0,0.0,3.0
VEV_5500,2,13,4,1.0,0.0,3.5
VEV_5500,2,14,4,1.0,0.0,2.75
VEV_5500,2,15,4,1.0,0.0,3.5
VEV_5500,2,16,4,1.0,0.0,3.5
VEV_5500,2,17,3,1.0,0.0,2.3333333333333335
VEV_5500,2,18,5,1.0,0.0,4.6
VEV_5500,2,19,4,1.0,0.0,3.25
VEV_6000,0,0,4,1.0,0.0,3.75
VEV_6000,0,1,4,1.0,0.0,4.25
VEV_6000,0,2,3,1.0,0.0,3.6666666666666665
VEV_6000,0,3,12,1.0,0.0,3.1666666666666665
VEV_6000,0,4,5,1.0,0.0,3.6
VEV_6000,0,5,6,1.0,0.0,3.5
VEV_6000,0,6,3,1.0,0.0,3.6666666666666665
VEV_6000,0,7,1,1.0,0.0,4.0
VEV_6000,0,8,4,1.0,0.0,4.0
VEV_6000,0,9,4,1.0,0.0,2.75
VEV_6000,0,10,2,1.0,0.0,4.5
VEV_6000,0,11,6,1.0,0.0,3.3333333333333335
VEV_6000,0,12,5,1.0,0.0,3.6
VEV_6000,0,13,4,1.0,0.0,3.0
VEV_6000,0,14,6,1.0,0.0,2.5
VEV_6000,0,15,4,1.0,0.0,4.25
VEV_6000,0,16,4,1.0,0.0,5.0
VEV_6000,0,17,6,1.0,0.0,3.0
VEV_6000,0,18,6,1.0,0.0,3.6666666666666665
VEV_6000,0,19,2,1.0,0.0,3.5
VEV_6000,1,0,8,1.0,0.0,3.75
VEV_6000,1,1,7,1.0,0.0,3.4285714285714284
VEV_6000,1,2,4,1.0,0.0,3.0
VEV_6000,1,3,7,1.0,0.0,3.5714285714285716
VEV_6000,1,4,2,1.0,0.0,3.0
VEV_6000,1,5,1,1.0,0.0,2.0
VEV_6000,1,6,4,1.0,0.0,3.5
VEV_6000,1,7,4,1.0,0.0,4.0
VEV_6000,1,8,3,1.0,0.0,3.0
VEV_6000,1,9,4,1.0,0.0,3.25
VEV_6000,1,10,5,1.0,0.0,3.8
VEV_6000,1,11,7,1.0,0.0,3.2857142857142856
VEV_6000,1,12,7,1.0,0.0,3.142857142857143
VEV_6000,1,13,3,1.0,0.0,3.3333333333333335
VEV_6000,1,14,9,1.0,0.0,3.888888888888889
VEV_6000,1,15,4,1.0,0.0,3.0
VEV_6000,1,16,7,1.0,0.0,3.5714285714285716
VEV_6000,1,17,3,1.0,0.0,3.3333333333333335
VEV_6000,1,18,6,1.0,0.0,3.8333333333333335
VEV_6000,1,19,3,1.0,0.0,5.0
VEV_6000,2,0,7,1.0,0.0,3.2857142857142856
VEV_6000,2,1,3,1.0,0.0,4.666666666666667
VEV_6000,2,2,3,1.0,0.0,3.6666666666666665
VEV_6000,2,3,3,1.0,0.0,4.0
VEV_6000,2,4,3,1.0,0.0,4.0
VEV_6000,2,5,8,1.0,0.0,2.875
VEV_6000,2,6,6,1.0,0.0,3.8333333333333335
VEV_6000,2,7,9,1.0,0.0,3.4444444444444446
VEV_6000,2,8,6,1.0,0.0,3.8333333333333335
VEV_6000,2,9,4,1.0,0.0,3.75
VEV_6000,2,10,4,1.0,0.0,3.75
VEV_6000,2,11,7,1.0,0.0,3.857142857142857
VEV_6000,2,12,4,1.0,0.0,3.0
VEV_6000,2,13,4,1.0,0.0,3.5
VEV_6000,2,14,4,1.0,0.0,2.75
VEV_6000,2,15,4,1.0,0.0,3.5
VEV_6000,2,16,4,1.0,0.0,3.5
VEV_6000,2,17,3,1.0,0.0,2.3333333333333335
VEV_6000,2,18,5,1.0,0.0,4.6
VEV_6000,2,19,4,1.0,0.0,3.25
VEV_6500,0,0,4,1.0,0.0,3.75
VEV_6500,0,1,4,1.0,0.0,4.25
VEV_6500,0,2,3,1.0,0.0,3.6666666666666665
VEV_6500,0,3,12,1.0,0.0,3.1666666666666665
VEV_6500,0,4,5,1.0,0.0,3.6
VEV_6500,0,5,6,1.0,0.0,3.5
VEV_6500,0,6,3,1.0,0.0,3.6666666666666665
VEV_6500,0,7,1,1.0,0.0,4.0
VEV_6500,0,8,4,1.0,0.0,4.0
VEV_6500,0,9,4,1.0,0.0,2.75
VEV_6500,0,10,2,1.0,0.0,4.5
VEV_6500,0,11,6,1.0,0.0,3.3333333333333335
VEV_6500,0,12,5,1.0,0.0,3.6
VEV_6500,0,13,4,1.0,0.0,3.0
VEV_6500,0,14,6,1.0,0.0,2.5
VEV_6500,0,15,4,1.0,0.0,4.25
VEV_6500,0,16,4,1.0,0.0,5.0
VEV_6500,0,17,6,1.0,0.0,3.0
VEV_6500,0,18,6,1.0,0.0,3.6666666666666665
VEV_6500,0,19,2,1.0,0.0,3.5
VEV_6500,1,0,8,1.0,0.0,3.75
VEV_6500,1,1,7,1.0,0.0,3.4285714285714284
VEV_6500,1,2,4,1.0,0.0,3.0
VEV_6500,1,3,7,1.0,0.0,3.5714285714285716
VEV_6500,1,4,2,1.0,0.0,3.0
VEV_6500,1,5,1,1.0,0.0,2.0
VEV_6500,1,6,4,1.0,0.0,3.5
VEV_6500,1,7,4,1.0,0.0,4.0
VEV_6500,1,8,3,1.0,0.0,3.0
VEV_6500,1,9,4,1.0,0.0,3.25
VEV_6500,1,10,5,1.0,0.0,3.8
VEV_6500,1,11,7,1.0,0.0,3.2857142857142856
VEV_6500,1,12,7,1.0,0.0,3.142857142857143
VEV_6500,1,13,3,1.0,0.0,3.3333333333333335
VEV_6500,1,14,9,1.0,0.0,3.888888888888889
VEV_6500,1,15,4,1.0,0.0,3.0
VEV_6500,1,16,7,1.0,0.0,3.5714285714285716
VEV_6500,1,17,3,1.0,0.0,3.3333333333333335
VEV_6500,1,18,6,1.0,0.0,3.8333333333333335
VEV_6500,1,19,3,1.0,0.0,5.0
VEV_6500,2,0,7,1.0,0.0,3.2857142857142856
VEV_6500,2,1,3,1.0,0.0,4.666666666666667
VEV_6500,2,2,3,1.0,0.0,3.6666666666666665
VEV_6500,2,3,3,1.0,0.0,4.0
VEV_6500,2,4,3,1.0,0.0,4.0
VEV_6500,2,5,8,1.0,0.0,2.875
VEV_6500,2,6,6,1.0,0.0,3.8333333333333335
VEV_6500,2,7,9,1.0,0.0,3.4444444444444446
VEV_6500,2,8,6,1.0,0.0,3.8333333333333335
VEV_6500,2,9,4,1.0,0.0,3.75
VEV_6500,2,10,4,1.0,0.0,3.75
VEV_6500,2,11,7,1.0,0.0,3.857142857142857
VEV_6500,2,12,4,1.0,0.0,3.0
VEV_6500,2,13,4,1.0,0.0,3.5
VEV_6500,2,14,4,1.0,0.0,2.75
VEV_6500,2,15,4,1.0,0.0,3.5
VEV_6500,2,16,4,1.0,0.0,3.5
VEV_6500,2,17,3,1.0,0.0,2.3333333333333335
VEV_6500,2,18,5,1.0,0.0,4.6
VEV_6500,2,19,4,1.0,0.0,3.25
