product,day,lag,trade_count,trade_sign_autocorr
VELVETFRUIT_EXTRACT,0,1,445,-0.01736060937596745
VELVETFRUIT_EXTRACT,0,2,445,0.03479830677290844
VELVETFRUIT_EXTRACT,0,3,445,0.060749999999999804
VELVETFRUIT_EXTRACT,0,4,445,-0.0383641419376808
VELVETFRUIT_EXTRACT,0,5,445,0.01932336676549143
VELVETFRUIT_EXTRACT,0,6,445,-0.05253597386221518
VELVETFRUIT_EXTRACT,0,7,445,0.005411833722818858
VELVETFRUIT_EXTRACT,0,8,445,-0.020255435525980955
VELVETFRUIT_EXTRACT,0,9,445,0.038044671839012945
VELVETFRUIT_EXTRACT,0,10,445,-0.011693774917887857
VELVETFRUIT_EXTRACT,0,11,445,0.02812727078561143
VELVETFRUIT_EXTRACT,0,12,445,0.007603573015137023
VELVETFRUIT_EXTRACT,0,13,445,0.051763123520191336
VELVETFRUIT_EXTRACT,0,14,445,-0.04983541803818319
VELVETFRUIT_EXTRACT,0,15,445,-0.05710570170246658
VELVETFRUIT_EXTRACT,0,16,445,-0.00737721891171509
VELVETFRUIT_EXTRACT,0,17,445,-0.020024519497816397
VELVETFRUIT_EXTRACT,0,18,445,-0.03276525419923698
VELVETFRUIT_EXTRACT,0,19,445,0.021550677432506982
VELVETFRUIT_EXTRACT,0,20,445,-0.043375958176155936
VELVETFRUIT_EXTRACT,1,1,450,0.09433205975578159
VELVETFRUIT_EXTRACT,1,2,450,0.1329261293046134
VELVETFRUIT_EXTRACT,1,3,450,0.0046762101369307325
VELVETFRUIT_EXTRACT,1,4,450,0.002865913161447315
VELVETFRUIT_EXTRACT,1,5,450,0.0051044373392916485
VELVETFRUIT_EXTRACT,1,6,450,-0.060437708239132394
VELVETFRUIT_EXTRACT,1,7,450,0.005539995057253434
VELVETFRUIT_EXTRACT,1,8,450,0.044398933112263124
VELVETFRUIT_EXTRACT,1,9,450,0.0325632692000094
VELVETFRUIT_EXTRACT,1,10,450,-0.024345686338875842
VELVETFRUIT_EXTRACT,1,11,450,0.023912405084532466
VELVETFRUIT_EXTRACT,1,12,450,0.0539464178898371
VELVETFRUIT_EXTRACT,1,13,450,0.05127825571928679
VELVETFRUIT_EXTRACT,1,14,450,0.04858265726230389
VELVETFRUIT_EXTRACT,1,15,450,-0.014116748304842388
VELVETFRUIT_EXTRACT,1,16,450,0.04924936358460676
VELVETFRUIT_EXTRACT,1,17,450,-0.051118837618579625
VELVETFRUIT_EXTRACT,1,18,450,-0.03956468012227117
VELVETFRUIT_EXTRACT,1,19,450,-0.06966517176818914
VELVETFRUIT_EXTRACT,1,20,450,-0.02987849919453347
VELVETFRUIT_EXTRACT,2,1,477,-0.027020391352350046
VELVETFRUIT_EXTRACT,2,2,477,0.09159623510293241
VELVETFRUIT_EXTRACT,2,3,477,0.029313187507314205
VELVETFRUIT_EXTRACT,2,4,477,0.027870461959993584
VELVETFRUIT_EXTRACT,2,5,477,0.0074481017319873374
VELVETFRUIT_EXTRACT,2,6,477,0.018348282407235253
VELVETFRUIT_EXTRACT,2,7,477,-0.08489325482661032
VELVETFRUIT_EXTRACT,2,8,477,-0.021307777383071207
VELVETFRUIT_EXTRACT,2,9,477,0.0020569556518413783
VELVETFRUIT_EXTRACT,2,10,477,-0.01712155754799306
VELVETFRUIT_EXTRACT,2,11,477,-0.03636402615522564
VELVETFRUIT_EXTRACT,2,12,477,0.049299739072022904
VELVETFRUIT_EXTRACT,2,13,477,0.028525364166505994
VELVETFRUIT_EXTRACT,2,14,477,0.012869495620338385
VELVETFRUIT_EXTRACT,2,15,477,0.05612093565603893
VELVETFRUIT_EXTRACT,2,16,477,0.013597387730983427
VELVETFRUIT_EXTRACT,2,17,477,-0.02381978139628505
VELVETFRUIT_EXTRACT,2,18,477,0.010601828010736688
VELVETFRUIT_EXTRACT,2,19,477,-0.10979348040992869
VELVETFRUIT_EXTRACT,2,20,477,0.03310201790161516
VEV_4000,0,1,172,0.12176415217775871
VEV_4000,0,2,172,0.1640230063043692
VEV_4000,0,3,172,0.07626526477620436
VEV_4000,0,4,172,0.11870658554579705
VEV_4000,0,5,172,0.11313714329445351
VEV_4000,0,6,172,0.08396282649251488
VEV_4000,0,7,172,0.12663630428321718
VEV_4000,0,8,172,-0.037227333171143365
VEV_4000,0,9,172,-0.03149963215428812
VEV_4000,0,10,172,-0.02533385864012419
VEV_4000,0,11,172,-0.08109364001682527
VEV_4000,0,12,172,0.049569986240959305
VEV_4000,0,13,172,0.005699810292096332
VEV_4000,0,14,172,0.012025012025012022
VEV_4000,0,15,172,0.006006493506493517
VEV_4000,0,16,172,-0.10274535590991282
VEV_4000,0,17,172,-0.006828780812791569
VEV_4000,0,18,172,-0.03966244725738403
VEV_4000,0,19,172,0.07130643371863991
VEV_4000,0,20,172,-0.0005198407070915302
VEV_4000,1,1,164,-0.019993894993894954
VEV_4000,1,2,164,-0.024999999999999956
VEV_4000,1,3,164,0.18237242604413684
VEV_4000,1,4,164,-0.0015849134377000351
VEV_4000,1,5,164,0.13226324237560164
VEV_4000,1,6,164,-0.02914834717472729
VEV_4000,1,7,164,-0.02292975736178283
VEV_4000,1,8,164,0.1657754010695186
VEV_4000,1,9,164,0.0798846675712347
VEV_4000,1,10,164,-0.13604391833933765
VEV_4000,1,11,164,0.05580676027604472
VEV_4000,1,12,164,0.1281442497286201
VEV_4000,1,13,164,0.012188587950541094
VEV_4000,1,14,164,0.05789725935989504
VEV_4000,1,15,164,-0.23754152823920233
VEV_4000,1,16,164,-0.07787114845938369
VEV_4000,1,17,164,0.12327237497254828
VEV_4000,1,18,164,-0.1774193548387099
VEV_4000,1,19,164,0.013797123979790195
VEV_4000,1,20,164,-0.007489914532395605
VEV_4000,2,1,128,0.10243055555555546
VEV_4000,2,2,128,-0.07936507936507939
VEV_4000,2,3,128,-0.1359447004608294
VEV_4000,2,4,128,0.01613113061652757
VEV_4000,2,5,128,-0.12218990112626553
VEV_4000,2,6,128,-0.14762034939153693
VEV_4000,2,7,128,0.10767969792685483
VEV_4000,2,8,128,-0.05000694589153862
VEV_4000,2,9,128,-0.17655367231638502
VEV_4000,2,10,128,-0.05114942528735632
VEV_4000,2,11,128,-0.02631578947368424
VEV_4000,2,12,128,0.06785714285714277
VEV_4000,2,13,128,-0.04418886198547216
VEV_4000,2,14,128,0.21007240806892682
VEV_4000,2,15,128,0.07899686520376192
VEV_4000,2,16,128,0.017233127872059238
VEV_4000,2,17,128,-0.009424768860377984
VEV_4000,2,18,128,0.10851945091542009
VEV_4000,2,19,128,0.08187331536388136
VEV_4000,2,20,128,-0.22264150943396185
VEV_4500,1,1,1,
VEV_4500,1,2,1,
VEV_4500,1,3,1,
VEV_4500,1,4,1,
VEV_4500,1,5,1,
VEV_4500,1,6,1,
VEV_4500,1,7,1,
VEV_4500,1,8,1,
VEV_4500,1,9,1,
VEV_4500,1,10,1,
VEV_4500,1,11,1,
VEV_4500,1,12,1,
VEV_4500,1,13,1,
VEV_4500,1,14,1,
VEV_4500,1,15,1,
VEV_4500,1,16,1,
VEV_4500,1,17,1,
VEV_4500,1,18,1,
VEV_4500,1,19,1,
VEV_4500,1,20,1,
VEV_5000,1,1,1,
VEV_5000,1,2,1,
VEV_5000,1,3,1,
VEV_5000,1,4,1,
VEV_5000,1,5,1,
VEV_5000,1,6,1,
VEV_5000,1,7,1,
VEV_5000,1,8,1,
VEV_5000,1,9,1,
VEV_5000,1,10,1,
VEV_5000,1,11,1,
VEV_5000,1,12,1,
VEV_5000,1,13,1,
VEV_5000,1,14,1,
VEV_5000,1,15,1,
VEV_5000,1,16,1,
VEV_5000,1,17,1,
VEV_5000,1,18,1,
VEV_5000,1,19,1,
VEV_5000,1,20,1,
VEV_5100,1,1,1,
VEV_5100,1,2,1,
VEV_5100,1,3,1,
VEV_5100,1,4,1,
VEV_5100,1,5,1,
VEV_5100,1,6,1,
VEV_5100,1,7,1,
VEV_5100,1,8,1,
VEV_5100,1,9,1,
VEV_5100,1,10,1,
VEV_5100,1,11,1,
VEV_5100,1,12,1,
VEV_5100,1,13,1,
VEV_5100,1,14,1,
VEV_5100,1,15,1,
VEV_5100,1,16,1,
VEV_5100,1,17,1,
VEV_5100,1,18,1,
VEV_5100,1,19,1,
VEV_5100,1,20,1,
VEV_5200,0,1,3,
VEV_5200,0,2,3,
VEV_5200,0,3,3,
VEV_5200,0,4,3,
VEV_5200,0,5,3,
VEV_5200,0,6,3,
VEV_5200,0,7,3,
VEV_5200,0,8,3,
VEV_5200,0,9,3,
VEV_5200,0,10,3,
VEV_5200,0,11,3,
VEV_5200,0,12,3,
VEV_5200,0,13,3,
VEV_5200,0,14,3,
VEV_5200,0,15,3,
VEV_5200,0,16,3,
VEV_5200,0,17,3,
VEV_5200,0,18,3,
VEV_5200,0,19,3,
VEV_5200,0,20,3,
VEV_5200,1,1,7,-0.19999999999999996
VEV_5200,1,2,7,
VEV_5200,1,3,7,
VEV_5200,1,4,7,
VEV_5200,1,5,7,
VEV_5200,1,6,7,
VEV_5200,1,7,7,
VEV_5200,1,8,7,
VEV_5200,1,9,7,
VEV_5200,1,10,7,
VEV_5200,1,11,7,
VEV_5200,1,12,7,
VEV_5200,1,13,7,
VEV_5200,1,14,7,
VEV_5200,1,15,7,
VEV_5200,1,16,7,
VEV_5200,1,17,7,
VEV_5200,1,18,7,
VEV_5200,1,19,7,
VEV_5200,1,20,7,
VEV_5200,2,1,8,
VEV_5200,2,2,8,
VEV_5200,2,3,8,
VEV_5200,2,4,8,
VEV_5200,2,5,8,
VEV_5200,2,6,8,
VEV_5200,2,7,8,
VEV_5200,2,8,8,
VEV_5200,2,9,8,
VEV_5200,2,10,8,
VEV_5200,2,11,8,
VEV_5200,2,12,8,
VEV_5200,2,13,8,
VEV_5200,2,14,8,
VEV_5200,2,15,8,
VEV_5200,2,16,8,
VEV_5200,2,17,8,
VEV_5200,2,18,8,
VEV_5200,2,19,8,
VEV_5200,2,20,8,
VEV_5300,0,1,37,
VEV_5300,0,2,37,
VEV_5300,0,3,37,
VEV_5300,0,4,37,
VEV_5300,0,5,37,
VEV_5300,0,6,37,
VEV_5300,0,7,37,
VEV_5300,0,8,37,
VEV_5300,0,9,37,
VEV_5300,0,10,37,
VEV_5300,0,11,37,
VEV_5300,0,12,37,
VEV_5300,0,13,37,
VEV_5300,0,14,37,
VEV_5300,0,15,37,
VEV_5300,0,16,37,
VEV_5300,0,17,37,
VEV_5300,0,18,37,
VEV_5300,0,19,37,
VEV_5300,0,20,37,
VEV_5300,1,1,39,-0.027027027027027018
VEV_5300,1,2,39,-0.027777777777777773
VEV_5300,1,3,39,-0.028571428571428564
VEV_5300,1,4,39,-0.029411764705882325
VEV_5300,1,5,39,-0.030303030303030352
VEV_5300,1,6,39,-0.031249999999999986
VEV_5300,1,7,39,-0.032258064516129024
VEV_5300,1,8,39,-0.03333333333333328
VEV_5300,1,9,39,-0.034482758620689676
VEV_5300,1,10,39,-0.0357142857142857
VEV_5300,1,11,39,-0.037037037037036986
VEV_5300,1,12,39,-0.038461538461538526
VEV_5300,1,13,39,-0.040000000000000015
VEV_5300,1,14,39,-0.041666666666666664
VEV_5300,1,15,39,-0.0434782608695652
VEV_5300,1,16,39,
VEV_5300,1,17,39,
VEV_5300,1,18,39,
VEV_5300,1,19,39,
VEV_5300,1,20,39,
VEV_5300,2,1,44,
VEV_5300,2,2,44,
VEV_5300,2,3,44,
VEV_5300,2,4,44,
VEV_5300,2,5,44,
VEV_5300,2,6,44,
VEV_5300,2,7,44,
VEV_5300,2,8,44,
VEV_5300,2,9,44,
VEV_5300,2,10,44,
VEV_5300,2,11,44,
VEV_5300,2,12,44,
VEV_5300,2,13,44,
VEV_5300,2,14,44,
VEV_5300,2,15,44,
VEV_5300,2,16,44,
VEV_5300,2,17,44,
VEV_5300,2,18,44,
VEV_5300,2,19,44,
VEV_5300,2,20,44,
VEV_5400,0,1,64,
VEV_5400,0,2,64,
VEV_5400,0,3,64,
VEV_5400,0,4,64,
VEV_5400,0,5,64,
VEV_5400,0,6,64,
VEV_5400,0,7,64,
VEV_5400,0,8,64,
VEV_5400,0,9,64,
VEV_5400,0,10,64,
VEV_5400,0,11,64,
VEV_5400,0,12,64,
VEV_5400,0,13,64,
VEV_5400,0,14,64,
VEV_5400,0,15,64,
VEV_5400,0,16,64,
VEV_5400,0,17,64,
VEV_5400,0,18,64,
VEV_5400,0,19,64,
VEV_5400,0,20,64,
VEV_5400,1,1,81,
VEV_5400,1,2,81,
VEV_5400,1,3,81,
VEV_5400,1,4,81,
VEV_5400,1,5,81,
VEV_5400,1,6,81,
VEV_5400,1,7,81,
VEV_5400,1,8,81,
VEV_5400,1,9,81,
VEV_5400,1,10,81,
VEV_5400,1,11,81,
VEV_5400,1,12,81,
VEV_5400,1,13,81,
VEV_5400,1,14,81,
VEV_5400,1,15,81,
VEV_5400,1,16,81,
VEV_5400,1,17,81,
VEV_5400,1,18,81,
VEV_5400,1,19,81,
VEV_5400,1,20,81,
VEV_5400,2,1,80,
VEV_5400,2,2,80,
VEV_5400,2,3,80,
VEV_5400,2,4,80,
VEV_5400,2,5,80,
VEV_5400,2,6,80,
VEV_5400,2,7,80,
VEV_5400,2,8,80,
VEV_5400,2,9,80,
VEV_5400,2,10,80,
VEV_5400,2,11,80,
VEV_5400,2,12,80,
VEV_5400,2,13,80,
VEV_5400,2,14,80,
VEV_5400,2,15,80,
VEV_5400,2,16,80,
VEV_5400,2,17,80,
VEV_5400,2,18,80,
VEV_5400,2,19,80,
VEV_5400,2,20,80,
VEV_5500,0,1,81,
VEV_5500,0,2,81,
VEV_5500,0,3,81,
VEV_5500,0,4,81,
VEV_5500,0,5,81,
VEV_5500,0,6,81,
VEV_5500,0,7,81,
VEV_5500,0,8,81,
VEV_5500,0,9,81,
VEV_5500,0,10,81,
VEV_5500,0,11,81,
VEV_5500,0,12,81,
VEV_5500,0,13,81,
VEV_5500,0,14,81,
VEV_5500,0,15,81,
VEV_5500,0,16,81,
VEV_5500,0,17,81,
VEV_5500,0,18,81,
VEV_5500,0,19,81,
VEV_5500,0,20,81,
VEV_5500,1,1,92,
VEV_5500,1,2,92,
VEV_5500,1,3,92,
VEV_5500,1,4,92,
VEV_5500,1,5,92,
VEV_5500,1,6,92,
VEV_5500,1,7,92,
VEV_5500,1,8,92,
VEV_5500,1,9,92,
VEV_5500,1,10,92,
VEV_5500,1,11,92,
VEV_5500,1,12,92,
VEV_5500,1,13,92,
VEV_5500,1,14,92,
VEV_5500,1,15,92,
VEV_5500,1,16,92,
VEV_5500,1,17,92,
VEV_5500,1,18,92,
VEV_5500,1,19,92,
VEV_5500,1,20,92,
VEV_5500,2,1,94,
VEV_5500,2,2,94,
VEV_5500,2,3,94,
VEV_5500,2,4,94,
VEV_5500,2,5,94,
VEV_5500,2,6,94,
VEV_5500,2,7,94,
VEV_5500,2,8,94,
VEV_5500,2,9,94,
VEV_5500,2,10,94,
VEV_5500,2,11,94,
VEV_5500,2,12,94,
VEV_5500,2,13,94,
VEV_5500,2,14,94,
VEV_5500,2,15,94,
VEV_5500,2,16,94,
VEV_5500,2,17,94,
VEV_5500,2,18,94,
VEV_5500,2,19,94,
VEV_5500,2,20,94,
VEV_6000,0,1,91,
VEV_6000,0,2,91,
VEV_6000,0,3,91,
VEV_6000,0,4,91,
VEV_6000,0,5,91,
VEV_6000,0,6,91,
VEV_6000,0,7,91,
VEV_6000,0,8,91,
VEV_6000,0,9,91,
VEV_6000,0,10,91,
VEV_6000,0,11,91,
VEV_6000,0,12,91,
VEV_6000,0,13,91,
VEV_6000,0,14,91,
VEV_6000,0,15,91,
VEV_6000,0,16,91,
VEV_6000,0,17,91,
VEV_6000,0,18,91,
VEV_6000,0,19,91,
VEV_6000,0,20,91,
VEV_6000,1,1,98,
VEV_6000,1,2,98,
VEV_6000,1,3,98,
VEV_6000,1,4,98,
VEV_6000,1,5,98,
VEV_6000,1,6,98,
VEV_6000,1,7,98,
VEV_6000,1,8,98,
VEV_6000,1,9,98,
VEV_6000,1,10,98,
VEV_6000,1,11,98,
VEV_6000,1,12,98,
VEV_6000,1,13,98,
VEV_6000,1,14,98,
VEV_6000,1,15,98,
VEV_6000,1,16,98,
VEV_6000,1,17,98,
VEV_6000,1,18,98,
VEV_6000,1,19,98,
VEV_6000,1,20,98,
VEV_6000,2,1,95,
VEV_6000,2,2,95,
VEV_6000,2,3,95,
VEV_6000,2,4,95,
VEV_6000,2,5,95,
VEV_6000,2,6,95,
VEV_6000,2,7,95,
VEV_6000,2,8,95,
VEV_6000,2,9,95,
VEV_6000,2,10,95,
VEV_6000,2,11,95,
VEV_6000,2,12,95,
VEV_6000,2,13,95,
VEV_6000,2,14,95,
VEV_6000,2,15,95,
VEV_6000,2,16,95,
VEV_6000,2,17,95,
VEV_6000,2,18,95,
VEV_6000,2,19,95,
VEV_6000,2,20,95,
VEV_6500,0,1,91,
VEV_6500,0,2,91,
VEV_6500,0,3,91,
VEV_6500,0,4,91,
VEV_6500,0,5,91,
VEV_6500,0,6,91,
VEV_6500,0,7,91,
VEV_6500,0,8,91,
VEV_6500,0,9,91,
VEV_6500,0,10,91,
VEV_6500,0,11,91,
VEV_6500,0,12,91,
VEV_6500,0,13,91,
VEV_6500,0,14,91,
VEV_6500,0,15,91,
VEV_6500,0,16,91,
VEV_6500,0,17,91,
VEV_6500,0,18,91,
VEV_6500,0,19,91,
VEV_6500,0,20,91,
VEV_6500,1,1,98,
VEV_6500,1,2,98,
VEV_6500,1,3,98,
VEV_6500,1,4,98,
VEV_6500,1,5,98,
VEV_6500,1,6,98,
VEV_6500,1,7,98,
VEV_6500,1,8,98,
VEV_6500,1,9,98,
VEV_6500,1,10,98,
VEV_6500,1,11,98,
VEV_6500,1,12,98,
VEV_6500,1,13,98,
VEV_6500,1,14,98,
VEV_6500,1,15,98,
VEV_6500,1,16,98,
VEV_6500,1,17,98,
VEV_6500,1,18,98,
VEV_6500,1,19,98,
VEV_6500,1,20,98,
VEV_6500,2,1,95,
VEV_6500,2,2,95,
VEV_6500,2,3,95,
VEV_6500,2,4,95,
VEV_6500,2,5,95,
VEV_6500,2,6,95,
VEV_6500,2,7,95,
VEV_6500,2,8,95,
VEV_6500,2,9,95,
VEV_6500,2,10,95,
VEV_6500,2,11,95,
VEV_6500,2,12,95,
VEV_6500,2,13,95,
VEV_6500,2,14,95,
VEV_6500,2,15,95,
VEV_6500,2,16,95,
VEV_6500,2,17,95,
VEV_6500,2,18,95,
VEV_6500,2,19,95,
VEV_6500,2,20,95,
