voucher,strike,day,mean_log_moneyness,dominant_class,itm_fraction,atm_fraction,otm_fraction
VEV_4000,4000,0,0.27126538467464645,ITM,1.0,0.0,0.0
VEV_4000,4000,1,0.27162348458370345,ITM,1.0,0.0,0.0
VEV_4000,4000,2,0.2729550384975499,ITM,1.0,0.0,0.0
VEV_4500,4500,0,0.153482349018263,ITM,1.0,0.0,0.0
VEV_4500,4500,1,0.15384044892732,ITM,1.0,0.0,0.0
VEV_4500,4500,2,0.15517200284116645,ITM,1.0,0.0,0.0
VEV_5000,5000,0,0.04812183336043671,ITM,1.0,0.0,0.0
VEV_5000,5000,1,0.048479933269493694,ITM,1.0,0.0,0.0
VEV_5000,5000,2,0.049811487183340136,ITM,1.0,0.0,0.0
VEV_5100,5100,0,0.02831920606425699,near-ATM,0.255,0.745,0.0
VEV_5100,5100,1,0.02867730597331398,near-ATM,0.3275,0.6725,0.0
VEV_5100,5100,2,0.030008859887160427,ITM,0.5439,0.4561,0.0
VEV_5200,5200,0,0.00890112020715541,near-ATM,0.0,1.0,0.0
VEV_5200,5200,1,0.009259220116212394,near-ATM,0.0,1.0,0.0
VEV_5200,5200,2,0.010590774030058845,near-ATM,0.0,1.0,0.0
VEV_5300,5300,0,-0.010147074763539066,near-ATM,0.0,1.0,0.0
VEV_5300,5300,1,-0.009788974854482081,near-ATM,0.0,1.0,0.0
VEV_5300,5300,2,-0.008457420940635632,near-ATM,0.0,1.0,0.0
VEV_5400,5400,0,-0.028839207775691614,near-ATM,0.0,0.65,0.35
VEV_5400,5400,1,-0.02848110786663463,near-ATM,0.0,0.7232,0.2768
VEV_5400,5400,2,-0.02714955395278819,near-ATM,0.0,0.7922,0.2078
VEV_5500,5500,0,-0.04718834644388815,OTM,0.0,0.0,1.0
VEV_5500,5500,1,-0.046830246534831164,OTM,0.0,0.0,1.0
VEV_5500,5500,2,-0.045498692620984715,OTM,0.0,0.0,1.0
VEV_6000,6000,0,-0.1341997234335179,OTM,0.0,0.0,1.0
VEV_6000,6000,1,-0.1338416235244609,OTM,0.0,0.0,1.0
VEV_6000,6000,2,-0.13251006961061448,OTM,0.0,0.0,1.0
VEV_6500,6500,0,-0.2142424311070543,OTM,0.0,0.0,1.0
VEV_6500,6500,1,-0.21388433119799738,OTM,0.0,0.0,1.0
VEV_6500,6500,2,-0.2125527772841509,OTM,0.0,0.0,1.0
