voucher,trade_count,fills_at_ask,fills_at_bid,spread_at_trade_mean,pct_at_ask,pct_at_bid
VEV_4000,464,226,238,20.85991379310345,0.4870689655172414,0.5129310344827587
VEV_4500,1,1,0,7.0,1.0,0.0
VEV_5000,1,1,0,2.0,1.0,0.0
VEV_5100,1,1,0,2.0,1.0,0.0
VEV_5200,18,1,17,1.9444444444444444,0.05555555555555555,0.9444444444444444
VEV_5300,121,1,119,1.9586776859504131,0.008264462809917356,0.9834710743801653
VEV_5400,225,0,225,1.2577777777777779,0.0,1.0
VEV_5500,267,0,267,1.0936329588014981,0.0,1.0
VEV_6000,284,0,284,1.0,0.0,1.0
VEV_6500,284,0,284,1.0,0.0,1.0
