voucher,trade_count,mean_trade_minus_fv,std_trade_minus_fv,mean_trade_price,mean_bs_fv
VEV_4000,46,1.4456521739134192,10.20415398032126,1247.2391304347825,1245.7934782608693
VEV_5000,1,1.0,,238.0,237.0
VEV_5100,1,0.9999999999986358,,152.0,151.00000000000136
VEV_5200,18,-0.9166666666607549,0.3535533905895286,85.27777777777777,86.19444444443853
VEV_5300,121,-0.9628099173473781,0.18445063992104227,44.15702479338843,45.1198347107358
VEV_5400,225,-0.6288888888872629,0.21919314524086264,14.884444444444444,15.513333333331708
VEV_5500,267,-0.546816479401608,0.145932237950666,5.951310861423221,6.498127340824829
VEV_6000,284,-0.499999999999903,1.7254797456934765e-12,0.0,0.499999999999903
VEV_6500,284,-0.4999999999998725,6.023476229927066e-13,0.0,0.4999999999998725
