voucher,best_lag,peak_correlation,residual_std,residual_autocorr_lag1
VEV_4000,0.0,0.5946598246234401,0.001357674950772636,-0.03496444705494686
VEV_4500,0.0,0.5976306211798793,0.0015587551988749534,-0.07221562991104086
VEV_5000,0.0,0.7524290909930168,0.0037051466170498907,-0.10449080022283823
VEV_5100,0.0,0.7626818307630502,0.005020166005533168,-0.10253294114519106
VEV_5200,0.0,0.7192605259670676,0.007128413801616386,-0.13816749632058725
VEV_5300,0.0,0.6123328674528141,0.010807084302010545,-0.22168499886100365
VEV_5400,0.0,0.5251652099854254,0.017704683185795496,-0.25078771937164623
VEV_5500,0.0,0.33384186735451593,0.02854979259450577,-0.2424758555340208
VEV_6000,,,1.2433764839161576e-06,-0.15809128660036012
VEV_6500,,,8.556293269946263e-07,-0.1582994469224369
