timestamp,product,price,quantity,side,pnl,position
2800,ASH_COATED_OSMIUM,9986,5,buy,42.5,5
2800,ASH_COATED_OSMIUM,9985,5,buy,90.0,10
3000,INTARIAN_PEPPER_ROOT,10999,8,buy,-8.0,8
4200,INTARIAN_PEPPER_ROOT,10996,2,buy,41.0,10
4200,INTARIAN_PEPPER_ROOT,10995,2,buy,56.0,12
4800,INTARIAN_PEPPER_ROOT,11001,7,buy,19.0,19
5200,ASH_COATED_OSMIUM,9987,4,buy,127.0,14
5200,ASH_COATED_OSMIUM,10003,3,sell,151.0,11
5200,ASH_COATED_OSMIUM,9986,4,buy,187.0,15
5200,ASH_COATED_OSMIUM,10004,3,sell,214.0,12
6100,ASH_COATED_OSMIUM,9992,8,buy,118.0,20
6200,ASH_COATED_OSMIUM,9996,4,buy,138.0,24
6300,INTARIAN_PEPPER_ROOT,11001,2,buy,143.0,21
6300,INTARIAN_PEPPER_ROOT,11000,2,buy,155.0,23
7500,ASH_COATED_OSMIUM,10003,3,sell,237.0,21
8500,INTARIAN_PEPPER_ROOT,11005,4,buy,91.5,27
9000,ASH_COATED_OSMIUM,10003,5,sell,314.0,16
9000,ASH_COATED_OSMIUM,10004,5,sell,354.0,11
9500,ASH_COATED_OSMIUM,9998,4,buy,301.0,15
10500,INTARIAN_PEPPER_ROOT,11007,6,buy,136.5,33
13000,ASH_COATED_OSMIUM,10004,1,sell,368.0,14
13000,ASH_COATED_OSMIUM,10005,1,sell,376.0,13
13200,ASH_COATED_OSMIUM,9995,4,buy,282.0,17
14600,ASH_COATED_OSMIUM,10006,2,sell,432.0,15
14600,ASH_COATED_OSMIUM,10007,2,sell,448.0,13
14900,ASH_COATED_OSMIUM,10006,2,sell,451.0,11
14900,ASH_COATED_OSMIUM,10007,2,sell,469.0,9
15400,INTARIAN_PEPPER_ROOT,11012,5,buy,294.0,38
16600,ASH_COATED_OSMIUM,9993,1,buy,494.0,10
16600,ASH_COATED_OSMIUM,9992,1,buy,502.0,11
17200,ASH_COATED_OSMIUM,9995,2,buy,538.0,13
17200,ASH_COATED_OSMIUM,9994,2,buy,554.0,15
17900,INTARIAN_PEPPER_ROOT,11013,3,buy,594.0,41
18700,ASH_COATED_OSMIUM,9998,4,buy,437.0,19
19300,ASH_COATED_OSMIUM,10002,9,sell,600.0,10
19300,ASH_COATED_OSMIUM,10007,1,sell,602.0,9
19300,ASH_COATED_OSMIUM,10008,1,sell,605.0,8
19700,INTARIAN_PEPPER_ROOT,11012,3,buy,634.0,44
19700,INTARIAN_PEPPER_ROOT,11011,3,buy,656.5,47
20900,ASH_COATED_OSMIUM,9993,1,buy,572.0,9
20900,ASH_COATED_OSMIUM,9992,1,buy,580.0,10
21500,ASH_COATED_OSMIUM,10007,3,sell,601.0,7
21500,ASH_COATED_OSMIUM,10008,3,sell,625.0,4
22100,ASH_COATED_OSMIUM,10001,10,sell,611.0,-6
23100,ASH_COATED_OSMIUM,10009,2,sell,649.0,-8
23100,ASH_COATED_OSMIUM,10010,2,sell,668.0,-10
24100,INTARIAN_PEPPER_ROOT,11029,2,sell,857.5,45
24100,INTARIAN_PEPPER_ROOT,11030,2,sell,872.5,43
25300,ASH_COATED_OSMIUM,10007,3,sell,707.0,-13
25300,ASH_COATED_OSMIUM,10008,3,sell,734.0,-16
25800,INTARIAN_PEPPER_ROOT,11029,3,sell,1212.0,40
25900,ASH_COATED_OSMIUM,10008,3,sell,723.0,-19
25900,ASH_COATED_OSMIUM,10009,3,sell,747.0,-22
26300,ASH_COATED_OSMIUM,10007,4,sell,797.0,-26
26600,INTARIAN_PEPPER_ROOT,11029,8,sell,1216.0,32
27800,ASH_COATED_OSMIUM,10003,8,sell,617.0,-34
28200,INTARIAN_PEPPER_ROOT,11033,3,sell,1091.5,29
28200,INTARIAN_PEPPER_ROOT,11034,3,sell,1114.0,26
29100,INTARIAN_PEPPER_ROOT,11034,3,sell,1159.5,23
29100,INTARIAN_PEPPER_ROOT,11035,3,sell,1182.0,20
29700,ASH_COATED_OSMIUM,10000,4,buy,911.0,-30
30200,INTARIAN_PEPPER_ROOT,11033,3,sell,1317.5,17
34900,INTARIAN_PEPPER_ROOT,11043,3,sell,1371.0,14
34900,INTARIAN_PEPPER_ROOT,11044,3,sell,1393.5,11
35000,INTARIAN_PEPPER_ROOT,11038,8,sell,1414.5,3
35900,ASH_COATED_OSMIUM,9993,1,buy,784.5,-29
35900,ASH_COATED_OSMIUM,9992,1,buy,794.0,-28
37100,INTARIAN_PEPPER_ROOT,11040,6,sell,1407.0,-3
38100,INTARIAN_PEPPER_ROOT,11034,7,buy,1430.0,4
38500,INTARIAN_PEPPER_ROOT,11033,2,buy,1463.0,6
38500,INTARIAN_PEPPER_ROOT,11032,2,buy,1476.0,8
38700,INTARIAN_PEPPER_ROOT,11035,5,buy,1415.5,13
40000,INTARIAN_PEPPER_ROOT,11036,5,buy,1443.0,18
40300,INTARIAN_PEPPER_ROOT,11035,2,buy,1543.0,20
40300,INTARIAN_PEPPER_ROOT,11034,2,buy,1555.0,22
40400,INTARIAN_PEPPER_ROOT,11045,1,sell,1560.0,21
40400,INTARIAN_PEPPER_ROOT,11046,1,sell,1566.0,20
41100,ASH_COATED_OSMIUM,9999,7,buy,927.0,-21
41900,INTARIAN_PEPPER_ROOT,11047,2,sell,1589.0,18
41900,INTARIAN_PEPPER_ROOT,11048,2,sell,1604.0,16
42700,INTARIAN_PEPPER_ROOT,11048,3,sell,1678.5,13
42700,INTARIAN_PEPPER_ROOT,11049,3,sell,1692.0,10
43700,INTARIAN_PEPPER_ROOT,11047,4,sell,1726.0,6
44700,ASH_COATED_OSMIUM,10007,2,sell,857.0,-23
44800,INTARIAN_PEPPER_ROOT,11040,2,buy,1715.0,8
44800,INTARIAN_PEPPER_ROOT,11039,2,buy,1727.0,10
46700,ASH_COATED_OSMIUM,9993,3,buy,878.0,-20
46700,ASH_COATED_OSMIUM,9992,3,buy,902.0,-17
47100,ASH_COATED_OSMIUM,10001,7,sell,801.0,-24
47600,ASH_COATED_OSMIUM,9994,2,buy,899.0,-22
47600,ASH_COATED_OSMIUM,9993,2,buy,915.0,-20
48700,INTARIAN_PEPPER_ROOT,11045,7,buy,1684.5,17
50300,ASH_COATED_OSMIUM,10007,2,sell,949.0,-22
51200,ASH_COATED_OSMIUM,10005,3,sell,1039.0,-25
51700,ASH_COATED_OSMIUM,10008,1,sell,1011.0,-26
52700,INTARIAN_PEPPER_ROOT,11049,6,buy,1772.0,23
52800,ASH_COATED_OSMIUM,9991,2,buy,1038.0,-24
52800,ASH_COATED_OSMIUM,9990,2,buy,1054.0,-22
52900,INTARIAN_PEPPER_ROOT,11048,2,buy,1897.0,25
52900,INTARIAN_PEPPER_ROOT,11047,2,buy,1909.0,27
53100,INTARIAN_PEPPER_ROOT,11049,4,buy,1770.0,31
53400,ASH_COATED_OSMIUM,9999,2,buy,1132.0,-20
54200,ASH_COATED_OSMIUM,10003,3,sell,1113.0,-23
55400,ASH_COATED_OSMIUM,9998,3,buy,1167.0,-20
55900,ASH_COATED_OSMIUM,9998,5,buy,1134.5,-15
56500,ASH_COATED_OSMIUM,10004,3,sell,1103.0,-18
56500,ASH_COATED_OSMIUM,10005,3,sell,1127.0,-21
57700,ASH_COATED_OSMIUM,9996,8,buy,1180.5,-13
58000,ASH_COATED_OSMIUM,10005,1,sell,1143.0,-14
58000,ASH_COATED_OSMIUM,10006,1,sell,1152.0,-15
59400,INTARIAN_PEPPER_ROOT,11056,5,buy,1964.0,36
59900,INTARIAN_PEPPER_ROOT,11056,8,buy,1974.0,44
62000,ASH_COATED_OSMIUM,9990,1,buy,1138.0,-14
62000,ASH_COATED_OSMIUM,9989,1,buy,1147.5,-13
62400,ASH_COATED_OSMIUM,9992,1,buy,1148.0,-12
62400,ASH_COATED_OSMIUM,9991,1,buy,1156.0,-11
63900,INTARIAN_PEPPER_ROOT,11067,7,sell,2613.0,37
64200,ASH_COATED_OSMIUM,9994,8,buy,1218.5,-3
64500,INTARIAN_PEPPER_ROOT,11061,7,buy,2214.0,44
68100,INTARIAN_PEPPER_ROOT,11064,5,buy,2363.0,49
69900,ASH_COATED_OSMIUM,9992,4,buy,1224.0,1
69900,ASH_COATED_OSMIUM,9991,4,buy,1256.0,5
70500,INTARIAN_PEPPER_ROOT,11067,3,buy,2481.0,52
71300,ASH_COATED_OSMIUM,10006,3,sell,1275.0,2
71300,ASH_COATED_OSMIUM,10007,3,sell,1302.0,-1
72600,ASH_COATED_OSMIUM,9997,7,buy,1279.0,6
73700,ASH_COATED_OSMIUM,10002,10,sell,1321.0,-4
73900,INTARIAN_PEPPER_ROOT,11069,3,buy,2938.0,55
74000,ASH_COATED_OSMIUM,9994,1,buy,1344.0,-3
74000,ASH_COATED_OSMIUM,9993,1,buy,1352.0,-2
74200,ASH_COATED_OSMIUM,9992,1,buy,1361.5,-1
74200,ASH_COATED_OSMIUM,9991,1,buy,1371.0,0
75700,ASH_COATED_OSMIUM,10009,2,sell,1385.0,-2
75700,ASH_COATED_OSMIUM,10010,2,sell,1401.0,-4
76600,ASH_COATED_OSMIUM,10009,2,sell,1415.0,-6
76600,ASH_COATED_OSMIUM,10010,2,sell,1431.0,-8
76800,INTARIAN_PEPPER_ROOT,11082,3,sell,3196.0,52
76800,INTARIAN_PEPPER_ROOT,11083,3,sell,3209.5,49
76900,ASH_COATED_OSMIUM,10009,2,sell,1445.0,-10
76900,ASH_COATED_OSMIUM,10010,2,sell,1461.0,-12
77200,INTARIAN_PEPPER_ROOT,11073,3,buy,2888.0,52
77300,ASH_COATED_OSMIUM,9994,2,buy,1472.0,-10
77300,ASH_COATED_OSMIUM,9993,2,buy,1491.0,-8
78000,ASH_COATED_OSMIUM,10010,1,sell,1503.0,-9
78000,ASH_COATED_OSMIUM,10011,1,sell,1512.0,-10
80300,ASH_COATED_OSMIUM,9999,5,buy,1562.0,-5
80400,INTARIAN_PEPPER_ROOT,11077,5,buy,3005.5,57
81000,INTARIAN_PEPPER_ROOT,11073,2,buy,3303.5,59
81700,INTARIAN_PEPPER_ROOT,11087,3,sell,3466.0,56
81700,INTARIAN_PEPPER_ROOT,11088,3,sell,3484.0,53
81900,INTARIAN_PEPPER_ROOT,11087,2,sell,3417.5,51
81900,INTARIAN_PEPPER_ROOT,11088,2,sell,3432.5,49
83100,INTARIAN_PEPPER_ROOT,11088,3,sell,3570.0,46
83100,INTARIAN_PEPPER_ROOT,11089,3,sell,3588.0,43
83200,ASH_COATED_OSMIUM,10002,4,sell,1486.5,-9
88400,ASH_COATED_OSMIUM,10009,2,sell,1541.0,-11
88400,ASH_COATED_OSMIUM,10010,2,sell,1557.0,-13
88700,INTARIAN_PEPPER_ROOT,11084,1,buy,3851.0,44
88800,INTARIAN_PEPPER_ROOT,11084,1,buy,3856.0,45
89700,ASH_COATED_OSMIUM,10012,4,sell,1563.0,-17
89700,ASH_COATED_OSMIUM,10013,4,sell,1599.0,-21
90500,ASH_COATED_OSMIUM,10001,4,sell,1524.5,-25
90500,INTARIAN_PEPPER_ROOT,11093,7,sell,4112.0,38
91400,ASH_COATED_OSMIUM,10006,4,sell,1450.0,-29
91700,INTARIAN_PEPPER_ROOT,11088,7,buy,3801.0,45
91900,ASH_COATED_OSMIUM,10001,3,sell,1522.0,-32
92600,ASH_COATED_OSMIUM,10006,4,sell,1396.0,-36
93100,INTARIAN_PEPPER_ROOT,11096,6,sell,4264.5,39
94600,INTARIAN_PEPPER_ROOT,11091,7,buy,3965.0,46
95400,ASH_COATED_OSMIUM,10001,9,sell,1544.5,-45
95500,INTARIAN_PEPPER_ROOT,11092,4,buy,3932.0,50
97400,ASH_COATED_OSMIUM,9997,8,buy,1974.5,-37
97600,INTARIAN_PEPPER_ROOT,11100,6,sell,4545.0,44
98000,INTARIAN_PEPPER_ROOT,11101,6,sell,4558.0,38
98200,INTARIAN_PEPPER_ROOT,11101,8,sell,4546.0,30
98200,ASH_COATED_OSMIUM,10006,4,sell,1836.0,-41
98400,INTARIAN_PEPPER_ROOT,11103,1,sell,4416.0,29
98400,INTARIAN_PEPPER_ROOT,11104,1,sell,4422.0,28
98700,ASH_COATED_OSMIUM,10001,10,sell,1575.5,-51
99400,INTARIAN_PEPPER_ROOT,11096,8,buy,4312.0,36
99700,INTARIAN_PEPPER_ROOT,11096,5,buy,4325.0,41
100500,ASH_COATED_OSMIUM,9991,2,buy,1921.0,-49
100500,ASH_COATED_OSMIUM,9990,2,buy,1937.0,-47
101000,INTARIAN_PEPPER_ROOT,11097,4,buy,4362.0,45
101100,ASH_COATED_OSMIUM,9991,1,buy,1944.0,-46
101100,ASH_COATED_OSMIUM,9990,1,buy,1952.0,-45
101600,INTARIAN_PEPPER_ROOT,11104,6,sell,4800.0,39
101800,ASH_COATED_OSMIUM,9996,5,buy,2162.0,-40
101900,ASH_COATED_OSMIUM,10005,3,sell,1983.0,-43
102000,ASH_COATED_OSMIUM,9989,1,buy,1971.0,-42
102000,ASH_COATED_OSMIUM,9988,1,buy,1981.5,-41
102300,INTARIAN_PEPPER_ROOT,11098,8,buy,4441.0,47
103000,ASH_COATED_OSMIUM,9993,2,buy,1934.0,-39
103000,ASH_COATED_OSMIUM,9992,2,buy,1950.0,-37
103400,INTARIAN_PEPPER_ROOT,11100,4,buy,4505.5,51
104800,ASH_COATED_OSMIUM,9993,3,buy,1971.0,-34
104800,ASH_COATED_OSMIUM,9992,3,buy,1995.0,-31
105000,ASH_COATED_OSMIUM,9998,10,buy,2120.0,-21
105900,INTARIAN_PEPPER_ROOT,11102,5,buy,4628.0,56
108800,INTARIAN_PEPPER_ROOT,11114,2,sell,5086.0,54
108800,INTARIAN_PEPPER_ROOT,11115,2,sell,5098.0,52
112400,INTARIAN_PEPPER_ROOT,11109,3,buy,5015.5,55
113400,ASH_COATED_OSMIUM,9998,4,buy,2108.0,-17
113600,ASH_COATED_OSMIUM,10002,9,sell,1872.0,-26
114400,ASH_COATED_OSMIUM,10001,9,sell,1892.5,-35
117300,ASH_COATED_OSMIUM,9996,5,buy,2310.0,-30
117400,ASH_COATED_OSMIUM,10006,4,sell,2128.0,-34
118100,ASH_COATED_OSMIUM,9992,1,buy,2135.0,-33
118100,ASH_COATED_OSMIUM,9991,1,buy,2143.0,-32
118500,ASH_COATED_OSMIUM,9997,9,buy,2276.0,-23
120600,INTARIAN_PEPPER_ROOT,11115,2,buy,5827.0,57
121900,INTARIAN_PEPPER_ROOT,11127,2,sell,5837.0,55
121900,INTARIAN_PEPPER_ROOT,11128,2,sell,5849.0,53
122600,INTARIAN_PEPPER_ROOT,11118,3,buy,5917.0,56
123400,INTARIAN_PEPPER_ROOT,11131,2,sell,6014.0,54
123400,INTARIAN_PEPPER_ROOT,11132,2,sell,6029.0,52
123500,ASH_COATED_OSMIUM,10007,3,sell,2198.0,-26
124900,INTARIAN_PEPPER_ROOT,11120,3,buy,6070.0,55
125400,INTARIAN_PEPPER_ROOT,11130,3,sell,6085.0,52
125400,INTARIAN_PEPPER_ROOT,11131,3,sell,6103.0,49
125500,ASH_COATED_OSMIUM,9989,5,buy,2298.0,-21
125500,ASH_COATED_OSMIUM,9988,5,buy,2338.0,-16
126500,INTARIAN_PEPPER_ROOT,11129,8,sell,6381.0,41
126600,ASH_COATED_OSMIUM,9989,3,buy,2359.0,-13
126600,ASH_COATED_OSMIUM,9988,3,buy,2383.0,-10
126900,INTARIAN_PEPPER_ROOT,11123,6,buy,5935.5,47
128000,INTARIAN_PEPPER_ROOT,11123,3,buy,6303.0,50
128500,INTARIAN_PEPPER_ROOT,11131,8,sell,6537.0,42
128700,INTARIAN_PEPPER_ROOT,11125,3,buy,6156.0,45
128900,ASH_COATED_OSMIUM,9988,1,buy,2400.0,-9
128900,ASH_COATED_OSMIUM,9987,1,buy,2408.0,-8
130100,ASH_COATED_OSMIUM,9987,1,buy,2423.0,-7
130100,ASH_COATED_OSMIUM,9986,1,buy,2431.0,-6
130300,INTARIAN_PEPPER_ROOT,11126,5,buy,6196.0,50
130400,INTARIAN_PEPPER_ROOT,11127,5,buy,6213.5,55
130400,ASH_COATED_OSMIUM,10002,3,sell,2455.0,-9
130500,ASH_COATED_OSMIUM,9992,9,buy,2473.0,0
130600,ASH_COATED_OSMIUM,9996,3,buy,2455.0,3
131300,ASH_COATED_OSMIUM,10002,5,sell,2505.0,-2
131300,ASH_COATED_OSMIUM,10003,5,sell,2545.0,-7
131500,INTARIAN_PEPPER_ROOT,11126,1,buy,6549.0,56
132100,ASH_COATED_OSMIUM,9989,1,buy,2545.0,-6
132100,ASH_COATED_OSMIUM,9988,1,buy,2553.0,-5
132200,INTARIAN_PEPPER_ROOT,11127,3,buy,6592.0,59
133100,INTARIAN_PEPPER_ROOT,11138,3,sell,6666.0,56
133100,INTARIAN_PEPPER_ROOT,11139,3,sell,6684.0,53
134300,ASH_COATED_OSMIUM,9994,4,buy,2565.5,-1
135100,ASH_COATED_OSMIUM,9999,2,buy,2553.0,1
136100,INTARIAN_PEPPER_ROOT,11132,5,buy,6573.0,58
136300,ASH_COATED_OSMIUM,9995,5,buy,2539.0,6
136400,ASH_COATED_OSMIUM,9999,4,buy,2528.0,10
137700,ASH_COATED_OSMIUM,9990,1,buy,2565.0,11
137700,ASH_COATED_OSMIUM,9989,1,buy,2573.0,12
139300,INTARIAN_PEPPER_ROOT,11135,5,buy,6742.0,63
139300,INTARIAN_PEPPER_ROOT,11134,2,buy,6742.0,65
139400,INTARIAN_PEPPER_ROOT,11133,1,buy,7172.0,66
139600,INTARIAN_PEPPER_ROOT,11145,3,sell,7154.0,63
139600,INTARIAN_PEPPER_ROOT,11146,3,sell,7172.0,60
139800,INTARIAN_PEPPER_ROOT,11135,3,buy,7187.0,63
140700,INTARIAN_PEPPER_ROOT,11144,4,sell,7527.5,59
141100,ASH_COATED_OSMIUM,9992,1,buy,2604.0,13
141100,ASH_COATED_OSMIUM,9991,1,buy,2612.0,14
141200,INTARIAN_PEPPER_ROOT,11146,3,sell,7277.0,56
141200,INTARIAN_PEPPER_ROOT,11147,3,sell,7295.0,53
143800,INTARIAN_PEPPER_ROOT,11140,5,buy,7184.0,58
144200,INTARIAN_PEPPER_ROOT,11140,4,buy,7180.0,62
145800,ASH_COATED_OSMIUM,10008,5,sell,2675.0,9
145800,ASH_COATED_OSMIUM,10009,5,sell,2715.0,4
145900,ASH_COATED_OSMIUM,10011,4,sell,2755.0,0
145900,ASH_COATED_OSMIUM,10012,4,sell,2793.0,-4
146600,ASH_COATED_OSMIUM,9995,1,buy,2802.0,-3
146600,ASH_COATED_OSMIUM,9994,1,buy,2810.0,-2
146700,ASH_COATED_OSMIUM,10008,3,sell,2838.0,-5
146700,ASH_COATED_OSMIUM,10009,3,sell,2865.0,-8
147000,INTARIAN_PEPPER_ROOT,11152,3,sell,7691.0,59
147000,INTARIAN_PEPPER_ROOT,11153,3,sell,7709.0,56
147300,ASH_COATED_OSMIUM,9994,3,buy,2878.0,-5
147300,ASH_COATED_OSMIUM,9993,3,buy,2902.0,-2
148400,ASH_COATED_OSMIUM,9995,3,buy,2921.0,1
148400,ASH_COATED_OSMIUM,9994,3,buy,2945.0,4
148700,INTARIAN_PEPPER_ROOT,11145,5,buy,7536.0,61
149000,ASH_COATED_OSMIUM,10008,1,sell,2948.0,3
149000,ASH_COATED_OSMIUM,10009,1,sell,2956.0,2
149600,ASH_COATED_OSMIUM,10003,10,sell,2924.0,-8
150500,ASH_COATED_OSMIUM,10002,5,sell,2929.0,-13
150800,ASH_COATED_OSMIUM,9998,10,buy,3029.0,-3
152000,ASH_COATED_OSMIUM,9993,1,buy,3019.0,-2
152000,ASH_COATED_OSMIUM,9992,1,buy,3028.0,-1
153700,ASH_COATED_OSMIUM,9995,2,buy,3042.5,1
153700,ASH_COATED_OSMIUM,9994,2,buy,3061.5,3
154000,ASH_COATED_OSMIUM,9999,7,buy,3018.0,10
157200,INTARIAN_PEPPER_ROOT,11162,2,sell,8339.0,59
157200,INTARIAN_PEPPER_ROOT,11163,2,sell,8351.0,57
158600,INTARIAN_PEPPER_ROOT,11161,6,sell,8681.0,51
160700,ASH_COATED_OSMIUM,10007,3,sell,3079.0,7
160700,ASH_COATED_OSMIUM,10008,3,sell,3103.0,4
161000,ASH_COATED_OSMIUM,9999,4,buy,3075.0,8
161100,ASH_COATED_OSMIUM,10002,8,sell,3123.0,0
161400,ASH_COATED_OSMIUM,10008,4,sell,3151.0,-4
161400,ASH_COATED_OSMIUM,10009,4,sell,3183.0,-8
161800,INTARIAN_PEPPER_ROOT,11165,6,sell,8850.5,45
161900,ASH_COATED_OSMIUM,9994,3,buy,3204.0,-5
161900,ASH_COATED_OSMIUM,9993,3,buy,3228.0,-2
163300,INTARIAN_PEPPER_ROOT,11166,8,sell,8883.5,37
165200,ASH_COATED_OSMIUM,9996,8,buy,3214.0,6
166700,INTARIAN_PEPPER_ROOT,11170,8,sell,9019.5,29
167200,ASH_COATED_OSMIUM,10001,7,sell,3263.5,-1
169400,ASH_COATED_OSMIUM,9990,1,buy,3279.0,0
169400,ASH_COATED_OSMIUM,9989,1,buy,3287.0,1
170300,INTARIAN_PEPPER_ROOT,11175,3,sell,8991.0,26
170300,INTARIAN_PEPPER_ROOT,11176,3,sell,9009.0,23
171700,ASH_COATED_OSMIUM,9997,10,buy,3243.0,11
172400,INTARIAN_PEPPER_ROOT,11169,8,buy,8939.5,31
174000,INTARIAN_PEPPER_ROOT,11166,3,buy,9114.0,34
174000,INTARIAN_PEPPER_ROOT,11165,3,buy,9136.5,37
175400,ASH_COATED_OSMIUM,9998,4,buy,3238.0,15
175500,INTARIAN_PEPPER_ROOT,11178,5,sell,9436.0,32
175500,ASH_COATED_OSMIUM,9994,3,buy,3364.0,18
175500,ASH_COATED_OSMIUM,9993,3,buy,3388.0,21
176900,ASH_COATED_OSMIUM,9993,1,buy,3374.0,22
178800,INTARIAN_PEPPER_ROOT,11184,2,sell,9382.0,30
178800,INTARIAN_PEPPER_ROOT,11185,2,sell,9394.0,28
179300,ASH_COATED_OSMIUM,10002,6,sell,3490.0,16
179500,ASH_COATED_OSMIUM,10002,7,sell,3449.5,9
180700,ASH_COATED_OSMIUM,10002,8,sell,3421.5,1
181600,ASH_COATED_OSMIUM,10004,7,sell,3402.0,-6
182200,ASH_COATED_OSMIUM,10004,7,sell,3381.0,-13
182500,ASH_COATED_OSMIUM,9995,5,buy,3469.0,-8
182500,ASH_COATED_OSMIUM,9994,5,buy,3516.5,-3
183200,INTARIAN_PEPPER_ROOT,11186,3,sell,9627.5,25
184500,ASH_COATED_OSMIUM,10010,3,sell,3539.0,-6
184500,ASH_COATED_OSMIUM,10011,3,sell,3563.0,-9
184800,INTARIAN_PEPPER_ROOT,11188,7,sell,9667.0,18
184800,ASH_COATED_OSMIUM,10001,2,sell,3526.0,-11
186800,INTARIAN_PEPPER_ROOT,11195,3,sell,9668.5,15
186800,INTARIAN_PEPPER_ROOT,11196,3,sell,9691.0,12
187000,INTARIAN_PEPPER_ROOT,11195,1,sell,9697.5,11
187000,INTARIAN_PEPPER_ROOT,11196,1,sell,9705.0,10
187400,ASH_COATED_OSMIUM,10001,5,sell,3493.0,-16
188300,INTARIAN_PEPPER_ROOT,11184,4,buy,9646.0,14
189300,ASH_COATED_OSMIUM,10004,5,sell,3470.0,-21
191300,ASH_COATED_OSMIUM,10001,5,sell,3453.0,-26
191300,INTARIAN_PEPPER_ROOT,11186,3,buy,9773.0,17
191300,INTARIAN_PEPPER_ROOT,11185,3,buy,9791.0,20
191400,ASH_COATED_OSMIUM,9997,3,buy,3539.0,-23
191400,ASH_COATED_OSMIUM,9996,3,buy,3563.0,-20
191600,ASH_COATED_OSMIUM,9997,3,buy,3558.5,-17
191600,ASH_COATED_OSMIUM,9996,3,buy,3587.0,-14
193700,ASH_COATED_OSMIUM,9995,1,buy,3630.0,-13
193700,ASH_COATED_OSMIUM,9994,1,buy,3639.0,-12
195800,ASH_COATED_OSMIUM,10001,3,sell,3565.5,-15
196500,ASH_COATED_OSMIUM,10005,10,sell,3515.5,-25
197200,ASH_COATED_OSMIUM,10005,10,sell,3480.5,-35
199000,INTARIAN_PEPPER_ROOT,11202,3,sell,10036.5,17
199000,ASH_COATED_OSMIUM,10004,10,sell,3480.5,-45
201800,INTARIAN_PEPPER_ROOT,11198,6,buy,9920.0,23
203200,ASH_COATED_OSMIUM,9992,3,buy,3884.0,-42
203200,ASH_COATED_OSMIUM,9991,3,buy,3908.0,-39
204000,INTARIAN_PEPPER_ROOT,11200,5,buy,9961.0,28
204400,ASH_COATED_OSMIUM,10000,5,buy,4022.0,-34
204500,ASH_COATED_OSMIUM,9996,10,buy,4065.0,-24
204900,ASH_COATED_OSMIUM,10001,4,sell,3759.0,-28
206100,ASH_COATED_OSMIUM,10008,2,sell,3899.0,-30
207700,ASH_COATED_OSMIUM,9991,2,buy,3933.0,-28
207700,ASH_COATED_OSMIUM,9990,2,buy,3954.0,-26
208300,INTARIAN_PEPPER_ROOT,11213,3,sell,10228.0,25
208300,INTARIAN_PEPPER_ROOT,11214,3,sell,10246.0,22
208500,ASH_COATED_OSMIUM,10008,2,sell,3955.0,-28
210200,INTARIAN_PEPPER_ROOT,11213,3,sell,10384.5,19
210300,INTARIAN_PEPPER_ROOT,11213,4,sell,10378.5,15
210900,INTARIAN_PEPPER_ROOT,11214,3,sell,10389.0,12
211700,INTARIAN_PEPPER_ROOT,11207,2,buy,10357.0,14
211700,INTARIAN_PEPPER_ROOT,11206,2,buy,10369.0,16
214500,INTARIAN_PEPPER_ROOT,11211,6,buy,10298.0,22
215300,INTARIAN_PEPPER_ROOT,11211,5,buy,10326.0,27
215600,INTARIAN_PEPPER_ROOT,11212,6,buy,10330.5,33
215800,INTARIAN_PEPPER_ROOT,11212,3,buy,10344.0,36
216000,ASH_COATED_OSMIUM,10007,2,sell,3997.0,-30
216500,INTARIAN_PEPPER_ROOT,11219,8,sell,10688.0,28
218000,ASH_COATED_OSMIUM,9996,1,buy,3914.0,-29
218000,ASH_COATED_OSMIUM,9995,1,buy,3922.0,-28
218100,ASH_COATED_OSMIUM,10005,6,sell,3764.0,-34
218400,INTARIAN_PEPPER_ROOT,11215,4,buy,10472.0,32
218600,ASH_COATED_OSMIUM,10009,2,sell,3982.0,-36
218900,INTARIAN_PEPPER_ROOT,11224,1,sell,10653.0,31
218900,INTARIAN_PEPPER_ROOT,11225,1,sell,10659.0,30
219900,ASH_COATED_OSMIUM,9992,3,buy,4061.5,-33
219900,ASH_COATED_OSMIUM,9991,3,buy,4090.0,-30
221000,ASH_COATED_OSMIUM,9996,4,buy,4043.0,-26
221000,ASH_COATED_OSMIUM,9995,4,buy,4075.0,-22
221700,ASH_COATED_OSMIUM,10010,5,sell,4110.0,-27
222000,ASH_COATED_OSMIUM,10010,2,sell,4124.0,-29
224200,INTARIAN_PEPPER_ROOT,11227,8,sell,10932.0,22
224600,INTARIAN_PEPPER_ROOT,11227,8,sell,10948.0,14
225800,ASH_COATED_OSMIUM,10002,3,sell,3977.0,-32
226500,INTARIAN_PEPPER_ROOT,11229,3,sell,10949.0,11
226700,ASH_COATED_OSMIUM,10002,5,sell,3949.5,-37
228300,INTARIAN_PEPPER_ROOT,11233,1,sell,10921.0,10
228300,INTARIAN_PEPPER_ROOT,11234,1,sell,10927.0,9
228700,ASH_COATED_OSMIUM,9999,5,buy,4344.0,-32
228800,ASH_COATED_OSMIUM,9994,1,buy,4160.5,-31
228800,ASH_COATED_OSMIUM,9993,1,buy,4170.0,-30
229500,INTARIAN_PEPPER_ROOT,11224,2,buy,10951.5,11
229500,INTARIAN_PEPPER_ROOT,11223,2,buy,10964.5,13
232000,INTARIAN_PEPPER_ROOT,11235,5,sell,11048.0,8
232900,ASH_COATED_OSMIUM,10010,1,sell,4193.0,-31
232900,INTARIAN_PEPPER_ROOT,11238,2,sell,11030.0,6
232900,INTARIAN_PEPPER_ROOT,11239,2,sell,11042.0,4
233600,INTARIAN_PEPPER_ROOT,11230,4,buy,11018.0,8
235800,ASH_COATED_OSMIUM,10012,1,sell,4139.0,-32
236300,ASH_COATED_OSMIUM,10009,2,sell,4217.0,-34
236800,INTARIAN_PEPPER_ROOT,11233,8,buy,11038.0,16
239500,ASH_COATED_OSMIUM,10010,3,sell,4204.0,-37
239800,ASH_COATED_OSMIUM,10004,5,sell,4020.0,-42
240800,ASH_COATED_OSMIUM,10011,3,sell,4233.0,-45
241200,INTARIAN_PEPPER_ROOT,11244,6,sell,11260.0,10
241800,ASH_COATED_OSMIUM,10009,1,sell,4285.0,-46
242700,ASH_COATED_OSMIUM,10003,5,sell,4086.0,-51
243200,INTARIAN_PEPPER_ROOT,11248,2,sell,11230.0,8
243200,INTARIAN_PEPPER_ROOT,11249,2,sell,11242.0,6
244200,ASH_COATED_OSMIUM,10009,2,sell,4304.0,-53
245100,ASH_COATED_OSMIUM,10011,3,sell,4275.0,-56
245200,ASH_COATED_OSMIUM,10000,8,buy,4587.0,-48
245300,INTARIAN_PEPPER_ROOT,11240,3,buy,11269.0,9
245300,INTARIAN_PEPPER_ROOT,11239,3,buy,11287.0,12
245500,INTARIAN_PEPPER_ROOT,11251,3,sell,11309.5,9
245500,INTARIAN_PEPPER_ROOT,11252,3,sell,11329.0,6
245800,ASH_COATED_OSMIUM,10008,3,sell,4416.0,-51
245900,ASH_COATED_OSMIUM,9999,6,buy,4653.0,-45
246400,ASH_COATED_OSMIUM,10009,2,sell,4397.0,-47
247600,ASH_COATED_OSMIUM,10004,10,sell,4103.5,-57
250500,INTARIAN_PEPPER_ROOT,11253,3,sell,11383.0,3
250800,ASH_COATED_OSMIUM,9993,2,buy,4545.0,-55
250800,ASH_COATED_OSMIUM,9992,2,buy,4561.0,-53
251100,ASH_COATED_OSMIUM,10001,6,sell,4301.5,-59
251700,ASH_COATED_OSMIUM,9993,5,buy,4548.0,-54
251700,ASH_COATED_OSMIUM,9992,5,buy,4593.0,-49
252600,ASH_COATED_OSMIUM,10002,9,sell,4370.0,-58
253300,ASH_COATED_OSMIUM,9993,3,buy,4681.0,-55
253300,ASH_COATED_OSMIUM,9992,3,buy,4705.0,-52
254500,ASH_COATED_OSMIUM,10002,8,sell,4391.0,-60
259200,INTARIAN_PEPPER_ROOT,11264,3,sell,11407.0,0
259200,INTARIAN_PEPPER_ROOT,11265,3,sell,11425.0,-3
261200,ASH_COATED_OSMIUM,10002,3,sell,4286.0,-63
262200,ASH_COATED_OSMIUM,9995,1,buy,4515.0,-62
262200,ASH_COATED_OSMIUM,9994,1,buy,4524.5,-61
262300,ASH_COATED_OSMIUM,10009,1,sell,4623.0,-62
262400,ASH_COATED_OSMIUM,10009,3,sell,4644.0,-65
263800,INTARIAN_PEPPER_ROOT,11259,3,buy,11425.0,0
263800,INTARIAN_PEPPER_ROOT,11258,3,buy,11447.5,3
263900,INTARIAN_PEPPER_ROOT,11259,3,buy,11458.0,6
263900,INTARIAN_PEPPER_ROOT,11258,3,buy,11476.0,9
264100,ASH_COATED_OSMIUM,10009,3,sell,4665.0,-68
264200,ASH_COATED_OSMIUM,10008,2,sell,4817.0,-70
264300,ASH_COATED_OSMIUM,9998,10,buy,5107.0,-60
266400,ASH_COATED_OSMIUM,9997,10,buy,5167.0,-50
269500,ASH_COATED_OSMIUM,10000,4,buy,5143.0,-46
269600,INTARIAN_PEPPER_ROOT,11264,3,buy,11542.0,12
269600,INTARIAN_PEPPER_ROOT,11263,3,buy,11561.5,15
272700,INTARIAN_PEPPER_ROOT,11269,6,buy,11533.0,21
273200,ASH_COATED_OSMIUM,9994,6,buy,5243.0,-40
273300,INTARIAN_PEPPER_ROOT,11265,2,buy,11654.0,23
273300,INTARIAN_PEPPER_ROOT,11264,2,buy,11672.0,25
273700,INTARIAN_PEPPER_ROOT,11269,1,buy,11741.0,26
273700,INTARIAN_PEPPER_ROOT,11268,1,buy,11748.5,27
274100,INTARIAN_PEPPER_ROOT,11270,6,buy,11567.0,33
274200,ASH_COATED_OSMIUM,9990,3,buy,5044.0,-37
274200,ASH_COATED_OSMIUM,9989,3,buy,5068.0,-34
275300,ASH_COATED_OSMIUM,9995,7,buy,5217.0,-27
275900,INTARIAN_PEPPER_ROOT,11271,3,buy,11813.0,36
275900,INTARIAN_PEPPER_ROOT,11270,3,buy,11831.0,39
277400,INTARIAN_PEPPER_ROOT,11280,7,sell,12051.0,32
277500,ASH_COATED_OSMIUM,10004,2,sell,5096.0,-29
279400,INTARIAN_PEPPER_ROOT,11282,5,sell,12105.0,27
279800,ASH_COATED_OSMIUM,9993,2,buy,5023.0,-27
279800,ASH_COATED_OSMIUM,9992,2,buy,5039.0,-25
280000,INTARIAN_PEPPER_ROOT,11283,4,sell,12112.5,23
280500,ASH_COATED_OSMIUM,10005,2,sell,5103.0,-27
280700,ASH_COATED_OSMIUM,10007,2,sell,5092.0,-29
282100,INTARIAN_PEPPER_ROOT,11285,4,sell,12152.5,19
282400,ASH_COATED_OSMIUM,9993,9,buy,5316.0,-20
284800,INTARIAN_PEPPER_ROOT,11281,7,buy,12022.0,26
285200,ASH_COATED_OSMIUM,10006,3,sell,5167.0,-23
286300,INTARIAN_PEPPER_ROOT,11282,7,buy,12041.0,33
287400,INTARIAN_PEPPER_ROOT,11290,5,sell,12394.0,28
288100,ASH_COATED_OSMIUM,9990,2,buy,5227.0,-21
288100,ASH_COATED_OSMIUM,9989,2,buy,5243.0,-19
288700,ASH_COATED_OSMIUM,9990,5,buy,5278.0,-14
288700,ASH_COATED_OSMIUM,9989,5,buy,5318.0,-9
289600,INTARIAN_PEPPER_ROOT,11295,3,sell,12340.5,25
289600,INTARIAN_PEPPER_ROOT,11296,3,sell,12360.0,22
290500,ASH_COATED_OSMIUM,9989,3,buy,5348.0,-6
290500,ASH_COATED_OSMIUM,9988,3,buy,5372.0,-3
291800,ASH_COATED_OSMIUM,9987,3,buy,5399.0,0
291800,ASH_COATED_OSMIUM,9986,3,buy,5430.5,3
292600,ASH_COATED_OSMIUM,9993,4,buy,5402.5,7
296500,INTARIAN_PEPPER_ROOT,11299,4,sell,12605.0,18
297200,ASH_COATED_OSMIUM,9998,2,buy,5414.5,9
299100,INTARIAN_PEPPER_ROOT,11302,4,sell,12644.0,14
301200,INTARIAN_PEPPER_ROOT,11297,8,buy,12531.0,22
302500,INTARIAN_PEPPER_ROOT,11299,8,buy,12552.0,30
302900,ASH_COATED_OSMIUM,9994,3,buy,5503.0,12
302900,ASH_COATED_OSMIUM,9993,3,buy,5527.0,15
303200,INTARIAN_PEPPER_ROOT,11298,3,buy,12732.0,33
303200,INTARIAN_PEPPER_ROOT,11297,3,buy,12750.0,36
306200,ASH_COATED_OSMIUM,9993,4,buy,5540.0,19
306200,ASH_COATED_OSMIUM,9992,4,buy,5572.0,23
307100,INTARIAN_PEPPER_ROOT,11310,4,sell,13050.0,32
307800,ASH_COATED_OSMIUM,10010,3,sell,5632.0,20
307800,ASH_COATED_OSMIUM,10011,3,sell,5660.5,17
308100,ASH_COATED_OSMIUM,9996,1,buy,5693.0,18
308100,ASH_COATED_OSMIUM,9995,1,buy,5701.0,19
309100,INTARIAN_PEPPER_ROOT,11301,2,buy,12935.0,34
309100,INTARIAN_PEPPER_ROOT,11300,2,buy,12950.0,36
309700,INTARIAN_PEPPER_ROOT,11315,3,sell,13055.0,33
309700,INTARIAN_PEPPER_ROOT,11316,3,sell,13073.0,30
310200,ASH_COATED_OSMIUM,9997,3,buy,5741.0,22
310200,ASH_COATED_OSMIUM,9996,3,buy,5765.0,25
311400,ASH_COATED_OSMIUM,9997,3,buy,5786.0,28
312300,ASH_COATED_OSMIUM,10001,2,sell,5832.0,26
312600,ASH_COATED_OSMIUM,10011,1,sell,5787.0,25
312600,ASH_COATED_OSMIUM,10012,1,sell,5795.0,24
313200,INTARIAN_PEPPER_ROOT,11309,6,buy,12953.0,36
313600,INTARIAN_PEPPER_ROOT,11310,4,buy,13019.0,40
315000,ASH_COATED_OSMIUM,10011,2,sell,5809.0,22
315000,ASH_COATED_OSMIUM,10012,2,sell,5825.0,20
315700,ASH_COATED_OSMIUM,10006,4,sell,5913.0,16
316000,ASH_COATED_OSMIUM,10001,4,sell,5845.0,12
316600,INTARIAN_PEPPER_ROOT,11311,2,buy,13350.0,42
316800,ASH_COATED_OSMIUM,10001,5,sell,5823.5,7
317600,ASH_COATED_OSMIUM,10005,9,sell,5804.0,-2
318600,ASH_COATED_OSMIUM,10006,8,sell,5766.0,-10
320500,INTARIAN_PEPPER_ROOT,11317,3,buy,13303.5,45
320700,ASH_COATED_OSMIUM,10012,5,sell,5856.0,-15
320700,ASH_COATED_OSMIUM,10013,5,sell,5896.0,-20
321200,ASH_COATED_OSMIUM,10003,4,sell,5804.0,-24
321300,ASH_COATED_OSMIUM,10004,5,sell,5767.0,-29
321500,INTARIAN_PEPPER_ROOT,11318,3,buy,13344.0,48
322100,INTARIAN_PEPPER_ROOT,11325,8,sell,13872.0,40
322400,ASH_COATED_OSMIUM,10004,3,sell,5736.0,-32
323700,ASH_COATED_OSMIUM,10008,8,sell,5664.0,-40
324600,INTARIAN_PEPPER_ROOT,11319,2,buy,13806.0,42
324600,ASH_COATED_OSMIUM,10000,1,buy,5831.0,-39
324600,ASH_COATED_OSMIUM,9999,1,buy,5839.0,-38
325100,INTARIAN_PEPPER_ROOT,11320,2,buy,13840.0,44
325600,ASH_COATED_OSMIUM,10004,5,sell,5673.5,-43
325900,ASH_COATED_OSMIUM,10017,1,sell,5768.0,-44
327600,ASH_COATED_OSMIUM,10008,10,sell,5547.0,-54
328700,ASH_COATED_OSMIUM,10001,13,sell,5632.0,-67
329200,ASH_COATED_OSMIUM,10001,11,sell,5466.0,-78
329300,ASH_COATED_OSMIUM,10001,2,sell,5808.0,-80
329700,INTARIAN_PEPPER_ROOT,11326,4,buy,13770.0,48
329900,ASH_COATED_OSMIUM,10001,4,buy,5636.0,-76
329900,ASH_COATED_OSMIUM,10000,4,buy,5668.0,-72
330300,ASH_COATED_OSMIUM,10001,8,sell,5812.0,-80
331400,ASH_COATED_OSMIUM,10001,2,buy,5626.0,-78
331400,ASH_COATED_OSMIUM,10000,2,buy,5642.0,-76
331500,ASH_COATED_OSMIUM,10009,4,sell,5286.0,-80
332300,INTARIAN_PEPPER_ROOT,11328,8,buy,13858.0,56
337700,INTARIAN_PEPPER_ROOT,11343,2,sell,14484.0,54
337700,INTARIAN_PEPPER_ROOT,11344,2,sell,14496.0,52
338300,INTARIAN_PEPPER_ROOT,11334,5,buy,14231.0,57
341700,INTARIAN_PEPPER_ROOT,11345,8,sell,14988.5,49
345100,INTARIAN_PEPPER_ROOT,11341,5,buy,14665.0,54
346500,INTARIAN_PEPPER_ROOT,11343,5,buy,14738.5,59
349700,ASH_COATED_OSMIUM,9993,3,buy,6191.5,-77
349700,ASH_COATED_OSMIUM,9992,3,buy,6220.0,-74
350500,INTARIAN_PEPPER_ROOT,11347,5,buy,14967.0,64
350900,INTARIAN_PEPPER_ROOT,11346,2,buy,15329.0,66
351600,INTARIAN_PEPPER_ROOT,11360,2,sell,15475.0,64
351600,INTARIAN_PEPPER_ROOT,11361,2,sell,15491.0,62
351700,ASH_COATED_OSMIUM,10003,5,sell,5753.5,-79
352100,ASH_COATED_OSMIUM,10010,1,sell,6116.0,-80
352200,INTARIAN_PEPPER_ROOT,11348,5,buy,15013.5,67
353700,INTARIAN_PEPPER_ROOT,11350,4,buy,15244.0,71
353700,INTARIAN_PEPPER_ROOT,11348,9,sell,15235.0,62
353900,ASH_COATED_OSMIUM,9994,2,buy,6290.0,-78
353900,ASH_COATED_OSMIUM,9993,2,buy,6306.0,-76
354300,ASH_COATED_OSMIUM,9990,2,buy,6439.0,-74
354300,ASH_COATED_OSMIUM,9989,2,buy,6460.0,-72
354900,ASH_COATED_OSMIUM,10000,3,buy,6734.5,-69
355200,ASH_COATED_OSMIUM,10006,3,sell,6514.0,-72
356300,ASH_COATED_OSMIUM,9999,2,buy,6129.0,-70
356300,ASH_COATED_OSMIUM,9998,2,buy,6142.0,-68
356400,ASH_COATED_OSMIUM,9993,2,buy,6462.0,-66
356400,ASH_COATED_OSMIUM,9992,2,buy,6478.0,-64
357300,ASH_COATED_OSMIUM,10000,3,buy,6752.5,-61
358000,ASH_COATED_OSMIUM,9998,2,buy,6275.5,-59
358000,ASH_COATED_OSMIUM,9997,2,buy,6288.5,-57
358400,ASH_COATED_OSMIUM,10006,5,sell,6642.0,-62
359000,ASH_COATED_OSMIUM,10007,1,sell,6525.0,-63
359500,INTARIAN_PEPPER_ROOT,11365,1,sell,15800.0,61
359500,INTARIAN_PEPPER_ROOT,11366,1,sell,15808.0,60
359600,ASH_COATED_OSMIUM,9998,8,buy,6816.0,-55
359900,ASH_COATED_OSMIUM,9993,4,buy,6569.0,-51
359900,ASH_COATED_OSMIUM,9992,4,buy,6601.0,-47
360800,INTARIAN_PEPPER_ROOT,11364,5,sell,16250.5,55
361800,ASH_COATED_OSMIUM,10003,9,sell,6208.0,-56
363600,INTARIAN_PEPPER_ROOT,11358,2,buy,16237.0,57
363800,INTARIAN_PEPPER_ROOT,11359,3,buy,16195.0,60
365100,ASH_COATED_OSMIUM,10001,7,sell,6351.5,-63
367800,INTARIAN_PEPPER_ROOT,11371,5,sell,16697.5,55
368000,ASH_COATED_OSMIUM,10000,7,buy,6803.0,-56
368500,ASH_COATED_OSMIUM,9994,1,buy,6586.0,-55
368500,ASH_COATED_OSMIUM,9993,1,buy,6594.0,-54
369200,INTARIAN_PEPPER_ROOT,11364,1,buy,16510.0,56
369300,INTARIAN_PEPPER_ROOT,11372,5,sell,16754.5,51
371200,INTARIAN_PEPPER_ROOT,11366,3,buy,16642.0,54
371400,INTARIAN_PEPPER_ROOT,11366,3,buy,16685.5,57
374200,ASH_COATED_OSMIUM,9994,5,buy,6629.0,-49
374200,ASH_COATED_OSMIUM,9993,5,buy,6669.0,-44
374400,ASH_COATED_OSMIUM,10008,4,sell,6697.0,-48
375600,ASH_COATED_OSMIUM,10007,2,sell,6759.0,-50
376500,INTARIAN_PEPPER_ROOT,11373,5,buy,16585.0,62
377100,ASH_COATED_OSMIUM,10002,7,sell,6488.0,-57
377100,ASH_COATED_OSMIUM,10007,3,sell,6494.0,-60
377300,ASH_COATED_OSMIUM,10008,4,sell,6762.0,-64
377600,ASH_COATED_OSMIUM,10003,5,sell,6427.0,-69
379500,ASH_COATED_OSMIUM,10012,3,sell,6589.0,-72
380700,INTARIAN_PEPPER_ROOT,11377,4,buy,16953.0,66
380900,ASH_COATED_OSMIUM,9997,2,buy,6603.0,-70
380900,ASH_COATED_OSMIUM,9996,2,buy,6619.0,-68
381000,ASH_COATED_OSMIUM,10001,2,sell,6438.0,-70
382500,INTARIAN_PEPPER_ROOT,11385,4,sell,17671.0,62
382900,INTARIAN_PEPPER_ROOT,11386,7,sell,17691.5,55
384200,INTARIAN_PEPPER_ROOT,11389,3,sell,17514.0,52
384200,INTARIAN_PEPPER_ROOT,11390,3,sell,17532.0,49
384600,ASH_COATED_OSMIUM,10004,6,sell,6271.0,-76
386500,ASH_COATED_OSMIUM,10010,1,sell,6696.0,-77
387000,INTARIAN_PEPPER_ROOT,11390,3,sell,17895.0,46
387700,ASH_COATED_OSMIUM,9998,7,buy,7291.0,-70
388100,ASH_COATED_OSMIUM,9995,4,buy,6763.0,-66
388100,ASH_COATED_OSMIUM,9994,4,buy,6799.0,-62
388700,INTARIAN_PEPPER_ROOT,11394,2,sell,17790.0,44
388700,INTARIAN_PEPPER_ROOT,11395,2,sell,17802.0,42
390300,INTARIAN_PEPPER_ROOT,11393,6,sell,18024.0,36
390700,ASH_COATED_OSMIUM,10005,4,sell,6477.0,-66
390900,ASH_COATED_OSMIUM,9996,1,buy,6814.0,-65
390900,ASH_COATED_OSMIUM,9995,1,buy,6822.0,-64
393200,INTARIAN_PEPPER_ROOT,11389,7,buy,17783.0,43
393600,ASH_COATED_OSMIUM,9998,5,buy,6729.0,-59
393600,ASH_COATED_OSMIUM,9997,5,buy,6769.0,-54
396100,ASH_COATED_OSMIUM,10004,3,sell,6538.0,-57
397600,INTARIAN_PEPPER_ROOT,11401,6,sell,18397.5,37
398800,INTARIAN_PEPPER_ROOT,11395,5,buy,18078.0,42
398900,INTARIAN_PEPPER_ROOT,11395,6,buy,18072.0,48
399000,INTARIAN_PEPPER_ROOT,11395,7,buy,18065.0,55
399200,ASH_COATED_OSMIUM,10000,2,buy,6666.0,-55
399200,ASH_COATED_OSMIUM,9999,2,buy,6682.0,-53
400000,INTARIAN_PEPPER_ROOT,11395,3,buy,18410.0,58
400300,INTARIAN_PEPPER_ROOT,11403,8,sell,18659.0,50
400700,ASH_COATED_OSMIUM,10014,2,sell,6696.0,-55
400800,INTARIAN_PEPPER_ROOT,11397,4,buy,18149.0,54
401600,ASH_COATED_OSMIUM,10004,5,sell,6561.0,-60
402300,INTARIAN_PEPPER_ROOT,11405,5,sell,18814.0,49
403600,ASH_COATED_OSMIUM,10003,3,sell,6606.0,-63
405100,INTARIAN_PEPPER_ROOT,11410,2,sell,18726.0,47
405100,INTARIAN_PEPPER_ROOT,11411,2,sell,18738.0,45
405600,ASH_COATED_OSMIUM,10000,6,buy,7281.0,-57
405700,ASH_COATED_OSMIUM,10009,2,sell,7010.0,-59
406300,ASH_COATED_OSMIUM,9993,3,buy,7093.0,-56
406300,ASH_COATED_OSMIUM,9992,3,buy,7120.0,-53
406700,INTARIAN_PEPPER_ROOT,11412,3,sell,18780.0,42
406700,INTARIAN_PEPPER_ROOT,11413,3,sell,18802.5,39
407300,INTARIAN_PEPPER_ROOT,11410,6,sell,19044.0,33
407500,ASH_COATED_OSMIUM,10011,2,sell,7057.5,-55
407600,ASH_COATED_OSMIUM,10008,4,sell,7168.0,-59
407700,ASH_COATED_OSMIUM,9999,10,buy,7433.0,-49
408000,ASH_COATED_OSMIUM,10008,1,sell,7270.0,-50
409300,INTARIAN_PEPPER_ROOT,11405,5,buy,18718.0,38
411700,ASH_COATED_OSMIUM,9994,5,buy,7162.5,-45
411700,ASH_COATED_OSMIUM,9993,5,buy,7210.0,-40
412600,INTARIAN_PEPPER_ROOT,11407,3,buy,19114.5,41
413100,ASH_COATED_OSMIUM,10009,3,sell,7251.0,-43
413500,INTARIAN_PEPPER_ROOT,11419,1,sell,19161.0,40
413500,INTARIAN_PEPPER_ROOT,11420,1,sell,19167.5,39
414100,INTARIAN_PEPPER_ROOT,11410,8,buy,18984.0,47
415200,ASH_COATED_OSMIUM,10011,2,sell,7224.0,-45
415700,INTARIAN_PEPPER_ROOT,11410,3,buy,19306.0,50
417900,INTARIAN_PEPPER_ROOT,11412,3,buy,19528.5,53
418300,ASH_COATED_OSMIUM,10008,2,sell,7328.0,-47
420300,ASH_COATED_OSMIUM,10000,2,buy,7645.0,-45
420600,INTARIAN_PEPPER_ROOT,11414,3,buy,19685.0,56
420700,ASH_COATED_OSMIUM,9997,4,buy,7633.0,-41
421100,INTARIAN_PEPPER_ROOT,11416,1,buy,19634.0,57
421600,INTARIAN_PEPPER_ROOT,11418,5,buy,19370.0,62
423200,INTARIAN_PEPPER_ROOT,11418,2,buy,19783.0,64
423400,ASH_COATED_OSMIUM,9995,3,buy,7326.0,-38
423400,ASH_COATED_OSMIUM,9994,3,buy,7350.0,-35
423900,ASH_COATED_OSMIUM,9996,1,buy,7322.0,-34
423900,ASH_COATED_OSMIUM,9995,1,buy,7330.0,-33
424300,ASH_COATED_OSMIUM,9995,3,buy,7384.0,-30
424300,ASH_COATED_OSMIUM,9994,3,buy,7408.0,-27
424400,ASH_COATED_OSMIUM,9995,3,buy,7501.0,-24
424400,ASH_COATED_OSMIUM,9994,3,buy,7516.0,-21
424800,INTARIAN_PEPPER_ROOT,11421,5,buy,19586.0,69
424800,INTARIAN_PEPPER_ROOT,11419,8,sell,19578.0,61
424900,ASH_COATED_OSMIUM,10008,1,sell,7481.0,-22
426300,ASH_COATED_OSMIUM,9992,2,buy,7579.0,-20
426300,ASH_COATED_OSMIUM,9991,2,buy,7591.0,-18
426900,ASH_COATED_OSMIUM,9999,6,buy,7591.0,-12
428300,ASH_COATED_OSMIUM,10009,2,sell,7533.0,-14
428300,ASH_COATED_OSMIUM,10010,2,sell,7549.0,-16
429400,INTARIAN_PEPPER_ROOT,11432,4,sell,20424.0,57
429600,INTARIAN_PEPPER_ROOT,11426,3,buy,19878.0,60
430400,ASH_COATED_OSMIUM,10004,2,sell,7571.0,-18
430900,ASH_COATED_OSMIUM,10013,2,sell,7495.0,-20
430900,ASH_COATED_OSMIUM,10014,2,sell,7511.0,-22
431600,INTARIAN_PEPPER_ROOT,11426,3,buy,20314.5,63
432100,INTARIAN_PEPPER_ROOT,11435,6,sell,20620.5,57
432300,INTARIAN_PEPPER_ROOT,11427,3,buy,20409.0,60
433200,ASH_COATED_OSMIUM,9997,2,buy,7569.0,-20
433200,ASH_COATED_OSMIUM,9996,2,buy,7585.0,-18
435200,ASH_COATED_OSMIUM,10012,3,sell,7588.0,-21
435200,ASH_COATED_OSMIUM,10013,3,sell,7612.0,-24
435500,INTARIAN_PEPPER_ROOT,11438,5,sell,20849.0,55
435600,INTARIAN_PEPPER_ROOT,11432,5,buy,20259.0,60
436500,INTARIAN_PEPPER_ROOT,11431,1,buy,20684.5,61
437200,INTARIAN_PEPPER_ROOT,11440,6,sell,20980.5,55
438300,ASH_COATED_OSMIUM,10003,4,sell,7506.0,-28
438400,ASH_COATED_OSMIUM,10003,2,sell,7495.0,-30
438600,ASH_COATED_OSMIUM,9999,4,buy,7598.0,-26
438600,ASH_COATED_OSMIUM,9998,4,buy,7630.0,-22
440400,ASH_COATED_OSMIUM,10009,7,sell,7477.0,-29
441900,ASH_COATED_OSMIUM,10004,3,sell,7549.0,-32
442500,INTARIAN_PEPPER_ROOT,11439,5,buy,20753.0,60
443100,INTARIAN_PEPPER_ROOT,11446,3,sell,21348.5,57
444300,ASH_COATED_OSMIUM,9998,1,buy,7684.0,-31
444300,ASH_COATED_OSMIUM,9997,1,buy,7692.0,-30
445500,INTARIAN_PEPPER_ROOT,11448,8,sell,21475.0,49
448800,INTARIAN_PEPPER_ROOT,11445,5,buy,21095.0,54
451100,ASH_COATED_OSMIUM,10001,3,sell,7630.5,-33
453300,ASH_COATED_OSMIUM,10002,3,sell,7599.0,-36
453500,INTARIAN_PEPPER_ROOT,11450,5,buy,21411.5,59
454100,ASH_COATED_OSMIUM,10013,3,sell,7695.0,-39
454400,INTARIAN_PEPPER_ROOT,11457,7,sell,22017.0,52
455400,INTARIAN_PEPPER_ROOT,11463,2,sell,21825.0,50
455400,INTARIAN_PEPPER_ROOT,11464,2,sell,21843.0,48
457500,INTARIAN_PEPPER_ROOT,11463,2,sell,21974.0,46
457500,INTARIAN_PEPPER_ROOT,11464,2,sell,21987.0,44
457600,INTARIAN_PEPPER_ROOT,11463,2,sell,21998.0,42
457600,INTARIAN_PEPPER_ROOT,11464,2,sell,22011.0,40
457900,ASH_COATED_OSMIUM,10003,9,sell,7557.0,-48
459200,INTARIAN_PEPPER_ROOT,11462,8,sell,22287.0,32
460000,INTARIAN_PEPPER_ROOT,11455,3,buy,22142.0,35
460000,INTARIAN_PEPPER_ROOT,11454,3,buy,22160.0,38
460400,INTARIAN_PEPPER_ROOT,11463,3,sell,22344.0,35
460700,INTARIAN_PEPPER_ROOT,11464,7,sell,22351.0,28
460700,ASH_COATED_OSMIUM,10001,4,sell,7583.0,-52
462600,ASH_COATED_OSMIUM,10002,2,sell,7547.0,-54
463600,ASH_COATED_OSMIUM,10005,4,sell,7452.0,-58
464100,INTARIAN_PEPPER_ROOT,11459,3,buy,22324.0,31
464100,INTARIAN_PEPPER_ROOT,11458,3,buy,22342.0,34
464700,ASH_COATED_OSMIUM,10001,3,sell,7582.0,-61
464900,INTARIAN_PEPPER_ROOT,11468,6,sell,22520.0,28
465200,INTARIAN_PEPPER_ROOT,11468,5,sell,22512.5,23
468700,ASH_COATED_OSMIUM,10003,7,sell,7561.0,-68
469000,INTARIAN_PEPPER_ROOT,11474,3,sell,22486.0,20
469000,INTARIAN_PEPPER_ROOT,11475,3,sell,22508.5,17
469000,ASH_COATED_OSMIUM,9994,1,buy,7908.0,-67
469000,ASH_COATED_OSMIUM,9993,1,buy,7916.0,-66
470900,INTARIAN_PEPPER_ROOT,11466,3,buy,22583.0,20
470900,INTARIAN_PEPPER_ROOT,11465,3,buy,22601.0,23
472200,INTARIAN_PEPPER_ROOT,11475,6,sell,22718.5,17
474500,INTARIAN_PEPPER_ROOT,11471,6,buy,22590.5,23
476700,ASH_COATED_OSMIUM,10009,4,sell,7948.0,-70
477600,ASH_COATED_OSMIUM,9994,5,buy,7885.5,-65
477600,ASH_COATED_OSMIUM,9993,5,buy,7933.0,-60
478600,INTARIAN_PEPPER_ROOT,11482,6,sell,22903.5,17
483900,ASH_COATED_OSMIUM,10008,2,sell,8037.0,-62
484200,INTARIAN_PEPPER_ROOT,11479,3,buy,22927.0,20
484200,INTARIAN_PEPPER_ROOT,11478,3,buy,22945.0,23
484500,ASH_COATED_OSMIUM,10002,10,sell,7723.0,-72
485800,ASH_COATED_OSMIUM,10002,6,sell,7702.0,-78
487000,ASH_COATED_OSMIUM,10003,2,sell,7617.0,-80
487100,ASH_COATED_OSMIUM,9995,1,buy,7984.0,-79
487100,ASH_COATED_OSMIUM,9994,1,buy,7992.0,-78
487300,ASH_COATED_OSMIUM,10004,2,sell,7596.0,-80
488600,ASH_COATED_OSMIUM,9993,4,buy,8108.0,-76
488600,ASH_COATED_OSMIUM,9992,4,buy,8144.0,-72
488700,INTARIAN_PEPPER_ROOT,11494,1,sell,23054.0,22
488700,INTARIAN_PEPPER_ROOT,11495,1,sell,23060.5,21
488800,INTARIAN_PEPPER_ROOT,11484,2,buy,23081.0,23
488800,INTARIAN_PEPPER_ROOT,11483,2,buy,23093.0,25
490000,INTARIAN_PEPPER_ROOT,11486,3,buy,22990.0,28
491600,ASH_COATED_OSMIUM,10009,1,sell,8079.0,-73
492600,ASH_COATED_OSMIUM,9996,2,buy,8020.0,-71
492600,ASH_COATED_OSMIUM,9995,2,buy,8036.0,-69
492700,INTARIAN_PEPPER_ROOT,11489,7,buy,23014.5,35
492900,INTARIAN_PEPPER_ROOT,11489,5,buy,23062.0,40
493400,ASH_COATED_OSMIUM,10006,10,sell,7473.5,-79
494600,INTARIAN_PEPPER_ROOT,11486,2,buy,23276.0,42
494600,INTARIAN_PEPPER_ROOT,11485,2,buy,23292.0,44
494900,INTARIAN_PEPPER_ROOT,11500,1,sell,23385.0,43
494900,INTARIAN_PEPPER_ROOT,11501,1,sell,23391.0,42
495500,ASH_COATED_OSMIUM,10003,1,sell,7666.0,-80
495800,ASH_COATED_OSMIUM,9998,4,buy,7934.0,-76
495800,ASH_COATED_OSMIUM,9997,4,buy,7966.0,-72
496100,ASH_COATED_OSMIUM,9998,1,buy,7973.0,-71
496100,ASH_COATED_OSMIUM,9997,1,buy,7981.0,-70
496500,INTARIAN_PEPPER_ROOT,11499,6,sell,23631.0,36
496800,INTARIAN_PEPPER_ROOT,11493,3,buy,23304.0,39
497200,INTARIAN_PEPPER_ROOT,11489,2,buy,23453.5,41
497200,INTARIAN_PEPPER_ROOT,11488,2,buy,23468.5,43
497500,ASH_COATED_OSMIUM,10001,2,sell,7865.0,-72
497800,INTARIAN_PEPPER_ROOT,11503,2,sell,23586.0,41
497800,INTARIAN_PEPPER_ROOT,11504,2,sell,23598.0,39
498800,INTARIAN_PEPPER_ROOT,11502,3,sell,23862.0,36
500000,ASH_COATED_OSMIUM,10010,2,sell,8131.0,-74
500300,INTARIAN_PEPPER_ROOT,11506,3,sell,23716.5,33
500300,INTARIAN_PEPPER_ROOT,11507,3,sell,23736.0,30
500600,ASH_COATED_OSMIUM,10001,4,sell,7889.0,-78
502900,ASH_COATED_OSMIUM,10000,5,buy,8576.0,-73
503500,ASH_COATED_OSMIUM,9995,2,buy,8225.0,-71
503500,ASH_COATED_OSMIUM,9994,2,buy,8241.0,-69
503800,INTARIAN_PEPPER_ROOT,11509,2,sell,23851.0,28
503800,INTARIAN_PEPPER_ROOT,11510,2,sell,23863.0,26
504900,INTARIAN_PEPPER_ROOT,11500,2,buy,23899.0,28
504900,INTARIAN_PEPPER_ROOT,11499,2,buy,23911.0,30
505900,ASH_COATED_OSMIUM,9994,2,buy,8257.0,-67
505900,ASH_COATED_OSMIUM,9993,2,buy,8275.0,-65
506600,ASH_COATED_OSMIUM,10008,3,sell,8361.0,-68
506800,ASH_COATED_OSMIUM,10003,5,sell,8006.0,-73
507700,INTARIAN_PEPPER_ROOT,11502,3,buy,24002.5,33
507700,INTARIAN_PEPPER_ROOT,11501,3,buy,24022.0,36
508100,ASH_COATED_OSMIUM,10001,2,sell,7996.0,-75
508700,INTARIAN_PEPPER_ROOT,11514,2,sell,24069.0,34
508700,INTARIAN_PEPPER_ROOT,11515,2,sell,24082.0,32
508800,INTARIAN_PEPPER_ROOT,11514,2,sell,24063.0,30
508800,INTARIAN_PEPPER_ROOT,11515,2,sell,24078.0,28
509600,INTARIAN_PEPPER_ROOT,11504,2,buy,24190.0,30
509900,ASH_COATED_OSMIUM,9996,1,buy,8228.0,-74
509900,ASH_COATED_OSMIUM,9995,1,buy,8236.0,-73
510400,ASH_COATED_OSMIUM,9996,3,buy,8257.0,-70
510400,ASH_COATED_OSMIUM,9995,3,buy,8281.0,-67
511000,ASH_COATED_OSMIUM,10004,4,sell,7965.5,-71
512100,INTARIAN_PEPPER_ROOT,11515,6,sell,24346.0,24
512300,ASH_COATED_OSMIUM,10005,9,sell,7863.0,-80
513000,INTARIAN_PEPPER_ROOT,11509,7,buy,24135.0,31
514300,INTARIAN_PEPPER_ROOT,11517,6,sell,24464.0,25
516600,ASH_COATED_OSMIUM,9997,2,buy,8237.0,-78
516600,ASH_COATED_OSMIUM,9996,2,buy,8253.0,-76
516700,INTARIAN_PEPPER_ROOT,11522,3,sell,24418.0,22
516700,INTARIAN_PEPPER_ROOT,11523,3,sell,24437.5,19
517200,ASH_COATED_OSMIUM,10006,4,sell,7861.0,-80
517700,INTARIAN_PEPPER_ROOT,11512,3,buy,24473.0,22
517700,INTARIAN_PEPPER_ROOT,11511,3,buy,24492.5,25
519200,INTARIAN_PEPPER_ROOT,11514,3,buy,24545.0,28
519200,INTARIAN_PEPPER_ROOT,11513,3,buy,24563.0,31
522400,ASH_COATED_OSMIUM,9996,2,buy,8355.0,-78
522400,ASH_COATED_OSMIUM,9995,2,buy,8371.0,-76
523100,ASH_COATED_OSMIUM,10002,4,sell,8047.0,-80
523400,INTARIAN_PEPPER_ROOT,11518,3,buy,24719.0,34
523400,INTARIAN_PEPPER_ROOT,11517,3,buy,24738.5,37
524600,INTARIAN_PEPPER_ROOT,11521,3,buy,24586.0,40
524700,INTARIAN_PEPPER_ROOT,11528,7,sell,24975.5,33
525200,ASH_COATED_OSMIUM,9996,2,buy,8381.0,-78
525200,ASH_COATED_OSMIUM,9995,2,buy,8397.0,-76
525500,INTARIAN_PEPPER_ROOT,11517,3,buy,24815.0,36
525500,INTARIAN_PEPPER_ROOT,11516,3,buy,24839.0,39
527900,ASH_COATED_OSMIUM,10010,1,sell,8519.5,-77
529400,INTARIAN_PEPPER_ROOT,11535,1,sell,25059.0,38
529400,INTARIAN_PEPPER_ROOT,11536,1,sell,25065.5,37
531800,ASH_COATED_OSMIUM,10012,1,sell,8374.0,-78
532200,ASH_COATED_OSMIUM,10003,2,sell,8133.0,-80
532300,INTARIAN_PEPPER_ROOT,11535,5,sell,25365.0,32
534000,INTARIAN_PEPPER_ROOT,11537,4,sell,25375.0,28
534100,ASH_COATED_OSMIUM,9995,1,buy,8421.0,-79
534100,ASH_COATED_OSMIUM,9994,1,buy,8430.0,-78
534100,INTARIAN_PEPPER_ROOT,11537,4,sell,25369.0,24
535800,ASH_COATED_OSMIUM,9995,2,buy,8522.0,-76
535800,ASH_COATED_OSMIUM,9994,2,buy,8538.0,-74
536000,ASH_COATED_OSMIUM,9995,2,buy,8552.0,-72
536000,ASH_COATED_OSMIUM,9994,2,buy,8568.0,-70
537800,INTARIAN_PEPPER_ROOT,11541,7,sell,25480.0,17
538700,ASH_COATED_OSMIUM,9996,6,buy,9180.0,-64
538800,ASH_COATED_OSMIUM,10005,2,sell,8874.0,-66
540300,INTARIAN_PEPPER_ROOT,11536,7,buy,25284.0,24
540300,ASH_COATED_OSMIUM,9996,9,buy,9148.5,-57
541900,ASH_COATED_OSMIUM,10006,2,sell,8849.0,-59
543100,INTARIAN_PEPPER_ROOT,11548,2,sell,25489.0,22
543100,INTARIAN_PEPPER_ROOT,11549,2,sell,25504.0,20
544200,INTARIAN_PEPPER_ROOT,11536,1,buy,25530.5,21
544200,INTARIAN_PEPPER_ROOT,11535,1,buy,25538.0,22
545000,ASH_COATED_OSMIUM,9992,3,buy,8870.0,-56
545000,ASH_COATED_OSMIUM,9991,3,buy,8894.0,-53
546700,ASH_COATED_OSMIUM,9998,4,buy,9241.0,-49
546900,INTARIAN_PEPPER_ROOT,11543,5,buy,25522.0,27
547500,INTARIAN_PEPPER_ROOT,11542,3,buy,25732.0,30
547600,ASH_COATED_OSMIUM,10005,1,sell,8954.0,-50
547800,INTARIAN_PEPPER_ROOT,11556,2,sell,25760.0,28
547800,INTARIAN_PEPPER_ROOT,11557,2,sell,25775.0,26
548100,ASH_COATED_OSMIUM,10008,2,sell,8896.0,-52
548800,ASH_COATED_OSMIUM,9996,8,buy,9254.0,-44
549100,ASH_COATED_OSMIUM,9999,4,buy,9146.0,-40
549600,ASH_COATED_OSMIUM,10005,5,sell,9111.0,-45
550200,INTARIAN_PEPPER_ROOT,11553,4,sell,25899.0,22
550300,INTARIAN_PEPPER_ROOT,11546,5,buy,25685.0,27
552200,INTARIAN_PEPPER_ROOT,11548,3,buy,25736.0,30
553200,INTARIAN_PEPPER_ROOT,11548,2,buy,25926.0,32
553200,INTARIAN_PEPPER_ROOT,11547,2,buy,25938.0,34
553500,INTARIAN_PEPPER_ROOT,11556,4,sell,26145.0,30
554600,INTARIAN_PEPPER_ROOT,11551,3,buy,25840.5,33
555600,INTARIAN_PEPPER_ROOT,11559,3,sell,26244.0,30
556800,ASH_COATED_OSMIUM,10000,5,buy,9131.0,-40
556900,INTARIAN_PEPPER_ROOT,11553,5,buy,25939.0,35
558100,ASH_COATED_OSMIUM,9999,2,buy,9161.0,-38
558700,ASH_COATED_OSMIUM,9999,4,buy,9124.0,-34
559500,ASH_COATED_OSMIUM,9998,4,buy,9155.0,-30
559700,ASH_COATED_OSMIUM,9998,3,buy,9126.5,-27
560900,INTARIAN_PEPPER_ROOT,11564,3,sell,26455.0,32
562200,ASH_COATED_OSMIUM,9990,1,buy,9039.0,-26
562200,ASH_COATED_OSMIUM,9989,1,buy,9047.0,-25
562800,INTARIAN_PEPPER_ROOT,11566,4,sell,26465.0,28
564100,INTARIAN_PEPPER_ROOT,11559,3,buy,26382.0,31
564100,INTARIAN_PEPPER_ROOT,11558,3,buy,26400.0,34
564200,ASH_COATED_OSMIUM,9997,5,buy,9147.0,-20
564800,ASH_COATED_OSMIUM,9988,2,buy,9101.0,-18
564800,ASH_COATED_OSMIUM,9987,2,buy,9117.0,-16
567500,ASH_COATED_OSMIUM,9994,7,buy,9160.0,-9
567700,ASH_COATED_OSMIUM,9990,2,buy,9113.0,-7
567700,ASH_COATED_OSMIUM,9989,2,buy,9131.0,-5
570300,ASH_COATED_OSMIUM,9997,8,buy,9124.0,3
571600,ASH_COATED_OSMIUM,10007,2,sell,9159.0,1
571600,ASH_COATED_OSMIUM,10008,2,sell,9175.0,-1
572700,ASH_COATED_OSMIUM,10007,1,sell,9182.0,-2
572700,ASH_COATED_OSMIUM,10008,1,sell,9190.0,-3
573000,ASH_COATED_OSMIUM,9992,2,buy,9207.0,-1
573000,ASH_COATED_OSMIUM,9991,2,buy,9223.0,1
573400,ASH_COATED_OSMIUM,10006,1,sell,9230.0,0
573400,ASH_COATED_OSMIUM,10007,1,sell,9239.5,-1
574700,INTARIAN_PEPPER_ROOT,11580,3,sell,26773.5,31
574700,INTARIAN_PEPPER_ROOT,11581,3,sell,26793.0,28
575700,INTARIAN_PEPPER_ROOT,11572,3,buy,26676.5,31
575700,ASH_COATED_OSMIUM,10007,1,sell,9244.0,-2
575700,ASH_COATED_OSMIUM,10008,1,sell,9252.0,-3
576500,INTARIAN_PEPPER_ROOT,11571,2,buy,26873.5,33
576500,INTARIAN_PEPPER_ROOT,11570,2,buy,26886.5,35
577000,ASH_COATED_OSMIUM,9997,4,buy,9258.0,1
577300,INTARIAN_PEPPER_ROOT,11573,3,buy,26726.0,38
578000,INTARIAN_PEPPER_ROOT,11574,8,buy,26756.0,46
578900,ASH_COATED_OSMIUM,9997,6,buy,9240.0,7
579700,INTARIAN_PEPPER_ROOT,11576,4,buy,26819.0,50
581000,ASH_COATED_OSMIUM,9990,3,buy,9297.0,10
581000,ASH_COATED_OSMIUM,9989,3,buy,9325.5,13
582600,ASH_COATED_OSMIUM,10006,2,sell,9346.0,11
582600,ASH_COATED_OSMIUM,10007,2,sell,9362.0,9
584700,ASH_COATED_OSMIUM,10002,10,sell,9385.5,-1
585900,INTARIAN_PEPPER_ROOT,11582,5,buy,27139.0,55
586300,ASH_COATED_OSMIUM,10002,4,sell,9374.0,-5
586900,INTARIAN_PEPPER_ROOT,11590,7,sell,27706.0,48
587000,ASH_COATED_OSMIUM,10007,3,sell,9420.0,-8
587000,ASH_COATED_OSMIUM,10008,3,sell,9444.0,-11
589500,ASH_COATED_OSMIUM,9993,1,buy,9436.0,-10
589500,ASH_COATED_OSMIUM,9992,1,buy,9445.5,-9
589600,ASH_COATED_OSMIUM,9998,6,buy,9489.0,-3
590300,ASH_COATED_OSMIUM,10002,8,sell,9426.5,-11
590700,INTARIAN_PEPPER_ROOT,11594,8,sell,27886.0,40
591500,ASH_COATED_OSMIUM,9999,9,buy,9504.0,-2
591600,INTARIAN_PEPPER_ROOT,11588,7,buy,27515.5,47
592100,ASH_COATED_OSMIUM,9993,2,buy,9510.0,0
592100,ASH_COATED_OSMIUM,9992,2,buy,9526.0,2
593200,INTARIAN_PEPPER_ROOT,11589,4,buy,27582.0,51
594000,ASH_COATED_OSMIUM,9990,3,buy,9541.0,5
594000,ASH_COATED_OSMIUM,9989,3,buy,9565.0,8
596100,ASH_COATED_OSMIUM,9991,4,buy,9613.0,12
596100,ASH_COATED_OSMIUM,9990,4,buy,9649.0,16
596200,ASH_COATED_OSMIUM,9999,4,buy,9549.0,20
597000,ASH_COATED_OSMIUM,10000,9,sell,9702.0,11
597100,INTARIAN_PEPPER_ROOT,11602,3,sell,28056.0,48
597100,INTARIAN_PEPPER_ROOT,11603,3,sell,28074.0,45
598000,ASH_COATED_OSMIUM,9991,3,buy,9668.0,14
598000,ASH_COATED_OSMIUM,9990,3,buy,9692.0,17
598100,ASH_COATED_OSMIUM,10001,4,sell,9782.0,13
598600,ASH_COATED_OSMIUM,9997,8,buy,9638.5,21
599200,ASH_COATED_OSMIUM,10002,10,sell,9829.0,11
599600,INTARIAN_PEPPER_ROOT,11605,2,sell,28283.5,43
599600,INTARIAN_PEPPER_ROOT,11606,2,sell,28292.5,41
602100,ASH_COATED_OSMIUM,10001,4,sell,9816.5,7
602300,INTARIAN_PEPPER_ROOT,11597,1,buy,28339.0,42
603200,ASH_COATED_OSMIUM,9997,6,buy,9724.5,13
604900,INTARIAN_PEPPER_ROOT,11608,8,sell,28621.0,34
605600,ASH_COATED_OSMIUM,10007,2,sell,9810.0,11
605600,ASH_COATED_OSMIUM,10008,2,sell,9826.0,9
605800,INTARIAN_PEPPER_ROOT,11598,2,buy,28464.0,36
605800,INTARIAN_PEPPER_ROOT,11597,2,buy,28479.0,38
606500,INTARIAN_PEPPER_ROOT,11603,6,buy,28356.0,44
607000,INTARIAN_PEPPER_ROOT,11603,4,buy,28374.0,48
607000,ASH_COATED_OSMIUM,10007,1,sell,9833.0,8
607000,ASH_COATED_OSMIUM,10008,1,sell,9841.0,7
607900,INTARIAN_PEPPER_ROOT,11611,3,sell,28873.5,45
610000,ASH_COATED_OSMIUM,9999,9,buy,9794.0,16
610200,ASH_COATED_OSMIUM,9995,4,buy,9910.0,20
610200,ASH_COATED_OSMIUM,9994,4,buy,9942.0,24
611000,INTARIAN_PEPPER_ROOT,11607,4,buy,28577.0,49
611100,INTARIAN_PEPPER_ROOT,11616,2,sell,28761.5,47
611100,INTARIAN_PEPPER_ROOT,11617,2,sell,28776.5,45
611300,ASH_COATED_OSMIUM,10005,4,sell,10074.0,20
614900,ASH_COATED_OSMIUM,9996,2,buy,9988.0,22
615700,ASH_COATED_OSMIUM,10005,4,sell,10113.0,18
617100,ASH_COATED_OSMIUM,9999,5,buy,9866.5,23
617700,INTARIAN_PEPPER_ROOT,11614,3,buy,28907.0,48
617800,INTARIAN_PEPPER_ROOT,11612,3,buy,29240.0,51
618000,ASH_COATED_OSMIUM,10009,3,sell,10014.0,20
618000,ASH_COATED_OSMIUM,10010,3,sell,10038.0,17
620100,INTARIAN_PEPPER_ROOT,11615,3,buy,29306.0,54
620400,ASH_COATED_OSMIUM,9995,3,buy,10059.0,20
620400,ASH_COATED_OSMIUM,9994,3,buy,10083.0,23
621600,INTARIAN_PEPPER_ROOT,11625,8,sell,29645.0,46
621900,ASH_COATED_OSMIUM,9999,7,buy,9939.0,30
621900,ASH_COATED_OSMIUM,9995,1,buy,9940.5,31
622100,INTARIAN_PEPPER_ROOT,11617,3,buy,29453.0,49
622700,ASH_COATED_OSMIUM,10001,2,sell,10225.0,29
623600,INTARIAN_PEPPER_ROOT,11618,1,buy,29532.0,50
624000,ASH_COATED_OSMIUM,10002,4,sell,10234.0,25
627500,INTARIAN_PEPPER_ROOT,11633,2,sell,29743.0,48
627500,INTARIAN_PEPPER_ROOT,11634,2,sell,29756.0,46
628200,INTARIAN_PEPPER_ROOT,11623,2,buy,29813.0,48
628200,ASH_COATED_OSMIUM,9995,2,buy,10123.0,27
628500,ASH_COATED_OSMIUM,10009,3,sell,10144.0,24
628500,ASH_COATED_OSMIUM,10010,3,sell,10168.0,21
630300,INTARIAN_PEPPER_ROOT,11636,2,sell,29851.0,46
630300,INTARIAN_PEPPER_ROOT,11637,2,sell,29867.0,44
631800,INTARIAN_PEPPER_ROOT,11626,3,buy,29993.5,47
636500,ASH_COATED_OSMIUM,10002,2,sell,10272.5,19
636500,ASH_COATED_OSMIUM,10012,3,sell,10286.0,16
636500,ASH_COATED_OSMIUM,10013,3,sell,10302.5,13
636700,INTARIAN_PEPPER_ROOT,11642,2,sell,30239.5,45
636700,INTARIAN_PEPPER_ROOT,11643,2,sell,30252.5,43
637800,INTARIAN_PEPPER_ROOT,11641,6,sell,30501.5,37
637800,ASH_COATED_OSMIUM,10012,2,sell,10284.0,11
637800,ASH_COATED_OSMIUM,10013,2,sell,10300.0,9
637900,INTARIAN_PEPPER_ROOT,11641,6,sell,30492.5,31
639300,INTARIAN_PEPPER_ROOT,11642,6,sell,30527.0,25
640900,INTARIAN_PEPPER_ROOT,11644,5,sell,30587.0,20
641400,INTARIAN_PEPPER_ROOT,11647,1,sell,30482.5,19
641400,INTARIAN_PEPPER_ROOT,11648,1,sell,30489.0,18
642000,INTARIAN_PEPPER_ROOT,11638,4,buy,30404.0,22
643800,ASH_COATED_OSMIUM,9997,2,buy,10305.0,11
643800,ASH_COATED_OSMIUM,9996,2,buy,10321.0,13
644200,ASH_COATED_OSMIUM,10012,2,sell,10348.0,11
644200,ASH_COATED_OSMIUM,10013,2,sell,10364.0,9
644600,ASH_COATED_OSMIUM,10012,4,sell,10392.0,5
644600,ASH_COATED_OSMIUM,10013,4,sell,10424.0,1
644700,ASH_COATED_OSMIUM,10002,2,sell,10416.0,-1
647000,ASH_COATED_OSMIUM,10013,2,sell,10431.0,-3
647000,ASH_COATED_OSMIUM,10014,2,sell,10447.0,-5
647400,ASH_COATED_OSMIUM,10014,2,sell,10456.0,-7
647400,ASH_COATED_OSMIUM,10015,2,sell,10472.0,-9
648800,INTARIAN_PEPPER_ROOT,11645,3,buy,30542.5,25
649200,INTARIAN_PEPPER_ROOT,11645,5,buy,30550.0,30
649900,ASH_COATED_OSMIUM,10014,3,sell,10493.0,-12
649900,ASH_COATED_OSMIUM,10015,3,sell,10517.0,-15
650300,ASH_COATED_OSMIUM,9997,4,buy,10562.5,-11
650300,ASH_COATED_OSMIUM,9996,4,buy,10604.5,-7
651200,INTARIAN_PEPPER_ROOT,11646,3,buy,30791.5,33
651200,INTARIAN_PEPPER_ROOT,11645,3,buy,30811.0,36
651300,ASH_COATED_OSMIUM,10014,3,sell,10622.0,-10
651300,ASH_COATED_OSMIUM,10015,3,sell,10646.0,-13
652400,INTARIAN_PEPPER_ROOT,11658,2,sell,30807.0,34
652400,INTARIAN_PEPPER_ROOT,11659,2,sell,30823.0,32
652600,ASH_COATED_OSMIUM,10001,10,sell,10540.0,-23
654000,INTARIAN_PEPPER_ROOT,11657,6,sell,31093.0,26
654500,ASH_COATED_OSMIUM,10014,2,sell,10600.0,-25
654500,INTARIAN_PEPPER_ROOT,11651,8,buy,30808.0,34
654700,ASH_COATED_OSMIUM,10003,4,sell,10540.5,-29
655200,INTARIAN_PEPPER_ROOT,11650,2,buy,31023.0,36
655800,INTARIAN_PEPPER_ROOT,11652,5,buy,30835.5,41
656600,INTARIAN_PEPPER_ROOT,11660,3,sell,31282.0,38
657400,ASH_COATED_OSMIUM,10015,2,sell,10569.0,-31
658300,ASH_COATED_OSMIUM,10006,5,sell,10451.0,-36
658600,ASH_COATED_OSMIUM,10001,12,sell,10691.0,-48
658800,ASH_COATED_OSMIUM,10001,11,sell,10339.0,-59
658900,ASH_COATED_OSMIUM,10001,15,sell,10219.0,-74
659000,ASH_COATED_OSMIUM,10001,6,sell,10171.0,-80
659100,INTARIAN_PEPPER_ROOT,11655,5,buy,30927.5,43
659600,ASH_COATED_OSMIUM,10002,2,buy,10419.0,-78
659600,ASH_COATED_OSMIUM,10001,2,buy,10429.0,-76
659700,ASH_COATED_OSMIUM,10001,4,sell,10169.0,-80
660400,ASH_COATED_OSMIUM,10001,3,buy,10193.0,-77
660500,ASH_COATED_OSMIUM,10001,3,sell,10169.0,-80
662400,ASH_COATED_OSMIUM,10001,2,buy,10185.0,-78
662500,ASH_COATED_OSMIUM,10015,1,sell,10270.0,-79
662600,ASH_COATED_OSMIUM,10001,1,sell,10183.0,-80
663600,INTARIAN_PEPPER_ROOT,11658,2,buy,31411.5,45
664600,INTARIAN_PEPPER_ROOT,11661,3,buy,31227.0,48
665000,INTARIAN_PEPPER_ROOT,11670,3,sell,31506.0,45
665000,INTARIAN_PEPPER_ROOT,11671,3,sell,31524.0,42
666000,INTARIAN_PEPPER_ROOT,11671,2,sell,31576.0,40
666000,INTARIAN_PEPPER_ROOT,11672,2,sell,31588.0,38
667300,INTARIAN_PEPPER_ROOT,11663,3,buy,31433.0,41
668200,INTARIAN_PEPPER_ROOT,11663,3,buy,31716.0,44
668300,INTARIAN_PEPPER_ROOT,11671,8,sell,31898.0,36
671000,INTARIAN_PEPPER_ROOT,11674,6,sell,31979.0,30
671600,INTARIAN_PEPPER_ROOT,11668,3,buy,31655.0,33
672400,INTARIAN_PEPPER_ROOT,11675,6,sell,32079.5,27
677400,ASH_COATED_OSMIUM,10000,4,buy,10371.0,-76
677400,ASH_COATED_OSMIUM,9999,4,buy,10403.0,-72
678000,ASH_COATED_OSMIUM,10006,3,sell,10100.0,-75
678800,INTARIAN_PEPPER_ROOT,11682,3,sell,32210.0,24
679900,INTARIAN_PEPPER_ROOT,11688,2,sell,32175.0,22
679900,INTARIAN_PEPPER_ROOT,11689,2,sell,32190.0,20
680400,ASH_COATED_OSMIUM,10016,1,sell,10333.0,-76
681600,ASH_COATED_OSMIUM,10005,4,sell,10161.0,-80
684400,INTARIAN_PEPPER_ROOT,11687,3,sell,32334.0,17
685900,INTARIAN_PEPPER_ROOT,11681,2,buy,32293.0,19
685900,INTARIAN_PEPPER_ROOT,11680,2,buy,32305.0,21
686100,INTARIAN_PEPPER_ROOT,11682,3,buy,32197.0,24
689500,INTARIAN_PEPPER_ROOT,11684,3,buy,32417.5,27
689500,INTARIAN_PEPPER_ROOT,11683,3,buy,32437.0,30
689700,ASH_COATED_OSMIUM,9999,3,buy,10502.0,-77
689700,ASH_COATED_OSMIUM,9998,3,buy,10526.0,-74
689700,INTARIAN_PEPPER_ROOT,11686,4,buy,32281.0,34
690700,ASH_COATED_OSMIUM,10004,2,sell,10294.0,-76
690800,INTARIAN_PEPPER_ROOT,11696,3,sell,32470.5,31
690800,INTARIAN_PEPPER_ROOT,11697,3,sell,32493.0,28
690800,ASH_COATED_OSMIUM,10008,4,sell,10130.0,-80
694300,ASH_COATED_OSMIUM,9996,1,buy,10698.0,-79
694300,ASH_COATED_OSMIUM,9995,1,buy,10707.0,-78
695800,INTARIAN_PEPPER_ROOT,11690,2,buy,32672.0,30
695800,INTARIAN_PEPPER_ROOT,11689,2,buy,32685.0,32
696400,INTARIAN_PEPPER_ROOT,11691,2,buy,32779.0,34
698800,ASH_COATED_OSMIUM,10001,2,sell,10501.0,-80
699500,ASH_COATED_OSMIUM,9997,3,buy,10722.0,-77
699500,ASH_COATED_OSMIUM,9996,3,buy,10746.0,-74
699800,INTARIAN_PEPPER_ROOT,11703,5,sell,32992.5,29
700000,INTARIAN_PEPPER_ROOT,11708,2,sell,32918.5,27
700000,INTARIAN_PEPPER_ROOT,11709,2,sell,32933.5,25
704100,INTARIAN_PEPPER_ROOT,11700,8,buy,32863.0,33
704600,INTARIAN_PEPPER_ROOT,11708,7,sell,33199.0,26
705600,ASH_COATED_OSMIUM,10012,1,sell,10679.0,-75
706200,ASH_COATED_OSMIUM,10010,1,sell,10912.0,-76
706500,INTARIAN_PEPPER_ROOT,11710,6,sell,33272.0,20
706900,ASH_COATED_OSMIUM,10001,4,sell,10548.0,-80
707200,INTARIAN_PEPPER_ROOT,11702,3,buy,33178.5,23
707200,INTARIAN_PEPPER_ROOT,11701,3,buy,33198.0,26
708200,ASH_COATED_OSMIUM,9996,5,buy,10750.5,-75
708200,ASH_COATED_OSMIUM,9995,5,buy,10798.0,-70
709100,ASH_COATED_OSMIUM,10012,1,sell,10876.5,-71
709200,INTARIAN_PEPPER_ROOT,11705,8,buy,33099.0,34
709600,INTARIAN_PEPPER_ROOT,11706,5,buy,33108.5,39
709800,INTARIAN_PEPPER_ROOT,11706,6,buy,33099.5,45
709900,ASH_COATED_OSMIUM,9993,2,buy,11139.0,-69
709900,ASH_COATED_OSMIUM,9992,2,buy,11155.0,-67
710100,INTARIAN_PEPPER_ROOT,11713,5,sell,33542.0,40
710200,ASH_COATED_OSMIUM,10007,2,sell,11238.0,-69
711100,ASH_COATED_OSMIUM,9991,1,buy,11314.0,-68
711100,ASH_COATED_OSMIUM,9990,1,buy,11322.0,-67
712300,ASH_COATED_OSMIUM,10000,4,buy,11503.0,-63
714600,ASH_COATED_OSMIUM,10008,3,sell,11146.0,-66
715900,INTARIAN_PEPPER_ROOT,11712,4,buy,33398.0,44
719200,INTARIAN_PEPPER_ROOT,11714,1,buy,33777.5,45
720000,INTARIAN_PEPPER_ROOT,11723,6,sell,34052.0,39
721400,INTARIAN_PEPPER_ROOT,11716,1,buy,33942.0,40
723200,INTARIAN_PEPPER_ROOT,11726,3,sell,34136.0,37
723600,ASH_COATED_OSMIUM,9995,5,buy,11694.5,-61
724400,ASH_COATED_OSMIUM,10001,9,sell,10931.0,-70
725100,INTARIAN_PEPPER_ROOT,11728,3,sell,34238.0,34
726700,ASH_COATED_OSMIUM,10001,9,sell,10939.0,-79
727200,ASH_COATED_OSMIUM,9992,4,buy,11249.5,-75
727200,ASH_COATED_OSMIUM,9991,4,buy,11287.5,-71
727600,INTARIAN_PEPPER_ROOT,11724,3,buy,33944.5,37
727700,INTARIAN_PEPPER_ROOT,11731,5,sell,34307.0,32
728000,INTARIAN_PEPPER_ROOT,11731,3,sell,34302.5,29
728300,INTARIAN_PEPPER_ROOT,11731,6,sell,34305.0,23
729400,ASH_COATED_OSMIUM,10006,2,sell,11481.0,-73
729500,ASH_COATED_OSMIUM,9992,5,buy,11443.0,-68
729500,ASH_COATED_OSMIUM,9991,5,buy,11483.0,-63
730200,INTARIAN_PEPPER_ROOT,11722,3,buy,34234.0,26
730200,INTARIAN_PEPPER_ROOT,11721,3,buy,34258.0,29
730700,ASH_COATED_OSMIUM,9999,2,buy,11757.5,-61
731900,ASH_COATED_OSMIUM,10007,2,sell,11436.0,-63
732100,INTARIAN_PEPPER_ROOT,11735,3,sell,34471.0,26
732700,INTARIAN_PEPPER_ROOT,11727,3,buy,34427.0,29
732800,ASH_COATED_OSMIUM,10007,1,sell,11443.0,-64
734100,INTARIAN_PEPPER_ROOT,11729,1,buy,34432.0,30
734100,INTARIAN_PEPPER_ROOT,11728,1,buy,34438.0,31
735000,INTARIAN_PEPPER_ROOT,11738,8,sell,34596.5,23
735000,ASH_COATED_OSMIUM,9998,5,buy,11836.5,-59
735600,ASH_COATED_OSMIUM,9999,5,buy,11782.0,-54
736300,ASH_COATED_OSMIUM,9987,5,buy,11743.5,-49
736300,ASH_COATED_OSMIUM,9986,5,buy,11791.0,-44
736400,ASH_COATED_OSMIUM,9998,5,buy,11856.5,-39
736500,INTARIAN_PEPPER_ROOT,11731,2,buy,34538.5,25
736500,INTARIAN_PEPPER_ROOT,11730,2,buy,34551.5,27
737200,ASH_COATED_OSMIUM,9994,10,buy,11924.0,-29
740000,ASH_COATED_OSMIUM,10004,1,sell,11757.0,-30
740200,INTARIAN_PEPPER_ROOT,11743,5,sell,34804.0,22
740200,ASH_COATED_OSMIUM,10004,4,sell,11785.0,-34
740400,INTARIAN_PEPPER_ROOT,11736,3,buy,34510.5,25
740700,INTARIAN_PEPPER_ROOT,11744,5,sell,34803.0,20
741500,ASH_COATED_OSMIUM,10004,1,sell,11792.0,-35
742300,ASH_COATED_OSMIUM,9988,3,buy,11883.0,-32
742300,ASH_COATED_OSMIUM,9987,3,buy,11907.0,-29
743100,ASH_COATED_OSMIUM,9992,9,buy,12074.0,-20
744200,ASH_COATED_OSMIUM,9995,4,buy,12006.0,-16
744400,ASH_COATED_OSMIUM,9991,4,buy,12034.0,-12
745300,ASH_COATED_OSMIUM,9994,5,buy,11997.0,-7
745600,ASH_COATED_OSMIUM,9986,3,buy,11990.0,-4
745600,ASH_COATED_OSMIUM,9985,3,buy,12014.0,-1
746100,ASH_COATED_OSMIUM,9990,4,buy,12009.5,3
746100,ASH_COATED_OSMIUM,9990,2,buy,12004.5,5
746400,INTARIAN_PEPPER_ROOT,11742,6,buy,34668.0,26
747500,ASH_COATED_OSMIUM,10002,1,sell,12049.0,4
747500,ASH_COATED_OSMIUM,10003,1,sell,12057.0,3
747600,INTARIAN_PEPPER_ROOT,11742,2,buy,34887.0,28
747600,INTARIAN_PEPPER_ROOT,11741,2,buy,34900.0,30
748900,INTARIAN_PEPPER_ROOT,11754,1,sell,34950.0,29
748900,INTARIAN_PEPPER_ROOT,11755,1,sell,34956.0,28
749400,ASH_COATED_OSMIUM,9992,10,buy,12009.0,13
750300,INTARIAN_PEPPER_ROOT,11756,3,sell,35014.5,25
750300,INTARIAN_PEPPER_ROOT,11757,3,sell,35034.0,22
751000,INTARIAN_PEPPER_ROOT,11747,6,buy,34929.0,28
752200,INTARIAN_PEPPER_ROOT,11755,4,sell,35265.0,24
753100,ASH_COATED_OSMIUM,9986,2,buy,12075.0,15
753100,ASH_COATED_OSMIUM,9985,2,buy,12091.0,17
754300,INTARIAN_PEPPER_ROOT,11749,1,buy,35174.5,25
754300,INTARIAN_PEPPER_ROOT,11748,1,buy,35181.0,26
754400,ASH_COATED_OSMIUM,9999,15,buy,11937.0,32
754500,ASH_COATED_OSMIUM,9999,11,buy,11806.0,43
754600,ASH_COATED_OSMIUM,9999,13,buy,11745.0,56
754700,ASH_COATED_OSMIUM,9999,13,buy,11641.0,69
754800,ASH_COATED_OSMIUM,9999,11,buy,11553.0,80
755200,INTARIAN_PEPPER_ROOT,11751,6,buy,35058.0,32
757000,INTARIAN_PEPPER_ROOT,11752,2,buy,35292.0,34
757000,INTARIAN_PEPPER_ROOT,11751,2,buy,35304.0,36
757600,INTARIAN_PEPPER_ROOT,11766,1,sell,35383.0,35
757600,INTARIAN_PEPPER_ROOT,11767,1,sell,35391.0,34
758400,INTARIAN_PEPPER_ROOT,11764,1,sell,35330.0,33
758400,INTARIAN_PEPPER_ROOT,11765,1,sell,35338.0,32
759900,ASH_COATED_OSMIUM,10000,3,sell,11734.0,77
759900,ASH_COATED_OSMIUM,10001,3,sell,11758.0,74
760500,INTARIAN_PEPPER_ROOT,11766,1,sell,35455.5,31
760500,INTARIAN_PEPPER_ROOT,11767,1,sell,35462.0,30
760600,INTARIAN_PEPPER_ROOT,11757,3,buy,35307.5,33
761400,INTARIAN_PEPPER_ROOT,11757,4,buy,35264.5,37
761900,ASH_COATED_OSMIUM,10001,4,sell,11790.0,70
761900,ASH_COATED_OSMIUM,10002,4,sell,11826.0,66
763400,ASH_COATED_OSMIUM,9998,4,buy,11806.0,70
763700,INTARIAN_PEPPER_ROOT,11769,1,sell,35549.0,36
763700,INTARIAN_PEPPER_ROOT,11770,1,sell,35557.0,35
764400,ASH_COATED_OSMIUM,9998,4,buy,11786.0,74
767200,INTARIAN_PEPPER_ROOT,11770,3,sell,35901.0,32
767600,ASH_COATED_OSMIUM,9996,6,buy,11808.0,80
769400,INTARIAN_PEPPER_ROOT,11772,5,sell,35955.0,27
770100,INTARIAN_PEPPER_ROOT,11765,3,buy,35907.0,30
772900,INTARIAN_PEPPER_ROOT,11768,2,buy,35962.0,32
772900,INTARIAN_PEPPER_ROOT,11767,2,buy,35974.0,34
775000,INTARIAN_PEPPER_ROOT,11767,1,buy,35997.5,35
775000,INTARIAN_PEPPER_ROOT,11766,1,buy,36005.0,36
775200,INTARIAN_PEPPER_ROOT,11770,3,buy,36152.0,39
775300,ASH_COATED_OSMIUM,10004,10,sell,12858.0,70
775500,ASH_COATED_OSMIUM,10003,7,sell,12861.5,63
776200,ASH_COATED_OSMIUM,10009,2,sell,12529.0,61
776200,ASH_COATED_OSMIUM,10010,2,sell,12545.0,59
778200,INTARIAN_PEPPER_ROOT,11773,3,buy,36227.0,42
778300,ASH_COATED_OSMIUM,9995,2,buy,12559.0,61
778600,ASH_COATED_OSMIUM,10008,3,sell,12519.0,58
778600,ASH_COATED_OSMIUM,10009,3,sell,12543.0,55
779700,INTARIAN_PEPPER_ROOT,11776,8,buy,36047.0,50
780700,INTARIAN_PEPPER_ROOT,11777,5,buy,36089.5,55
781200,ASH_COATED_OSMIUM,10002,9,sell,12736.0,46
783500,INTARIAN_PEPPER_ROOT,11789,3,sell,36650.0,52
783500,INTARIAN_PEPPER_ROOT,11790,3,sell,36663.5,49
784300,ASH_COATED_OSMIUM,10002,4,sell,12724.0,42
785400,INTARIAN_PEPPER_ROOT,11788,6,sell,36872.0,43
785700,INTARIAN_PEPPER_ROOT,11782,6,buy,36454.5,49
786500,ASH_COATED_OSMIUM,10002,9,sell,12713.5,33
787800,ASH_COATED_OSMIUM,9993,1,buy,12539.0,34
788300,ASH_COATED_OSMIUM,9998,4,buy,12319.0,38
790200,INTARIAN_PEPPER_ROOT,11786,3,buy,36672.0,52
790900,INTARIAN_PEPPER_ROOT,11787,5,buy,36719.0,57
791000,INTARIAN_PEPPER_ROOT,11787,5,buy,36714.0,62
791600,INTARIAN_PEPPER_ROOT,11786,2,buy,37066.0,64
792100,ASH_COATED_OSMIUM,9988,4,buy,12490.0,42
793800,ASH_COATED_OSMIUM,9994,7,buy,12196.0,49
795000,INTARIAN_PEPPER_ROOT,11791,5,buy,36965.0,69
795000,INTARIAN_PEPPER_ROOT,11789,9,sell,36956.0,60
795600,INTARIAN_PEPPER_ROOT,11801,2,sell,37297.0,58
795600,INTARIAN_PEPPER_ROOT,11802,2,sell,37310.0,56
795700,INTARIAN_PEPPER_ROOT,11799,7,sell,37579.5,49
796700,ASH_COATED_OSMIUM,9997,3,buy,12256.0,52
797000,ASH_COATED_OSMIUM,10002,1,sell,12393.0,51
797000,ASH_COATED_OSMIUM,10003,1,sell,12401.0,50
797500,ASH_COATED_OSMIUM,9996,4,buy,12127.0,54
799500,ASH_COATED_OSMIUM,9989,1,buy,12458.0,55
799900,INTARIAN_PEPPER_ROOT,11803,3,sell,37771.0,46
802300,ASH_COATED_OSMIUM,9987,3,buy,12427.0,58
802400,INTARIAN_PEPPER_ROOT,11798,7,buy,37419.0,53
805300,ASH_COATED_OSMIUM,9992,6,buy,12093.0,64
805500,ASH_COATED_OSMIUM,9987,4,buy,12409.0,68
805800,INTARIAN_PEPPER_ROOT,11800,2,buy,37880.5,55
805900,ASH_COATED_OSMIUM,9992,8,buy,12045.0,76
807000,INTARIAN_PEPPER_ROOT,11802,2,buy,37973.0,57
807700,INTARIAN_PEPPER_ROOT,11802,3,buy,38018.0,60
807700,ASH_COATED_OSMIUM,9990,4,buy,11881.0,80
808100,INTARIAN_PEPPER_ROOT,11811,7,sell,38334.0,53
810100,INTARIAN_PEPPER_ROOT,11813,6,sell,38428.0,47
810600,INTARIAN_PEPPER_ROOT,11814,7,sell,38441.0,40
815000,INTARIAN_PEPPER_ROOT,11811,3,buy,38218.0,43
815100,INTARIAN_PEPPER_ROOT,11818,8,sell,38632.0,35
816800,INTARIAN_PEPPER_ROOT,11822,3,sell,38478.0,32
816800,INTARIAN_PEPPER_ROOT,11823,3,sell,38502.0,29
817100,INTARIAN_PEPPER_ROOT,11813,5,buy,38410.0,34
818000,INTARIAN_PEPPER_ROOT,11813,3,buy,38629.0,37
820500,INTARIAN_PEPPER_ROOT,11812,3,buy,38687.0,40
820500,INTARIAN_PEPPER_ROOT,11811,3,buy,38711.0,43
821700,ASH_COATED_OSMIUM,10003,3,sell,12622.0,77
821700,ASH_COATED_OSMIUM,10004,3,sell,12646.0,74
823900,ASH_COATED_OSMIUM,9996,5,buy,12251.0,79
823900,INTARIAN_PEPPER_ROOT,11818,3,buy,38921.0,46
824600,ASH_COATED_OSMIUM,9991,1,buy,12011.0,80
829200,INTARIAN_PEPPER_ROOT,11825,8,buy,38855.0,54
829300,INTARIAN_PEPPER_ROOT,11832,6,sell,39464.0,48
829600,INTARIAN_PEPPER_ROOT,11826,8,buy,38996.0,56
830100,INTARIAN_PEPPER_ROOT,11826,5,buy,39019.0,61
830900,INTARIAN_PEPPER_ROOT,11827,5,buy,39042.0,66
832800,INTARIAN_PEPPER_ROOT,11827,1,buy,39509.5,67
834800,INTARIAN_PEPPER_ROOT,11829,2,buy,39654.5,69
834900,INTARIAN_PEPPER_ROOT,11828,10,sell,39589.5,59
835100,ASH_COATED_OSMIUM,10004,1,sell,12619.5,79
835100,ASH_COATED_OSMIUM,10005,1,sell,12629.0,78
835400,ASH_COATED_OSMIUM,9997,2,buy,12346.0,80
836900,INTARIAN_PEPPER_ROOT,11840,5,sell,39995.0,54
839400,INTARIAN_PEPPER_ROOT,11848,1,sell,39975.0,53
839400,INTARIAN_PEPPER_ROOT,11849,1,sell,39983.0,52
842600,ASH_COATED_OSMIUM,10003,1,sell,12673.0,79
842600,ASH_COATED_OSMIUM,10004,1,sell,12681.0,78
842800,ASH_COATED_OSMIUM,9998,2,buy,12437.0,80
846300,INTARIAN_PEPPER_ROOT,11841,1,buy,40274.5,53
846600,INTARIAN_PEPPER_ROOT,11841,2,buy,40285.5,55
847400,INTARIAN_PEPPER_ROOT,11843,5,buy,40033.0,60
849400,INTARIAN_PEPPER_ROOT,11852,5,sell,40743.0,55
850900,ASH_COATED_OSMIUM,10003,2,sell,12691.0,78
850900,ASH_COATED_OSMIUM,10004,2,sell,12707.0,76
851900,INTARIAN_PEPPER_ROOT,11848,4,buy,40324.5,59
852000,ASH_COATED_OSMIUM,9994,4,buy,12355.0,80
854700,INTARIAN_PEPPER_ROOT,11858,5,sell,41084.0,54
856800,INTARIAN_PEPPER_ROOT,11853,5,buy,40644.5,59
857100,INTARIAN_PEPPER_ROOT,11860,5,sell,41254.0,54
859800,INTARIAN_PEPPER_ROOT,11863,4,sell,41383.0,50
862300,INTARIAN_PEPPER_ROOT,11868,2,sell,41294.0,48
862300,INTARIAN_PEPPER_ROOT,11869,2,sell,41307.0,46
864700,ASH_COATED_OSMIUM,10007,3,sell,13056.0,77
864700,ASH_COATED_OSMIUM,10008,3,sell,13080.0,74
865100,INTARIAN_PEPPER_ROOT,11860,2,buy,41456.0,48
865200,ASH_COATED_OSMIUM,10005,2,sell,12946.0,72
865200,ASH_COATED_OSMIUM,10006,2,sell,12962.0,70
865600,INTARIAN_PEPPER_ROOT,11869,4,sell,41294.0,44
866000,INTARIAN_PEPPER_ROOT,11861,3,buy,41507.0,47
866100,ASH_COATED_OSMIUM,9998,3,buy,12633.5,73
867900,INTARIAN_PEPPER_ROOT,11871,6,sell,41803.5,41
868300,ASH_COATED_OSMIUM,10007,2,sell,13015.5,71
868300,ASH_COATED_OSMIUM,10008,2,sell,13034.5,69
869500,INTARIAN_PEPPER_ROOT,11875,3,sell,41697.0,38
869500,INTARIAN_PEPPER_ROOT,11876,3,sell,41716.5,35
869700,INTARIAN_PEPPER_ROOT,11866,3,buy,41537.0,38
870000,INTARIAN_PEPPER_ROOT,11875,3,sell,41761.0,35
870000,INTARIAN_PEPPER_ROOT,11876,3,sell,41779.0,32
870000,ASH_COATED_OSMIUM,9999,4,buy,12886.5,73
870200,INTARIAN_PEPPER_ROOT,11873,7,sell,41925.0,25
870300,INTARIAN_PEPPER_ROOT,11865,3,buy,41829.0,28
870300,INTARIAN_PEPPER_ROOT,11864,3,buy,41848.5,31
870700,INTARIAN_PEPPER_ROOT,11876,3,sell,41865.0,28
870700,INTARIAN_PEPPER_ROOT,11877,3,sell,41884.5,25
873900,ASH_COATED_OSMIUM,9993,2,buy,13156.0,75
874600,INTARIAN_PEPPER_ROOT,11871,4,buy,41853.5,29
874900,ASH_COATED_OSMIUM,9993,1,buy,13163.0,76
875100,ASH_COATED_OSMIUM,10001,4,sell,13491.0,72
875800,ASH_COATED_OSMIUM,9993,2,buy,13181.0,74
875900,ASH_COATED_OSMIUM,9993,1,buy,13188.0,75
877300,ASH_COATED_OSMIUM,10000,4,sell,13649.5,71
879300,INTARIAN_PEPPER_ROOT,11882,3,sell,42268.0,26
881400,INTARIAN_PEPPER_ROOT,11876,3,buy,42263.0,29
881500,INTARIAN_PEPPER_ROOT,11887,2,sell,42190.0,27
881500,INTARIAN_PEPPER_ROOT,11888,2,sell,42206.0,25
881900,ASH_COATED_OSMIUM,10011,5,sell,13408.0,66
881900,ASH_COATED_OSMIUM,10012,5,sell,13455.5,61
883100,ASH_COATED_OSMIUM,10009,1,sell,13432.0,60
883100,ASH_COATED_OSMIUM,10010,1,sell,13440.0,59
884800,ASH_COATED_OSMIUM,10009,4,sell,13468.0,55
884800,ASH_COATED_OSMIUM,10010,4,sell,13500.0,51
885700,ASH_COATED_OSMIUM,10000,2,sell,13643.0,49
886200,INTARIAN_PEPPER_ROOT,11892,3,sell,42385.0,22
886200,INTARIAN_PEPPER_ROOT,11893,3,sell,42404.5,19
888100,ASH_COATED_OSMIUM,9992,3,buy,13422.0,52
888200,ASH_COATED_OSMIUM,9995,2,buy,13540.0,54
888600,ASH_COATED_OSMIUM,10009,1,sell,13547.0,53
888600,ASH_COATED_OSMIUM,10010,1,sell,13555.0,52
888900,INTARIAN_PEPPER_ROOT,11885,3,buy,42343.0,22
889200,INTARIAN_PEPPER_ROOT,11892,4,sell,42566.0,18
891300,ASH_COATED_OSMIUM,10002,1,sell,13351.0,51
891300,ASH_COATED_OSMIUM,10003,1,sell,13356.0,50
893300,INTARIAN_PEPPER_ROOT,11896,5,sell,42628.0,13
895300,ASH_COATED_OSMIUM,10002,5,sell,13713.5,45
896500,INTARIAN_PEPPER_ROOT,11900,3,sell,42669.0,10
896700,ASH_COATED_OSMIUM,9994,1,buy,13518.0,46
896900,ASH_COATED_OSMIUM,10010,5,sell,13583.5,41
896900,ASH_COATED_OSMIUM,10011,5,sell,13631.0,36
897900,INTARIAN_PEPPER_ROOT,11901,5,sell,42671.5,5
898000,ASH_COATED_OSMIUM,10008,5,sell,13648.0,31
898000,ASH_COATED_OSMIUM,10009,5,sell,13688.0,26
898800,ASH_COATED_OSMIUM,10007,2,sell,13676.0,24
898800,ASH_COATED_OSMIUM,10008,2,sell,13692.0,22
899100,ASH_COATED_OSMIUM,9993,4,buy,13759.0,26
899600,ASH_COATED_OSMIUM,10007,2,sell,13710.0,24
899600,ASH_COATED_OSMIUM,10008,2,sell,13728.0,22
901200,INTARIAN_PEPPER_ROOT,11904,4,sell,42681.0,1
901700,ASH_COATED_OSMIUM,9996,6,buy,13592.0,28
902300,ASH_COATED_OSMIUM,9995,5,buy,13551.5,33
902700,ASH_COATED_OSMIUM,9988,2,buy,13700.5,35
904100,ASH_COATED_OSMIUM,9992,1,buy,13795.0,36
904700,INTARIAN_PEPPER_ROOT,11901,6,buy,42665.5,7
904700,ASH_COATED_OSMIUM,10004,3,sell,13744.0,33
904700,ASH_COATED_OSMIUM,10005,3,sell,13768.0,30
905100,INTARIAN_PEPPER_ROOT,11911,3,sell,42724.0,4
905100,INTARIAN_PEPPER_ROOT,11912,3,sell,42743.5,1
907700,ASH_COATED_OSMIUM,10006,2,sell,13842.0,28
907700,ASH_COATED_OSMIUM,10007,2,sell,13858.0,26
909300,INTARIAN_PEPPER_ROOT,11912,4,sell,42739.5,-3
909800,ASH_COATED_OSMIUM,10000,6,sell,13974.0,20
911300,ASH_COATED_OSMIUM,9991,3,buy,13865.0,23
911500,ASH_COATED_OSMIUM,9998,4,buy,13703.0,27
912300,ASH_COATED_OSMIUM,9999,5,buy,13732.0,32
912400,INTARIAN_PEPPER_ROOT,11907,3,buy,42765.0,0
912400,INTARIAN_PEPPER_ROOT,11906,3,buy,42784.5,3
912500,ASH_COATED_OSMIUM,10006,2,sell,13876.0,30
912500,ASH_COATED_OSMIUM,10007,2,sell,13894.0,28
913000,ASH_COATED_OSMIUM,9995,7,buy,13705.0,35
913600,INTARIAN_PEPPER_ROOT,11910,6,buy,42763.5,9
913800,ASH_COATED_OSMIUM,9997,2,buy,13695.0,37
914200,ASH_COATED_OSMIUM,9994,7,buy,13593.0,44
914500,ASH_COATED_OSMIUM,9987,5,buy,13877.5,49
914700,ASH_COATED_OSMIUM,10005,2,sell,14014.0,47
914700,ASH_COATED_OSMIUM,10006,2,sell,14030.0,45
915400,INTARIAN_PEPPER_ROOT,11911,6,buy,42771.0,15
915600,ASH_COATED_OSMIUM,9991,2,buy,14044.0,47
916100,ASH_COATED_OSMIUM,10000,4,sell,14288.5,43
917100,ASH_COATED_OSMIUM,9991,3,buy,14073.0,46
918300,INTARIAN_PEPPER_ROOT,11921,3,sell,42960.0,12
918500,ASH_COATED_OSMIUM,9999,5,buy,13889.5,51
918800,INTARIAN_PEPPER_ROOT,11915,3,buy,42841.5,15
918900,INTARIAN_PEPPER_ROOT,11924,1,sell,42922.0,14
918900,INTARIAN_PEPPER_ROOT,11925,1,sell,42928.5,13
919000,ASH_COATED_OSMIUM,10004,1,sell,13974.0,50
919000,ASH_COATED_OSMIUM,10005,1,sell,13983.0,49
919200,ASH_COATED_OSMIUM,9998,5,buy,13838.0,54
920000,ASH_COATED_OSMIUM,10005,2,sell,14095.0,52
920000,ASH_COATED_OSMIUM,10006,2,sell,14111.0,50
921500,ASH_COATED_OSMIUM,9990,2,buy,14075.0,52
922500,ASH_COATED_OSMIUM,9989,2,buy,14091.0,54
922600,ASH_COATED_OSMIUM,10007,1,sell,14207.0,53
922600,ASH_COATED_OSMIUM,10008,1,sell,14216.0,52
923500,ASH_COATED_OSMIUM,9998,2,buy,13921.0,54
923900,ASH_COATED_OSMIUM,9999,4,buy,13928.0,58
925200,ASH_COATED_OSMIUM,9990,1,buy,14168.0,59
926600,ASH_COATED_OSMIUM,9999,3,buy,13855.0,62
928500,INTARIAN_PEPPER_ROOT,11934,1,sell,43046.0,12
928500,INTARIAN_PEPPER_ROOT,11935,1,sell,43054.0,11
929100,INTARIAN_PEPPER_ROOT,11932,5,sell,43121.0,6
929800,ASH_COATED_OSMIUM,10003,1,sell,14048.0,61
929800,ASH_COATED_OSMIUM,10004,1,sell,14056.0,60
930700,ASH_COATED_OSMIUM,9995,4,buy,13804.0,64
931700,ASH_COATED_OSMIUM,9999,2,buy,13955.0,66
932400,INTARIAN_PEPPER_ROOT,11935,8,sell,43120.0,-2
933200,INTARIAN_PEPPER_ROOT,11925,1,buy,43138.5,-1
933200,INTARIAN_PEPPER_ROOT,11924,1,buy,43148.0,0
933500,ASH_COATED_OSMIUM,10000,4,sell,14504.0,62
934300,ASH_COATED_OSMIUM,9991,3,buy,14215.0,65
935200,ASH_COATED_OSMIUM,10004,1,sell,14157.0,64
935200,ASH_COATED_OSMIUM,10005,1,sell,14165.0,63
935700,INTARIAN_PEPPER_ROOT,11932,5,buy,43140.5,5
936100,ASH_COATED_OSMIUM,9999,3,buy,13994.0,66
936300,ASH_COATED_OSMIUM,9995,8,buy,13805.0,74
936400,ASH_COATED_OSMIUM,9988,1,buy,14146.5,75
936400,ASH_COATED_OSMIUM,10005,3,sell,14172.0,72
936400,ASH_COATED_OSMIUM,10006,3,sell,14200.5,69
936700,ASH_COATED_OSMIUM,9999,5,buy,13929.0,74
937900,ASH_COATED_OSMIUM,10005,1,sell,14306.0,73
937900,ASH_COATED_OSMIUM,10006,1,sell,14314.0,72
938200,INTARIAN_PEPPER_ROOT,11934,3,buy,43150.0,8
939300,ASH_COATED_OSMIUM,10005,1,sell,14214.5,71
939300,ASH_COATED_OSMIUM,10006,1,sell,14224.0,70
939400,ASH_COATED_OSMIUM,10007,1,sell,14407.0,69
939400,ASH_COATED_OSMIUM,10008,1,sell,14416.0,68
939800,INTARIAN_PEPPER_ROOT,11936,8,buy,43150.0,16
939900,ASH_COATED_OSMIUM,9991,2,buy,14432.0,70
940300,ASH_COATED_OSMIUM,9991,3,buy,14383.0,73
940900,ASH_COATED_OSMIUM,9992,2,buy,14470.0,75
941600,INTARIAN_PEPPER_ROOT,11936,2,buy,43273.0,18
941600,INTARIAN_PEPPER_ROOT,11935,2,buy,43286.0,20
943100,ASH_COATED_OSMIUM,9998,5,buy,14155.0,80
943700,ASH_COATED_OSMIUM,10001,8,sell,14887.0,72
944100,INTARIAN_PEPPER_ROOT,11950,1,sell,43351.5,19
944100,INTARIAN_PEPPER_ROOT,11951,1,sell,43358.0,18
944400,INTARIAN_PEPPER_ROOT,11953,3,sell,43406.0,15
944400,INTARIAN_PEPPER_ROOT,11954,3,sell,43430.0,12
945800,INTARIAN_PEPPER_ROOT,11949,3,sell,43479.5,9
947600,INTARIAN_PEPPER_ROOT,11942,3,buy,43469.0,12
947600,INTARIAN_PEPPER_ROOT,11941,3,buy,43488.5,15
948900,ASH_COATED_OSMIUM,9995,2,buy,14795.0,74
949100,ASH_COATED_OSMIUM,10001,4,sell,14997.0,70
949200,ASH_COATED_OSMIUM,10001,2,sell,15021.0,68
949400,INTARIAN_PEPPER_ROOT,11945,6,buy,43430.0,21
950800,ASH_COATED_OSMIUM,10001,2,sell,14977.0,66
951500,ASH_COATED_OSMIUM,9996,3,buy,14869.0,69
951800,INTARIAN_PEPPER_ROOT,11960,3,sell,43640.0,18
951800,INTARIAN_PEPPER_ROOT,11961,3,sell,43664.0,15
952000,ASH_COATED_OSMIUM,9995,3,buy,14824.0,72
952100,INTARIAN_PEPPER_ROOT,11947,2,buy,43667.5,17
952100,INTARIAN_PEPPER_ROOT,11946,2,buy,43680.5,19
952900,ASH_COATED_OSMIUM,9993,2,buy,14733.0,74
954500,ASH_COATED_OSMIUM,9995,1,buy,14852.0,75
954800,ASH_COATED_OSMIUM,9995,1,buy,14784.0,76
954800,ASH_COATED_OSMIUM,10009,2,sell,14798.0,74
954800,ASH_COATED_OSMIUM,10010,2,sell,14814.0,72
955200,ASH_COATED_OSMIUM,10009,3,sell,14835.0,69
955200,ASH_COATED_OSMIUM,10010,3,sell,14859.0,66
955300,ASH_COATED_OSMIUM,9996,3,buy,14946.0,69
956100,INTARIAN_PEPPER_ROOT,11952,7,buy,43645.0,26
956400,ASH_COATED_OSMIUM,10000,2,sell,15107.5,67
958000,INTARIAN_PEPPER_ROOT,11963,1,sell,43832.0,25
958000,INTARIAN_PEPPER_ROOT,11964,1,sell,43838.0,24
958200,INTARIAN_PEPPER_ROOT,11961,7,sell,43944.0,17
962100,ASH_COATED_OSMIUM,10014,2,sell,15222.0,65
962100,ASH_COATED_OSMIUM,10015,2,sell,15238.0,63
963100,INTARIAN_PEPPER_ROOT,11966,5,sell,44019.0,12
963600,ASH_COATED_OSMIUM,10003,4,sell,15369.5,59
964200,ASH_COATED_OSMIUM,10006,7,sell,15319.0,52
964700,ASH_COATED_OSMIUM,10002,3,sell,15224.5,49
968200,INTARIAN_PEPPER_ROOT,11963,3,buy,44041.5,15
968200,INTARIAN_PEPPER_ROOT,11962,3,buy,44061.0,18
968200,ASH_COATED_OSMIUM,9995,1,buy,15012.0,50
968700,ASH_COATED_OSMIUM,9995,3,buy,14983.0,53
969300,ASH_COATED_OSMIUM,9996,1,buy,15043.0,54
969700,ASH_COATED_OSMIUM,10000,5,sell,15150.5,49
970500,ASH_COATED_OSMIUM,10000,3,sell,15134.0,46
972800,ASH_COATED_OSMIUM,10003,5,sell,15162.5,41
973300,ASH_COATED_OSMIUM,9995,1,buy,14985.0,42
975500,INTARIAN_PEPPER_ROOT,11979,6,sell,44268.0,12
976100,INTARIAN_PEPPER_ROOT,11971,1,buy,44225.5,13
976100,INTARIAN_PEPPER_ROOT,11970,1,buy,44232.0,14
976700,INTARIAN_PEPPER_ROOT,11971,3,buy,44248.5,17
976700,INTARIAN_PEPPER_ROOT,11970,3,buy,44268.0,20
978700,INTARIAN_PEPPER_ROOT,11975,8,buy,44154.0,28
981900,ASH_COATED_OSMIUM,10003,4,sell,15236.0,38
983700,INTARIAN_PEPPER_ROOT,11980,7,buy,44325.5,35
983900,ASH_COATED_OSMIUM,10011,3,sell,15086.0,35
983900,ASH_COATED_OSMIUM,10012,3,sell,15110.0,32
984100,ASH_COATED_OSMIUM,10006,9,sell,15277.5,23
984200,ASH_COATED_OSMIUM,9997,1,buy,15135.0,24
984300,INTARIAN_PEPPER_ROOT,11987,3,sell,44735.0,32
984400,INTARIAN_PEPPER_ROOT,11990,1,sell,44502.0,31
984400,INTARIAN_PEPPER_ROOT,11991,1,sell,44510.0,30
985200,INTARIAN_PEPPER_ROOT,11991,2,sell,44596.0,28
985200,INTARIAN_PEPPER_ROOT,11992,2,sell,44609.0,26
986900,INTARIAN_PEPPER_ROOT,11983,8,buy,44493.0,34
987100,ASH_COATED_OSMIUM,9997,3,buy,15156.0,27
988100,ASH_COATED_OSMIUM,10010,4,sell,15157.0,23
988100,ASH_COATED_OSMIUM,10011,4,sell,15189.0,19
989500,ASH_COATED_OSMIUM,10000,2,sell,15217.0,17
990300,INTARIAN_PEPPER_ROOT,11993,3,sell,44946.0,31
991300,INTARIAN_PEPPER_ROOT,11986,3,buy,44854.0,34
991300,INTARIAN_PEPPER_ROOT,11985,3,buy,44873.5,37
991500,INTARIAN_PEPPER_ROOT,12000,3,sell,44950.0,34
991500,INTARIAN_PEPPER_ROOT,12001,3,sell,44974.0,31
991700,ASH_COATED_OSMIUM,9999,7,buy,15043.0,24
991900,INTARIAN_PEPPER_ROOT,11995,6,sell,45073.5,25
993200,ASH_COATED_OSMIUM,9999,10,buy,15013.0,34
994100,ASH_COATED_OSMIUM,9994,5,buy,15218.0,39
995200,INTARIAN_PEPPER_ROOT,11990,2,buy,45059.5,27
995200,INTARIAN_PEPPER_ROOT,11989,2,buy,45072.5,29
995400,ASH_COATED_OSMIUM,10003,4,sell,15418.5,35
995800,ASH_COATED_OSMIUM,9994,3,buy,15247.0,38
997100,ASH_COATED_OSMIUM,10008,3,sell,15268.0,35
997100,ASH_COATED_OSMIUM,10009,3,sell,15292.0,32
997800,ASH_COATED_OSMIUM,9995,2,buy,15338.0,34
998100,ASH_COATED_OSMIUM,10000,5,sell,15415.0,29
998300,INTARIAN_PEPPER_ROOT,12004,3,sell,45176.0,26
998300,INTARIAN_PEPPER_ROOT,12005,3,sell,45195.5,23
