session_id,day,total_pnl,ash_coated_osmium_pnl,intarian_pepper_root_pnl,total_slope_per_step,total_r2,ash_coated_osmium_slope_per_step,ash_coated_osmium_r2,intarian_pepper_root_slope_per_step,intarian_pepper_root_r2
0,-2,83936.0,0.0,83936.0,8.48889422644699,0.3479565409591666,0.0,0.0,8.48889422644699,0.3479565409591666
1,-1,84300.0,0.0,84300.0,8.788645900723406,0.23817055886860572,0.0,0.0,8.788645900723406,0.23817055886860572
2,0,83070.85714285704,0.0,83070.85714285704,8.648982625687832,0.23239445462294617,0.0,0.0,8.648982625687832,0.23239445462294617
3,-2,84793.28571428568,0.0,84793.28571428568,8.380749455164132,0.34220249262891805,0.0,0.0,8.380749455164132,0.34220249262891805
4,-1,83318.85714285704,0.0,83318.85714285704,8.536837612299689,0.29868808640961636,0.0,0.0,8.536837612299689,0.29868808640961636
5,0,84472.85714285704,0.0,84472.85714285704,8.597784298833458,0.301534718059241,0.0,0.0,8.597784298833458,0.301534718059241
6,-2,84564.28571428568,0.0,84564.28571428568,8.712986689047415,0.23496910738202328,0.0,0.0,8.712986689047415,0.23496910738202328
7,-1,83323.0,0.0,83323.0,8.5245131342266,0.298074604181018,0.0,0.0,8.5245131342266,0.298074604181018
8,0,84381.85714285704,0.0,84381.85714285704,8.550129121000488,0.35124929162950375,0.0,0.0,8.550129121000488,0.35124929162950375
9,-2,83437.28571428568,0.0,83437.28571428568,8.39199668937498,0.34278066817149055,0.0,0.0,8.39199668937498,0.34278066817149055
10,-1,85848.85714285704,0.0,85848.85714285704,8.996110838205507,0.24673213384202236,0.0,0.0,8.996110838205507,0.24673213384202236
11,0,84124.0,0.0,84124.0,8.780692231082428,0.2378043280709921,0.0,0.0,8.780692231082428,0.2378043280709921
12,-2,83754.0,0.0,83754.0,8.4501769249672,0.3458462290390648,0.0,0.0,8.4501769249672,0.3458462290390648
13,-1,83183.0,0.0,83183.0,8.396020374334498,0.2917193487715189,0.0,0.0,8.396020374334498,0.2917193487715189
14,0,82953.28571428568,0.0,82953.28571428568,8.43372979141217,0.344996163096992,0.0,0.0,8.43372979141217,0.344996163096992
15,-2,84015.0,0.0,84015.0,8.699724360343184,0.23445069842488944,0.0,0.0,8.699724360343184,0.23445069842488944
16,-1,84979.28571428568,0.0,84979.28571428568,8.756541920561748,0.30940178433493465,0.0,0.0,8.756541920561748,0.30940178433493465
17,0,84854.28571428568,0.0,84854.28571428568,8.606852474618908,0.3020626527111405,0.0,0.0,8.606852474618908,0.3020626527111405
18,-2,84761.85714285704,0.0,84761.85714285704,8.804484229399856,0.23884504771460222,0.0,0.0,8.804484229399856,0.23884504771460222
19,-1,83624.85714285704,0.0,83624.85714285704,8.496169427951477,0.2965880320777289,0.0,0.0,8.496169427951477,0.2965880320777289
20,0,82856.0,0.0,82856.0,8.384606517589546,0.29116544376128073,0.0,0.0,8.384606517589546,0.29116544376128073
21,-2,82942.28571428568,0.0,82942.28571428568,8.561083533711752,0.22876152729286559,0.0,0.0,8.561083533711752,0.22876152729286559
22,-1,84463.85714285704,0.0,84463.85714285704,8.438976965202071,0.29377606299328074,0.0,0.0,8.438976965202071,0.29377606299328074
23,0,83548.28571428568,0.0,83548.28571428568,8.707355952137899,0.2348145875059301,0.0,0.0,8.707355952137899,0.2348145875059301
24,-2,85447.28571428568,0.0,85447.28571428568,8.628042373026874,0.35534570223434153,0.0,0.0,8.628042373026874,0.35534570223434153
25,-1,84006.85714285704,0.0,84006.85714285704,8.39129766148119,0.3427010596076184,0.0,0.0,8.39129766148119,0.3427010596076184
26,0,83177.28571428568,0.0,83177.28571428568,8.356637338677048,0.28978980717950925,0.0,0.0,8.356637338677048,0.28978980717950925
27,-2,83367.28571428568,0.0,83367.28571428568,8.398944578965532,0.34314748454984306,0.0,0.0,8.398944578965532,0.34314748454984306
28,-1,83505.85714285704,0.0,83505.85714285704,8.444239529197764,0.2941144050102907,0.0,0.0,8.444239529197764,0.2941144050102907
29,0,84012.0,0.0,84012.0,8.628036289337235,0.3031151466104564,0.0,0.0,8.628036289337235,0.3031151466104564
30,-2,85720.0,0.0,85720.0,8.786452245058655,0.31082101727675465,0.0,0.0,8.786452245058655,0.31082101727675465
31,-1,82622.0,0.0,82622.0,8.357767633587379,0.2897761199496077,0.0,0.0,8.357767633587379,0.2897761199496077
32,0,81483.85714285704,0.0,81483.85714285704,8.260507753326385,0.28504623589105876,0.0,0.0,8.260507753326385,0.28504623589105876
33,-2,81618.85714285704,0.0,81618.85714285704,8.512075607378726,0.22672412787024798,0.0,0.0,8.512075607378726,0.22672412787024798
34,-1,82364.28571428568,0.0,82364.28571428568,8.425930506986203,0.2931860017965368,0.0,0.0,8.425930506986203,0.2931860017965368
35,0,84769.28571428568,0.0,84769.28571428568,8.664344428386904,0.30488972740143105,0.0,0.0,8.664344428386904,0.30488972740143105
36,-2,83932.85714285704,0.0,83932.85714285704,8.826672381088107,0.23971229928680965,0.0,0.0,8.826672381088107,0.23971229928680965
37,-1,82085.28571428568,0.0,82085.28571428568,8.274275998699876,0.3364334259224684,0.0,0.0,8.274275998699876,0.3364334259224684
38,0,87580.85714285704,0.0,87580.85714285704,8.928251411625215,0.31773003207192557,0.0,0.0,8.928251411625215,0.31773003207192557
39,-2,83811.0,0.0,83811.0,8.487664419928754,0.2962269861571124,0.0,0.0,8.487664419928754,0.2962269861571124
40,-1,84010.28571428568,0.0,84010.28571428568,8.547841253110947,0.29916706456053865,0.0,0.0,8.547841253110947,0.29916706456053865
41,0,82503.0,0.0,82503.0,8.561539605687244,0.2287778920316259,0.0,0.0,8.561539605687244,0.2287778920316259
42,-2,82641.0,0.0,82641.0,8.35588027909162,0.289736742228434,0.0,0.0,8.35588027909162,0.289736742228434
43,-1,83082.28571428568,0.0,83082.28571428568,8.439081399611858,0.2938089068643357,0.0,0.0,8.439081399611858,0.2938089068643357
44,0,84654.28571428568,0.0,84654.28571428568,8.75309338981792,0.23669799218886045,0.0,0.0,8.75309338981792,0.23669799218886045
45,-2,85053.28571428568,0.0,85053.28571428568,8.585596835144443,0.30104143142562667,0.0,0.0,8.585596835144443,0.30104143142562667
46,-1,84018.0,0.0,84018.0,8.415634567408924,0.29268047013700116,0.0,0.0,8.415634567408924,0.29268047013700116
47,0,83012.28571428568,0.0,83012.28571428568,8.437179841939301,0.34518816709674116,0.0,0.0,8.437179841939301,0.34518816709674116
48,-2,81971.0,0.0,81971.0,8.517974041072206,0.2269780601151997,0.0,0.0,8.517974041072206,0.2269780601151997
49,-1,82695.85714285704,0.0,82695.85714285704,8.619993452773826,0.2312226159237507,0.0,0.0,8.619993452773826,0.2312226159237507
50,0,86882.28571428568,0.0,86882.28571428568,8.907932619748319,0.3167313919384204,0.0,0.0,8.907932619748319,0.3167313919384204
51,-2,83888.85714285704,0.0,83888.85714285704,8.648215419251867,0.23232594608418014,0.0,0.0,8.648215419251867,0.23232594608418014
52,-1,83017.85714285704,0.0,83017.85714285704,8.37656506023269,0.2907442108713064,0.0,0.0,8.37656506023269,0.2907442108713064
53,0,85445.85714285704,0.0,85445.85714285704,8.596421658862665,0.3536897279649546,0.0,0.0,8.596421658862665,0.3536897279649546
54,-2,84754.0,0.0,84754.0,8.516512677364913,0.3494444765890858,0.0,0.0,8.516512677364913,0.3494444765890858
55,-1,82912.85714285704,0.0,82912.85714285704,8.426757861694293,0.34462393726777113,0.0,0.0,8.426757861694293,0.34462393726777113
56,0,84499.0,0.0,84499.0,8.501889347081057,0.2969219150384126,0.0,0.0,8.501889347081057,0.2969219150384126
57,-2,83501.85714285704,0.0,83501.85714285704,8.677546408236392,0.23360659880749912,0.0,0.0,8.677546408236392,0.23360659880749912
58,-1,83043.85714285704,0.0,83043.85714285704,8.57773660050321,0.2294723504916706,0.0,0.0,8.57773660050321,0.2294723504916706
59,0,84379.85714285704,0.0,84379.85714285704,8.396864597249207,0.3430592514581896,0.0,0.0,8.396864597249207,0.3430592514581896
60,-2,85252.85714285704,0.0,85252.85714285704,8.779949766661906,0.23778541042803716,0.0,0.0,8.779949766661906,0.23778541042803716
61,-1,84457.85714285704,0.0,84457.85714285704,8.502199353766931,0.2969107225830425,0.0,0.0,8.502199353766931,0.2969107225830425
62,0,84722.28571428568,0.0,84722.28571428568,8.694537659248825,0.2342271712711727,0.0,0.0,8.694537659248825,0.2342271712711727
63,-2,85369.0,0.0,85369.0,8.697978723307806,0.23435310000321652,0.0,0.0,8.697978723307806,0.23435310000321652
64,-1,81057.85714285704,0.0,81057.85714285704,8.443231932636243,0.22389830975963257,0.0,0.0,8.443231932636243,0.22389830975963257
65,0,85879.85714285704,0.0,85879.85714285704,8.653919238417242,0.3043920799343253,0.0,0.0,8.653919238417242,0.3043920799343253
66,-2,84740.0,0.0,84740.0,8.76273500452885,0.23709205604454894,0.0,0.0,8.76273500452885,0.23709205604454894
67,-1,83558.28571428568,0.0,83558.28571428568,8.455402403458505,0.34612496293719297,0.0,0.0,8.455402403458505,0.34612496293719297
68,0,83084.0,0.0,83084.0,8.670334797595183,0.23325618068811177,0.0,0.0,8.670334797595183,0.23325618068811177
69,-2,84921.0,0.0,84921.0,8.49602278589451,0.3483508545829388,0.0,0.0,8.49602278589451,0.3483508545829388
70,-1,84117.0,0.0,84117.0,8.416201505467216,0.3440506971238922,0.0,0.0,8.416201505467216,0.3440506971238922
71,0,84265.0,0.0,84265.0,8.809001488736113,0.23900736674723977,0.0,0.0,8.809001488736113,0.23900736674723977
72,-2,84662.28571428568,0.0,84662.28571428568,8.735795468150735,0.23601662708929508,0.0,0.0,8.735795468150735,0.23601662708929508
73,-1,86614.85714285704,0.0,86614.85714285704,9.044545190880939,0.24873109681040823,0.0,0.0,9.044545190880939,0.24873109681040823
74,0,83210.85714285704,0.0,83210.85714285704,8.632578441845734,0.23170436228271615,0.0,0.0,8.632578441845734,0.23170436228271615
75,-2,81372.28571428568,0.0,81372.28571428568,8.485302440039934,0.2256459690768522,0.0,0.0,8.485302440039934,0.2256459690768522
76,-1,82300.28571428568,0.0,82300.28571428568,8.376366591753062,0.3418768989755769,0.0,0.0,8.376366591753062,0.3418768989755769
77,0,84228.85714285704,0.0,84228.85714285704,8.752005360540693,0.23664394323524238,0.0,0.0,8.752005360540693,0.23664394323524238
78,-2,84919.0,0.0,84919.0,8.488699231655582,0.3479521389604825,0.0,0.0,8.488699231655582,0.3479521389604825
79,-1,81114.0,0.0,81114.0,8.400121035977339,0.22215879289735851,0.0,0.0,8.400121035977339,0.22215879289735851
80,0,83771.85714285704,0.0,83771.85714285704,8.47416113896794,0.3471252860194403,0.0,0.0,8.47416113896794,0.3471252860194403
81,-2,83277.28571428568,0.0,83277.28571428568,8.695542574165996,0.2342866196390268,0.0,0.0,8.695542574165996,0.2342866196390268
82,-1,86037.85714285704,0.0,86037.85714285704,8.610757935586632,0.30224755942132003,0.0,0.0,8.610757935586632,0.30224755942132003
83,0,83722.85714285704,0.0,83722.85714285704,8.737949482509688,0.23604097505002478,0.0,0.0,8.737949482509688,0.23604097505002478
84,-2,82930.85714285704,0.0,82930.85714285704,8.593996529360009,0.23015133298760063,0.0,0.0,8.593996529360009,0.23015133298760063
85,-1,83825.0,0.0,83825.0,8.671031655640096,0.23329799246321725,0.0,0.0,8.671031655640096,0.23329799246321725
86,0,84317.0,0.0,84317.0,8.763103500687176,0.23712247039988713,0.0,0.0,8.763103500687176,0.23712247039988713
87,-2,84138.28571428568,0.0,84138.28571428568,8.507711069458527,0.3489794852162897,0.0,0.0,8.507711069458527,0.3489794852162897
88,-1,83463.28571428568,0.0,83463.28571428568,8.461072838396348,0.29492154866275044,0.0,0.0,8.461072838396348,0.29492154866275044
89,0,84845.85714285704,0.0,84845.85714285704,8.450056204120045,0.34583741642072485,0.0,0.0,8.450056204120045,0.34583741642072485
90,-2,83427.28571428568,0.0,83427.28571428568,8.42134192472779,0.29295039587483573,0.0,0.0,8.42134192472779,0.29295039587483573
91,-1,82856.28571428568,0.0,82856.28571428568,8.62032478075368,0.23118748213645005,0.0,0.0,8.62032478075368,0.23118748213645005
92,0,83525.85714285704,0.0,83525.85714285704,8.60275757010535,0.2305117971470113,0.0,0.0,8.60275757010535,0.2305117971470113
93,-2,83633.28571428568,0.0,83633.28571428568,8.658982756818075,0.2327829478221369,0.0,0.0,8.658982756818075,0.2327829478221369
94,-1,84186.85714285704,0.0,84186.85714285704,8.403978766955674,0.3434043761896618,0.0,0.0,8.403978766955674,0.3434043761896618
95,0,83522.85714285704,0.0,83522.85714285704,8.496245948930127,0.3482913648282708,0.0,0.0,8.496245948930127,0.3482913648282708
96,-2,80467.0,0.0,80467.0,8.162453783446873,0.33039275971153265,0.0,0.0,8.162453783446873,0.33039275971153265
97,-1,87791.85714285704,0.0,87791.85714285704,8.985940059857978,0.3205576982523827,0.0,0.0,8.985940059857978,0.3205576982523827
98,0,83788.0,0.0,83788.0,8.66862883040525,0.23320284597941254,0.0,0.0,8.66862883040525,0.23320284597941254
99,-2,84420.85714285704,0.0,84420.85714285704,8.803914592706088,0.23878819681445984,0.0,0.0,8.803914592706088,0.23878819681445984
100,-1,84147.28571428568,0.0,84147.28571428568,8.83418910261335,0.2400447930056131,0.0,0.0,8.83418910261335,0.2400447930056131
101,0,82873.28571428568,0.0,82873.28571428568,8.673565695793226,0.23341415202728516,0.0,0.0,8.673565695793226,0.23341415202728516
102,-2,85277.85714285704,0.0,85277.85714285704,8.714502832028996,0.3073032690699213,0.0,0.0,8.714502832028996,0.3073032690699213
103,-1,83014.28571428568,0.0,83014.28571428568,8.351800305519019,0.3406127594700972,0.0,0.0,8.351800305519019,0.3406127594700972
104,0,81875.0,0.0,81875.0,8.53515435046963,0.22770324276949244,0.0,0.0,8.53515435046963,0.22770324276949244
105,-2,82951.0,0.0,82951.0,8.435222478468091,0.29362818039166305,0.0,0.0,8.435222478468091,0.29362818039166305
106,-1,85788.85714285704,0.0,85788.85714285704,8.818808898130227,0.23941955217807206,0.0,0.0,8.818808898130227,0.23941955217807206
107,0,86196.28571428568,0.0,86196.28571428568,8.681798035318499,0.3057331007134902,0.0,0.0,8.681798035318499,0.3057331007134902
108,-2,83586.28571428568,0.0,83586.28571428568,8.555770223851797,0.2995835403936793,0.0,0.0,8.555770223851797,0.2995835403936793
109,-1,85219.85714285704,0.0,85219.85714285704,8.681205052511793,0.3582142635842477,0.0,0.0,8.681205052511793,0.3582142635842477
110,0,82780.0,0.0,82780.0,8.383352509833225,0.3423251279607629,0.0,0.0,8.383352509833225,0.3423251279607629
111,-2,83570.28571428568,0.0,83570.28571428568,8.748457916582447,0.23647286324798084,0.0,0.0,8.748457916582447,0.23647286324798084
112,-1,81593.0,0.0,81593.0,8.44070452876295,0.2237804095342227,0.0,0.0,8.44070452876295,0.2237804095342227
113,0,83207.85714285704,0.0,83207.85714285704,8.60751829527058,0.23069938487917643,0.0,0.0,8.60751829527058,0.23069938487917643
114,-2,84076.85714285704,0.0,84076.85714285704,8.500792429961397,0.296904821917462,0.0,0.0,8.500792429961397,0.296904821917462
115,-1,146580.28571428568,0.0,146580.28571428568,17.93122796982367,0.5405048589766197,0.0,0.0,17.93122796982367,0.5405048589766197
116,0,83307.85714285704,0.0,83307.85714285704,8.439687313929307,0.29386514027674304,0.0,0.0,8.439687313929307,0.29386514027674304
117,-2,83352.0,0.0,83352.0,8.452236253101496,0.2944427757958909,0.0,0.0,8.452236253101496,0.2944427757958909
118,-1,84087.28571428568,0.0,84087.28571428568,8.7482597880677,0.23651302781767466,0.0,0.0,8.7482597880677,0.23651302781767466
119,0,82636.28571428568,0.0,82636.28571428568,8.409261216278079,0.29233619029795005,0.0,0.0,8.409261216278079,0.29233619029795005
120,-2,84886.0,0.0,84886.0,8.585095723226736,0.35308444719745097,0.0,0.0,8.585095723226736,0.35308444719745097
121,-1,85466.85714285704,0.0,85466.85714285704,8.81498122542793,0.23913768419042267,0.0,0.0,8.81498122542793,0.23913768419042267
122,0,84184.0,0.0,84184.0,8.468153972618017,0.2953005373302041,0.0,0.0,8.468153972618017,0.2953005373302041
123,-2,85024.28571428568,0.0,85024.28571428568,8.528074067556844,0.29814471889137184,0.0,0.0,8.528074067556844,0.29814471889137184
124,-1,85541.85714285704,0.0,85541.85714285704,8.642154141615427,0.35612399481647455,0.0,0.0,8.642154141615427,0.35612399481647455
125,0,81356.85714285704,0.0,81356.85714285704,8.420440481225354,0.22296938774041672,0.0,0.0,8.420440481225354,0.22296938774041672
126,-2,83746.85714285704,0.0,83746.85714285704,8.741275142581761,0.2362276062730128,0.0,0.0,8.741275142581761,0.2362276062730128
127,-1,82778.0,0.0,82778.0,8.403877811628474,0.3434649109521161,0.0,0.0,8.403877811628474,0.3434649109521161
128,0,85025.57142857136,0.0,85025.57142857136,8.52785817642678,0.35003963370261604,0.0,0.0,8.52785817642678,0.35003963370261604
129,-2,85069.28571428568,0.0,85069.28571428568,8.711952992138944,0.30719695124097257,0.0,0.0,8.711952992138944,0.30719695124097257
130,-1,83566.85714285704,0.0,83566.85714285704,8.659865877552932,0.2328387224181049,0.0,0.0,8.659865877552932,0.2328387224181049
131,0,82644.0,0.0,82644.0,8.488384479068982,0.22573597661439693,0.0,0.0,8.488384479068982,0.22573597661439693
132,-2,82800.85714285704,0.0,82800.85714285704,8.36172143197442,0.34111261205898413,0.0,0.0,8.36172143197442,0.34111261205898413
133,-1,85177.85714285704,0.0,85177.85714285704,8.76279392130799,0.23706963313864798,0.0,0.0,8.76279392130799,0.23706963313864798
134,0,84945.28571428568,0.0,84945.28571428568,8.739491925031555,0.23612147250820564,0.0,0.0,8.739491925031555,0.23612147250820564
135,-2,86336.85714285704,0.0,86336.85714285704,8.582856438522201,0.30091956637904194,0.0,0.0,8.582856438522201,0.30091956637904194
136,-1,81823.28571428568,0.0,81823.28571428568,8.305808527587546,0.3380987111759779,0.0,0.0,8.305808527587546,0.3380987111759779
137,0,81656.85714285704,0.0,81656.85714285704,8.264939852578664,0.2852797292483043,0.0,0.0,8.264939852578664,0.2852797292483043
138,-2,82631.0,0.0,82631.0,8.542737065041646,0.22797364882305096,0.0,0.0,8.542737065041646,0.22797364882305096
139,-1,84476.0,0.0,84476.0,8.492527732234786,0.2964218402714625,0.0,0.0,8.492527732234786,0.2964218402714625
140,0,84132.0,0.0,84132.0,8.50946386200695,0.34899804609981316,0.0,0.0,8.50946386200695,0.34899804609981316
141,-2,85187.28571428568,0.0,85187.28571428568,8.71544008419443,0.3073318052971905,0.0,0.0,8.71544008419443,0.3073318052971905
142,-1,84424.0,0.0,84424.0,8.62446258337936,0.3029391372600589,0.0,0.0,8.62446258337936,0.3029391372600589
143,0,83876.85714285704,0.0,83876.85714285704,8.753576219000713,0.23673453769536928,0.0,0.0,8.753576219000713,0.23673453769536928
144,-2,83863.0,0.0,83863.0,8.76737316620262,0.23727222231428885,0.0,0.0,8.76737316620262,0.23727222231428885
145,-1,83438.85714285704,0.0,83438.85714285704,8.363950962700411,0.2901338400672582,0.0,0.0,8.363950962700411,0.2901338400672582
146,0,83908.0,0.0,83908.0,8.415781480676147,0.34406847048720823,0.0,0.0,8.415781480676147,0.34406847048720823
147,-2,86703.28571428568,0.0,86703.28571428568,9.014063130549975,0.24743899306135927,0.0,0.0,9.014063130549975,0.24743899306135927
148,-1,86602.28571428568,0.0,86602.28571428568,8.762698731370019,0.36245256381470015,0.0,0.0,8.762698731370019,0.36245256381470015
149,0,83592.85714285704,0.0,83592.85714285704,8.53035752613209,0.2983566770533151,0.0,0.0,8.53035752613209,0.2983566770533151
150,-2,84129.85714285704,0.0,84129.85714285704,8.388495943568381,0.3424677731637022,0.0,0.0,8.388495943568381,0.3424677731637022
151,-1,81961.0,0.0,81961.0,8.56102100245723,0.22879122181203634,0.0,0.0,8.56102100245723,0.22879122181203634
152,0,83071.28571428568,0.0,83071.28571428568,8.323069017532978,0.3390869580119822,0.0,0.0,8.323069017532978,0.3390869580119822
153,-2,83152.85714285704,0.0,83152.85714285704,8.569699037094823,0.22910865838169772,0.0,0.0,8.569699037094823,0.22910865838169772
154,-1,84427.85714285704,0.0,84427.85714285704,8.573271902330324,0.3523822930600578,0.0,0.0,8.573271902330324,0.3523822930600578
155,0,86193.85714285704,0.0,86193.85714285704,8.662554933526303,0.3572136123912956,0.0,0.0,8.662554933526303,0.3572136123912956
156,-2,83037.28571428568,0.0,83037.28571428568,8.649203135473988,0.2324090286082319,0.0,0.0,8.649203135473988,0.2324090286082319
157,-1,83919.0,0.0,83919.0,8.787823460013636,0.2381115807802154,0.0,0.0,8.787823460013636,0.2381115807802154
158,0,83764.28571428568,0.0,83764.28571428568,8.503859453043557,0.34870582478323836,0.0,0.0,8.503859453043557,0.34870582478323836
159,-2,82559.85714285704,0.0,82559.85714285704,8.49327080670961,0.22592617512744356,0.0,0.0,8.49327080670961,0.22592617512744356
160,-1,83057.0,0.0,83057.0,8.313607907357095,0.33858142798160934,0.0,0.0,8.313607907357095,0.33858142798160934
161,0,84392.0,0.0,84392.0,8.492332019962571,0.348132370426063,0.0,0.0,8.492332019962571,0.348132370426063
162,-2,83342.0,0.0,83342.0,8.43752590704192,0.34518521284879333,0.0,0.0,8.43752590704192,0.34518521284879333
163,-1,86373.28571428568,0.0,86373.28571428568,8.936307271046356,0.24425974738106826,0.0,0.0,8.936307271046356,0.24425974738106826
164,0,82581.0,0.0,82581.0,8.491550485422952,0.22588284038466622,0.0,0.0,8.491550485422952,0.22588284038466622
165,-2,83818.28571428568,0.0,83818.28571428568,8.479776848048433,0.2957701543751203,0.0,0.0,8.479776848048433,0.2957701543751203
166,-1,84133.85714285704,0.0,84133.85714285704,8.566449031517994,0.3000759038988383,0.0,0.0,8.566449031517994,0.3000759038988383
167,0,83318.85714285704,0.0,83318.85714285704,8.661750129948647,0.23294683474111816,0.0,0.0,8.661750129948647,0.23294683474111816
168,-2,83508.28571428568,0.0,83508.28571428568,8.435412229092444,0.34511348910859263,0.0,0.0,8.435412229092444,0.34511348910859263
169,-1,83897.28571428568,0.0,83897.28571428568,8.409782770439774,0.3437030624042426,0.0,0.0,8.409782770439774,0.3437030624042426
170,0,84900.28571428568,0.0,84900.28571428568,8.532198101337748,0.29989790392839577,0.0,0.0,8.532198101337748,0.29989790392839577
171,-2,145430.85714285704,0.0,145430.85714285704,15.066535422075127,0.4420845429171404,0.0,0.0,15.066535422075127,0.4420845429171404
172,-1,84107.0,0.0,84107.0,8.537847279423406,0.3505014978537611,0.0,0.0,8.537847279423406,0.3505014978537611
173,0,82655.0,0.0,82655.0,8.433136836224602,0.29357231013244006,0.0,0.0,8.433136836224602,0.29357231013244006
174,-2,84528.0,0.0,84528.0,8.597202682634276,0.30161855129458415,0.0,0.0,8.597202682634276,0.30161855129458415
175,-1,85188.0,0.0,85188.0,8.691679217896935,0.3062612494616907,0.0,0.0,8.691679217896935,0.3062612494616907
176,0,84067.85714285704,0.0,84067.85714285704,8.69022323965818,0.23406390473335578,0.0,0.0,8.69022323965818,0.23406390473335578
177,-2,83904.0,0.0,83904.0,8.768337582327643,0.23730954482182565,0.0,0.0,8.768337582327643,0.23730954482182565
178,-1,83130.28571428568,0.0,83130.28571428568,8.439753331550623,0.34530251365833203,0.0,0.0,8.439753331550623,0.34530251365833203
179,0,84444.28571428568,0.0,84444.28571428568,8.64145552799848,0.3037102264313144,0.0,0.0,8.64145552799848,0.3037102264313144
180,-2,84690.0,0.0,84690.0,8.473576290120432,0.3471513150871238,0.0,0.0,8.473576290120432,0.3471513150871238
181,-1,84149.28571428568,0.0,84149.28571428568,8.511236202680328,0.2973712365996347,0.0,0.0,8.511236202680328,0.2973712365996347
182,0,84024.42857142852,0.0,84024.42857142852,8.456364545128176,0.2947001744093859,0.0,0.0,8.456364545128176,0.2947001744093859
183,-2,81639.85714285704,0.0,81639.85714285704,8.446753943197018,0.224062806485429,0.0,0.0,8.446753943197018,0.224062806485429
184,-1,85792.85714285704,0.0,85792.85714285704,8.681288022714435,0.3582581033011981,0.0,0.0,8.681288022714435,0.3582581033011981
185,0,83351.0,0.0,83351.0,8.435994317324147,0.29367675677576693,0.0,0.0,8.435994317324147,0.29367675677576693
186,-2,85953.85714285704,0.0,85953.85714285704,8.577052174710099,0.3526844917571952,0.0,0.0,8.577052174710099,0.3526844917571952
187,-1,84036.0,0.0,84036.0,8.484406992492806,0.3477719639365882,0.0,0.0,8.484406992492806,0.3477719639365882
188,0,86382.85714285704,0.0,86382.85714285704,8.95422412803681,0.24495316446539203,0.0,0.0,8.95422412803681,0.24495316446539203
189,-2,82567.85714285704,0.0,82567.85714285704,8.261688850661937,0.28510948961970267,0.0,0.0,8.261688850661937,0.28510948961970267
190,-1,82611.0,0.0,82611.0,8.408071371359119,0.34360972571450993,0.0,0.0,8.408071371359119,0.34360972571450993
191,0,85293.85714285704,0.0,85293.85714285704,8.650832587466677,0.3565806240001335,0.0,0.0,8.650832587466677,0.3565806240001335
192,-2,82557.85714285704,0.0,82557.85714285704,8.280571942550859,0.28604948491753013,0.0,0.0,8.280571942550859,0.28604948491753013
193,-1,83393.28571428568,0.0,83393.28571428568,8.617114358862876,0.23109008399523753,0.0,0.0,8.617114358862876,0.23109008399523753
194,0,83058.85714285704,0.0,83058.85714285704,8.366277084621254,0.2902647537073151,0.0,0.0,8.366277084621254,0.2902647537073151
195,-2,81969.85714285704,0.0,81969.85714285704,8.297394393660918,0.28686950405212497,0.0,0.0,8.297394393660918,0.28686950405212497
196,-1,83527.0,0.0,83527.0,8.577957633018572,0.22944066414295775,0.0,0.0,8.577957633018572,0.22944066414295775
197,0,81923.85714285704,0.0,81923.85714285704,8.534494443176374,0.22764782152680516,0.0,0.0,8.534494443176374,0.22764782152680516
198,-2,85122.0,0.0,85122.0,8.42098493580592,0.34437679458446063,0.0,0.0,8.42098493580592,0.34437679458446063
199,-1,83054.0,0.0,83054.0,8.401639064373743,0.3433042270458323,0.0,0.0,8.401639064373743,0.3433042270458323
200,0,83696.28571428568,0.0,83696.28571428568,8.415070088124438,0.3439858668556572,0.0,0.0,8.415070088124438,0.3439858668556572
201,-2,85032.28571428568,0.0,85032.28571428568,8.743123180953836,0.23624630015720122,0.0,0.0,8.743123180953836,0.23624630015720122
202,-1,83919.0,0.0,83919.0,8.521636763817758,0.2979041645530618,0.0,0.0,8.521636763817758,0.2979041645530618
203,0,83281.85714285704,0.0,83281.85714285704,8.328414723006683,0.28836095052389393,0.0,0.0,8.328414723006683,0.28836095052389393
204,-2,84677.28571428568,0.0,84677.28571428568,8.615829335666662,0.3547321109209721,0.0,0.0,8.615829335666662,0.3547321109209721
205,-1,86016.28571428568,0.0,86016.28571428568,8.719400421873814,0.30751247969245366,0.0,0.0,8.719400421873814,0.30751247969245366
206,0,83354.0,0.0,83354.0,8.448065163477185,0.3457402690002631,0.0,0.0,8.448065163477185,0.3457402690002631
207,-2,83317.85714285704,0.0,83317.85714285704,8.491804617979295,0.3480945227201634,0.0,0.0,8.491804617979295,0.3480945227201634
208,-1,84043.85714285704,0.0,84043.85714285704,8.634421593821152,0.23176822202712913,0.0,0.0,8.634421593821152,0.23176822202712913
209,0,82287.0,0.0,82287.0,8.277946950499208,0.28589945376952675,0.0,0.0,8.277946950499208,0.28589945376952675
210,-2,83135.0,0.0,83135.0,8.433232309425225,0.2935494683009125,0.0,0.0,8.433232309425225,0.2935494683009125
211,-1,82081.85714285704,0.0,82081.85714285704,8.517708336300133,0.22696858448453783,0.0,0.0,8.517708336300133,0.22696858448453783
212,0,85869.28571428568,0.0,85869.28571428568,8.781526982436743,0.31058313591219644,0.0,0.0,8.781526982436743,0.31058313591219644
213,-2,83559.28571428568,0.0,83559.28571428568,8.6772527687624,0.2335784508765374,0.0,0.0,8.6772527687624,0.2335784508765374
214,-1,82213.0,0.0,82213.0,8.552659683239092,0.22841706727617184,0.0,0.0,8.552659683239092,0.22841706727617184
215,0,83731.85714285704,0.0,83731.85714285704,8.490530299970155,0.34805912194124883,0.0,0.0,8.490530299970155,0.34805912194124883
216,-2,82884.85714285704,0.0,82884.85714285704,8.352786812447242,0.3406256689016131,0.0,0.0,8.352786812447242,0.3406256689016131
217,-1,82879.28571428568,0.0,82879.28571428568,8.422609982247922,0.3444117705048456,0.0,0.0,8.422609982247922,0.3444117705048456
218,0,85023.0,0.0,85023.0,8.800011779949656,0.23857102536706393,0.0,0.0,8.800011779949656,0.23857102536706393
219,-2,84642.85714285704,0.0,84642.85714285704,8.488688427311965,0.34792613187689914,0.0,0.0,8.488688427311965,0.34792613187689914
220,-1,84520.0,0.0,84520.0,8.622648214419458,0.3028653892238377,0.0,0.0,8.622648214419458,0.3028653892238377
221,0,82581.0,0.0,82581.0,8.613273396550495,0.2309017413372116,0.0,0.0,8.613273396550495,0.2309017413372116
222,-2,85127.0,0.0,85127.0,8.687567361232626,0.30604075074833037,0.0,0.0,8.687567361232626,0.30604075074833037
223,-1,86148.85714285704,0.0,86148.85714285704,8.631115155540648,0.3555859675434865,0.0,0.0,8.631115155540648,0.3555859675434865
224,0,84713.28571428568,0.0,84713.28571428568,8.650083837084734,0.304233533307511,0.0,0.0,8.650083837084734,0.304233533307511
225,-2,84083.0,0.0,84083.0,8.362334911131,0.34123708643077655,0.0,0.0,8.362334911131,0.34123708643077655
226,-1,84011.85714285704,0.0,84011.85714285704,8.455029780331174,0.3461214051353206,0.0,0.0,8.455029780331174,0.3461214051353206
227,0,83779.85714285704,0.0,83779.85714285704,8.480516284473405,0.3475700675877584,0.0,0.0,8.480516284473405,0.3475700675877584
228,-2,82487.85714285704,0.0,82487.85714285704,8.555730527386922,0.22856917380430666,0.0,0.0,8.555730527386922,0.22856917380430666
229,-1,83995.85714285704,0.0,83995.85714285704,8.424480286996221,0.29314867321986565,0.0,0.0,8.424480286996221,0.29314867321986565
230,0,84425.85714285704,0.0,84425.85714285704,8.545426426700413,0.2991147830806699,0.0,0.0,8.545426426700413,0.2991147830806699
231,-2,83238.28571428568,0.0,83238.28571428568,8.405620728893854,0.29214648516654596,0.0,0.0,8.405620728893854,0.29214648516654596
232,-1,85120.0,0.0,85120.0,8.532345835581243,0.35028733896769404,0.0,0.0,8.532345835581243,0.35028733896769404
233,0,84136.28571428568,0.0,84136.28571428568,8.360306768471284,0.341040456868372,0.0,0.0,8.360306768471284,0.341040456868372
234,-2,82168.28571428568,0.0,82168.28571428568,8.355735873424129,0.2897364468576411,0.0,0.0,8.355735873424129,0.2897364468576411
235,-1,83544.0,0.0,83544.0,8.704632660863838,0.23471942145564473,0.0,0.0,8.704632660863838,0.23471942145564473
236,0,81772.0,0.0,81772.0,8.338043262504046,0.2888354045467231,0.0,0.0,8.338043262504046,0.2888354045467231
237,-2,85547.85714285704,0.0,85547.85714285704,8.615503901589957,0.35471892148918865,0.0,0.0,8.615503901589957,0.35471892148918865
238,-1,83810.0,0.0,83810.0,8.454689482584525,0.29460611445595275,0.0,0.0,8.454689482584525,0.29460611445595275
239,0,82766.28571428568,0.0,82766.28571428568,8.347665377219517,0.3404168305963733,0.0,0.0,8.347665377219517,0.3404168305963733
240,-2,85022.0,0.0,85022.0,8.727214699666845,0.235593931980245,0.0,0.0,8.727214699666845,0.235593931980245
241,-1,83597.0,0.0,83597.0,8.717877223232007,0.23529333963793617,0.0,0.0,8.717877223232007,0.23529333963793617
242,0,84586.28571428568,0.0,84586.28571428568,8.730463874218245,0.2357089801016686,0.0,0.0,8.730463874218245,0.2357089801016686
243,-2,83297.28571428568,0.0,83297.28571428568,8.418963916822104,0.3441939477897902,0.0,0.0,8.418963916822104,0.3441939477897902
244,-1,85581.28571428568,0.0,85581.28571428568,8.631004182453609,0.3031938324334101,0.0,0.0,8.631004182453609,0.3031938324334101
245,0,82784.85714285704,0.0,82784.85714285704,8.310133152445893,0.2874893902684738,0.0,0.0,8.310133152445893,0.2874893902684738
246,-2,83785.85714285704,0.0,83785.85714285704,8.436092074025956,0.293703371947722,0.0,0.0,8.436092074025956,0.293703371947722
247,-1,83395.28571428568,0.0,83395.28571428568,8.695678874527012,0.23432339183552334,0.0,0.0,8.695678874527012,0.23432339183552334
248,0,85897.85714285704,0.0,85897.85714285704,8.791945311262554,0.31110688487740357,0.0,0.0,8.791945311262554,0.31110688487740357
249,-2,84804.28571428568,0.0,84804.28571428568,8.530116630606175,0.29827154742367573,0.0,0.0,8.530116630606175,0.29827154742367573
250,-1,83668.28571428568,0.0,83668.28571428568,8.509514999023398,0.2972961434790965,0.0,0.0,8.509514999023398,0.2972961434790965
251,0,82084.85714285704,0.0,82084.85714285704,8.529909854262185,0.2274825261881475,0.0,0.0,8.529909854262185,0.2274825261881475
252,-2,85040.85714285704,0.0,85040.85714285704,8.55198621643045,0.3512903844618566,0.0,0.0,8.55198621643045,0.3512903844618566
253,-1,85615.85714285704,0.0,85615.85714285704,8.830812356548027,0.23982185135823936,0.0,0.0,8.830812356548027,0.23982185135823936
254,0,84670.28571428568,0.0,84670.28571428568,8.503916755585532,0.2970062513927286,0.0,0.0,8.503916755585532,0.2970062513927286
255,-2,83645.28571428568,0.0,83645.28571428568,8.457725618429878,0.3462766554782202,0.0,0.0,8.457725618429878,0.3462766554782202
256,-1,82668.85714285704,0.0,82668.85714285704,8.553450094100796,0.22845233044975968,0.0,0.0,8.553450094100796,0.22845233044975968
257,0,83755.28571428568,0.0,83755.28571428568,8.426079513030006,0.3445862358856335,0.0,0.0,8.426079513030006,0.3445862358856335
258,-2,83598.85714285704,0.0,83598.85714285704,8.46150918764857,0.2949592393861531,0.0,0.0,8.46150918764857,0.2949592393861531
259,-1,146649.85714285704,0.0,146649.85714285704,17.810743815271003,0.5368088159879851,0.0,0.0,17.810743815271003,0.5368088159879851
260,0,82760.0,0.0,82760.0,8.313444743072782,0.3385497048950753,0.0,0.0,8.313444743072782,0.3385497048950753
261,-2,86726.85714285704,0.0,86726.85714285704,8.762143417139075,0.36244608796451355,0.0,0.0,8.762143417139075,0.36244608796451355
262,-1,83427.28571428568,0.0,83427.28571428568,8.356112935776824,0.3408152924918276,0.0,0.0,8.356112935776824,0.3408152924918276
263,0,84253.28571428568,0.0,84253.28571428568,8.530141239913434,0.2983224343336324,0.0,0.0,8.530141239913434,0.2983224343336324
264,-2,84917.85714285704,0.0,84917.85714285704,8.5235618307382,0.29797903088796895,0.0,0.0,8.5235618307382,0.29797903088796895
265,-1,85655.85714285704,0.0,85655.85714285704,8.620261605897545,0.3549505368697112,0.0,0.0,8.620261605897545,0.3549505368697112
266,0,87047.85714285704,0.0,87047.85714285704,8.922047317561384,0.24358936553257982,0.0,0.0,8.922047317561384,0.24358936553257982
267,-2,84670.28571428568,0.0,84670.28571428568,8.72564021845298,0.2355037660576992,0.0,0.0,8.72564021845298,0.2355037660576992
268,-1,83197.28571428568,0.0,83197.28571428568,8.488666185387592,0.29626438870723415,0.0,0.0,8.488666185387592,0.29626438870723415
269,0,84480.0,0.0,84480.0,8.460253184964598,0.3464175582486322,0.0,0.0,8.460253184964598,0.3464175582486322
270,-2,82537.0,0.0,82537.0,8.374478826530044,0.3418217856570489,0.0,0.0,8.374478826530044,0.3418217856570489
271,-1,83119.0,0.0,83119.0,8.63906122867348,0.23199917368701115,0.0,0.0,8.63906122867348,0.23199917368701115
272,0,81098.28571428568,0.0,81098.28571428568,8.24806040614032,0.28440535231553643,0.0,0.0,8.24806040614032,0.28440535231553643
273,-2,84609.28571428568,0.0,84609.28571428568,8.51004471100273,0.34906401763643236,0.0,0.0,8.51004471100273,0.34906401763643236
274,-1,82674.85714285704,0.0,82674.85714285704,8.358852576287031,0.28986953404747634,0.0,0.0,8.358852576287031,0.28986953404747634
275,0,82615.28571428568,0.0,82615.28571428568,8.561707628085571,0.22882425164805015,0.0,0.0,8.561707628085571,0.22882425164805015
276,-2,82879.0,0.0,82879.0,8.626575413152038,0.23147457867195165,0.0,0.0,8.626575413152038,0.23147457867195165
277,-1,84007.28571428568,0.0,84007.28571428568,8.540391239684062,0.35071652963264316,0.0,0.0,8.540391239684062,0.35071652963264316
278,0,83887.85714285704,0.0,83887.85714285704,8.549468116765675,0.2992457678400142,0.0,0.0,8.549468116765675,0.2992457678400142
279,-2,84682.28571428568,0.0,84682.28571428568,8.422668499092422,0.34442694491872783,0.0,0.0,8.422668499092422,0.34442694491872783
280,-1,85346.0,0.0,85346.0,8.541818232782859,0.35080195421225063,0.0,0.0,8.541818232782859,0.35080195421225063
281,0,87485.85714285704,0.0,87485.85714285704,8.938769795214586,0.3182795293621142,0.0,0.0,8.938769795214586,0.3182795293621142
282,-2,81862.0,0.0,81862.0,8.27126597033297,0.28558147197890593,0.0,0.0,8.27126597033297,0.28558147197890593
283,-1,84922.28571428568,0.0,84922.28571428568,8.523585315898336,0.2979463427919312,0.0,0.0,8.523585315898336,0.2979463427919312
284,0,82581.85714285704,0.0,82581.85714285704,8.568661527492438,0.2290932652065199,0.0,0.0,8.568661527492438,0.2290932652065199
285,-2,84685.85714285704,0.0,84685.85714285704,8.505500001136275,0.34888049719748343,0.0,0.0,8.505500001136275,0.34888049719748343
286,-1,84122.28571428568,0.0,84122.28571428568,8.536900651473143,0.2986231637131684,0.0,0.0,8.536900651473143,0.2986231637131684
287,0,84687.85714285704,0.0,84687.85714285704,8.599317791146792,0.353815478701526,0.0,0.0,8.599317791146792,0.353815478701526
288,-2,84278.0,0.0,84278.0,8.490477371516796,0.34803366682701026,0.0,0.0,8.490477371516796,0.34803366682701026
289,-1,81905.85714285704,0.0,81905.85714285704,8.278254555701734,0.2859175056842673,0.0,0.0,8.278254555701734,0.2859175056842673
290,0,84609.0,0.0,84609.0,8.6652263191002,0.30492802615126113,0.0,0.0,8.6652263191002,0.30492802615126113
291,-2,83715.85714285704,0.0,83715.85714285704,8.503201763467736,0.2969742311517935,0.0,0.0,8.503201763467736,0.2969742311517935
292,-1,83241.0,0.0,83241.0,8.658311472654662,0.23276521215170382,0.0,0.0,8.658311472654662,0.23276521215170382
293,0,83598.0,0.0,83598.0,8.540172118980026,0.3507532380294327,0.0,0.0,8.540172118980026,0.3507532380294327
294,-2,83784.0,0.0,83784.0,8.52496364829287,0.3498570159310254,0.0,0.0,8.52496364829287,0.3498570159310254
295,-1,82783.85714285704,0.0,82783.85714285704,8.371318370776851,0.290475187062935,0.0,0.0,8.371318370776851,0.290475187062935
296,0,82637.0,0.0,82637.0,8.346345918112625,0.3403286801556391,0.0,0.0,8.346345918112625,0.3403286801556391
297,-2,83522.0,0.0,83522.0,8.73448082751218,0.2359429036208082,0.0,0.0,8.73448082751218,0.2359429036208082
298,-1,84319.28571428568,0.0,84319.28571428568,8.483530439821717,0.3476276223983726,0.0,0.0,8.483530439821717,0.3476276223983726
299,0,84003.28571428568,0.0,84003.28571428568,8.449300813202305,0.2959121070280264,0.0,0.0,8.449300813202305,0.2959121070280264
