timestamp;buyer;seller;symbol;currency;price;quantity
0;SUBMISSION;BOT;INTARIAN_PEPPER_ROOT;XIRECS;10010.0;21
100;SUBMISSION;BOT;INTARIAN_PEPPER_ROOT;XIRECS;10006.0;12
200;SUBMISSION;BOT;INTARIAN_PEPPER_ROOT;XIRECS;10007.0;16
300;SUBMISSION;BOT;INTARIAN_PEPPER_ROOT;XIRECS;10012.0;10
300;SUBMISSION;BOT;INTARIAN_PEPPER_ROOT;XIRECS;10014.0;21
3300;BOT_TAKER;BOT_MAKER;INTARIAN_PEPPER_ROOT;XIRECS;10015.0;6
9800;BOT_TAKER;BOT_MAKER;INTARIAN_PEPPER_ROOT;XIRECS;10016.0;4
12100;BOT_MAKER;BOT_TAKER;INTARIAN_PEPPER_ROOT;XIRECS;10010.0;5
13400;BOT_MAKER;BOT_TAKER;INTARIAN_PEPPER_ROOT;XIRECS;10012.0;4
16400;BOT_MAKER;BOT_TAKER;ASH_COATED_OSMIUM;XIRECS;9944.0;6
16700;BOT_OUTAGE_ASK;SUBMISSION;INTARIAN_PEPPER_ROOT;XIRECS;10067.0;4
16800;SUBMISSION;BOT;INTARIAN_PEPPER_ROOT;XIRECS;10023.0;4
21300;BOT_TAKER;BOT_MAKER;ASH_COATED_OSMIUM;XIRECS;9928.0;3
22100;BOT_MAKER;BOT_TAKER;ASH_COATED_OSMIUM;XIRECS;9939.0;7
22900;BOT_TAKER;BOT_MAKER;ASH_COATED_OSMIUM;XIRECS;9940.0;6
24100;BOT_TAKER;BOT_MAKER;INTARIAN_PEPPER_ROOT;XIRECS;10031.0;3
26600;BOT_TAKER;BOT_MAKER;ASH_COATED_OSMIUM;XIRECS;9949.0;9
32100;BOT_MAKER;BOT_TAKER;ASH_COATED_OSMIUM;XIRECS;9922.0;10
33700;BOT_MAKER;BOT_TAKER;ASH_COATED_OSMIUM;XIRECS;9931.0;5
35100;BOT_MAKER;BOT_TAKER;ASH_COATED_OSMIUM;XIRECS;9912.0;7
35300;BOT_TAKER;BOT_MAKER;INTARIAN_PEPPER_ROOT;XIRECS;10035.0;6
35500;BOT_TAKER;BOT_MAKER;ASH_COATED_OSMIUM;XIRECS;9925.0;9
35500;BOT_TAKER;BOT_MAKER;INTARIAN_PEPPER_ROOT;XIRECS;10036.0;3
37500;BOT_TAKER;BOT_MAKER;INTARIAN_PEPPER_ROOT;XIRECS;10039.0;6
38200;BOT_MAKER;BOT_TAKER;ASH_COATED_OSMIUM;XIRECS;19922.0;3
41000;BOT_MAKER;BOT_TAKER;INTARIAN_PEPPER_ROOT;XIRECS;10037.0;3
42600;BOT_MAKER;BOT_TAKER;INTARIAN_PEPPER_ROOT;XIRECS;10043.0;4
44500;BOT_TAKER;BOT_MAKER;INTARIAN_PEPPER_ROOT;XIRECS;10050.0;7
45800;BOT_MAKER;BOT_TAKER;ASH_COATED_OSMIUM;XIRECS;19956.0;2
46700;BOT_MAKER;BOT_TAKER;ASH_COATED_OSMIUM;XIRECS;19966.0;3
47700;BOT_TAKER;BOT_MAKER;INTARIAN_PEPPER_ROOT;XIRECS;10054.0;3
50100;BOT_MAKER;BOT_TAKER;INTARIAN_PEPPER_ROOT;XIRECS;10041.0;3
52500;BOT_TAKER;BOT_MAKER;ASH_COATED_OSMIUM;XIRECS;19935.0;7
54000;BOT_MAKER;BOT_TAKER;INTARIAN_PEPPER_ROOT;XIRECS;10055.0;4
55600;BOT_MAKER;BOT_TAKER;ASH_COATED_OSMIUM;XIRECS;19901.0;3
60000;BOT_MAKER;BOT_TAKER;INTARIAN_PEPPER_ROOT;XIRECS;10049.0;3
60200;BOT_MAKER;BOT_TAKER;INTARIAN_PEPPER_ROOT;XIRECS;10055.0;5
61000;BOT_TAKER;BOT_MAKER;ASH_COATED_OSMIUM;XIRECS;19892.0;4
61400;BOT_TAKER;BOT_MAKER;ASH_COATED_OSMIUM;XIRECS;19897.0;7
62900;BOT_TAKER;BOT_MAKER;INTARIAN_PEPPER_ROOT;XIRECS;10071.0;7
65800;BOT_MAKER;BOT_TAKER;INTARIAN_PEPPER_ROOT;XIRECS;10058.0;7
69400;BOT_TAKER;BOT_MAKER;INTARIAN_PEPPER_ROOT;XIRECS;10075.0;4
69700;BOT_TAKER;BOT_MAKER;INTARIAN_PEPPER_ROOT;XIRECS;10076.0;3
71200;BOT_TAKER;BOT_MAKER;INTARIAN_PEPPER_ROOT;XIRECS;10077.0;6
71500;BOT_MAKER;BOT_TAKER;INTARIAN_PEPPER_ROOT;XIRECS;10064.0;4
73500;BOT_MAKER;BOT_TAKER;ASH_COATED_OSMIUM;XIRECS;19897.0;5
77800;BOT_TAKER;BOT_MAKER;INTARIAN_PEPPER_ROOT;XIRECS;10084.0;6
78800;BOT_TAKER;BOT_MAKER;INTARIAN_PEPPER_ROOT;XIRECS;10086.0;8
79000;BOT_TAKER;BOT_MAKER;ASH_COATED_OSMIUM;XIRECS;19875.0;3
79900;BOT_MAKER;BOT_TAKER;INTARIAN_PEPPER_ROOT;XIRECS;10077.0;5
80900;BOT_TAKER;BOT_MAKER;ASH_COATED_OSMIUM;XIRECS;19849.0;4
82000;BOT_MAKER;BOT_TAKER;INTARIAN_PEPPER_ROOT;XIRECS;10077.0;4
82700;BOT_MAKER;BOT_TAKER;ASH_COATED_OSMIUM;XIRECS;19828.0;4
84900;BOT_TAKER;BOT_MAKER;ASH_COATED_OSMIUM;XIRECS;19853.0;4
85000;BOT_MAKER;BOT_TAKER;INTARIAN_PEPPER_ROOT;XIRECS;10080.0;3
85700;BOT_MAKER;BOT_TAKER;ASH_COATED_OSMIUM;XIRECS;19842.0;3
86400;BOT_TAKER;BOT_MAKER;INTARIAN_PEPPER_ROOT;XIRECS;10098.0;6
86900;BOT_TAKER;BOT_MAKER;INTARIAN_PEPPER_ROOT;XIRECS;10093.0;4
95800;BOT_MAKER;BOT_TAKER;INTARIAN_PEPPER_ROOT;XIRECS;10093.0;5
97200;BOT_TAKER;BOT_MAKER;INTARIAN_PEPPER_ROOT;XIRECS;10098.0;5
98500;BOT_TAKER;BOT_MAKER;INTARIAN_PEPPER_ROOT;XIRECS;10104.0;3
102500;BOT_MAKER;BOT_TAKER;INTARIAN_PEPPER_ROOT;XIRECS;10096.0;5
102900;BOT_TAKER;BOT_MAKER;INTARIAN_PEPPER_ROOT;XIRECS;10104.0;8
103800;BOT_TAKER;BOT_MAKER;ASH_COATED_OSMIUM;XIRECS;29865.0;2
104000;BOT_MAKER;BOT_TAKER;ASH_COATED_OSMIUM;XIRECS;29835.0;3
104700;BOT_MAKER;BOT_TAKER;INTARIAN_PEPPER_ROOT;XIRECS;10104.0;5
106800;BOT_MAKER;BOT_TAKER;ASH_COATED_OSMIUM;XIRECS;29835.0;2
108600;BOT_MAKER;BOT_TAKER;ASH_COATED_OSMIUM;XIRECS;29835.0;3
110700;BOT_MAKER;BOT_TAKER;INTARIAN_PEPPER_ROOT;XIRECS;10110.0;3
111100;BOT_MAKER;BOT_TAKER;ASH_COATED_OSMIUM;XIRECS;29826.0;5
111100;BOT_MAKER;BOT_TAKER;INTARIAN_PEPPER_ROOT;XIRECS;10106.0;5
112700;BOT_TAKER;BOT_MAKER;ASH_COATED_OSMIUM;XIRECS;29839.0;6
114500;BOT_MAKER;BOT_TAKER;ASH_COATED_OSMIUM;XIRECS;29828.0;5
116000;BOT_MAKER;BOT_TAKER;INTARIAN_PEPPER_ROOT;XIRECS;10111.0;6
117800;BOT_TAKER;BOT_MAKER;ASH_COATED_OSMIUM;XIRECS;29861.0;8
121700;BOT_TAKER;BOT_MAKER;ASH_COATED_OSMIUM;XIRECS;29870.0;8
123200;BOT_TAKER;BOT_MAKER;INTARIAN_PEPPER_ROOT;XIRECS;10124.0;6
125900;BOT_TAKER;BOT_MAKER;INTARIAN_PEPPER_ROOT;XIRECS;10132.0;3
126600;BOT_TAKER;BOT_MAKER;INTARIAN_PEPPER_ROOT;XIRECS;10128.0;1
126600;BOT_TAKER;BOT_MAKER;INTARIAN_PEPPER_ROOT;XIRECS;10132.0;6
127600;BOT_MAKER;BOT_TAKER;ASH_COATED_OSMIUM;XIRECS;29847.0;5
130600;BOT_MAKER;BOT_TAKER;ASH_COATED_OSMIUM;XIRECS;29853.0;3
131500;BOT_TAKER;BOT_MAKER;ASH_COATED_OSMIUM;XIRECS;29858.0;9
132100;BOT_OUTAGE_ASK;SUBMISSION;INTARIAN_PEPPER_ROOT;XIRECS;10181.0;5
132200;SUBMISSION;BOT;INTARIAN_PEPPER_ROOT;XIRECS;10138.0;5
132900;BOT_MAKER;BOT_TAKER;ASH_COATED_OSMIUM;XIRECS;29823.0;5
134200;BOT_MAKER;BOT_TAKER;INTARIAN_PEPPER_ROOT;XIRECS;10125.0;6
134900;BOT_TAKER;BOT_MAKER;ASH_COATED_OSMIUM;XIRECS;29834.0;10
135900;BOT_MAKER;BOT_TAKER;INTARIAN_PEPPER_ROOT;XIRECS;10131.0;3
136100;BOT_TAKER;BOT_MAKER;ASH_COATED_OSMIUM;XIRECS;29821.0;3
137500;BOT_MAKER;BOT_TAKER;INTARIAN_PEPPER_ROOT;XIRECS;10137.0;3
138400;BOT_MAKER;BOT_TAKER;INTARIAN_PEPPER_ROOT;XIRECS;10132.0;3
138800;BOT_TAKER;BOT_MAKER;INTARIAN_PEPPER_ROOT;XIRECS;10144.0;7
139500;BOT_MAKER;BOT_TAKER;ASH_COATED_OSMIUM;XIRECS;29826.0;8
139900;BOT_TAKER;BOT_MAKER;ASH_COATED_OSMIUM;XIRECS;29842.0;6
140200;BOT_TAKER;BOT_MAKER;ASH_COATED_OSMIUM;XIRECS;29850.0;6
141200;BOT_MAKER;BOT_TAKER;ASH_COATED_OSMIUM;XIRECS;29826.0;9
142000;BOT_MAKER;BOT_TAKER;INTARIAN_PEPPER_ROOT;XIRECS;10136.0;5
144000;BOT_MAKER;BOT_TAKER;INTARIAN_PEPPER_ROOT;XIRECS;10134.0;6
145100;BOT_TAKER;BOT_MAKER;INTARIAN_PEPPER_ROOT;XIRECS;10150.0;4
145500;BOT_TAKER;BOT_MAKER;INTARIAN_PEPPER_ROOT;XIRECS;10155.0;5
148800;BOT_MAKER;BOT_TAKER;INTARIAN_PEPPER_ROOT;XIRECS;10142.0;5
149000;BOT_MAKER;BOT_TAKER;INTARIAN_PEPPER_ROOT;XIRECS;10150.0;5
149300;BOT_TAKER;BOT_MAKER;ASH_COATED_OSMIUM;XIRECS;29848.0;3
152000;BOT_TAKER;BOT_MAKER;INTARIAN_PEPPER_ROOT;XIRECS;10153.0;7
155800;BOT_TAKER;BOT_MAKER;INTARIAN_PEPPER_ROOT;XIRECS;10167.0;7
156300;BOT_MAKER;BOT_TAKER;ASH_COATED_OSMIUM;XIRECS;39853.0;2
158800;BOT_MAKER;BOT_TAKER;INTARIAN_PEPPER_ROOT;XIRECS;10153.0;5
161900;BOT_MAKER;BOT_TAKER;INTARIAN_PEPPER_ROOT;XIRECS;10161.0;5
163600;BOT_TAKER;BOT_MAKER;ASH_COATED_OSMIUM;XIRECS;39825.0;3
164800;BOT_MAKER;BOT_TAKER;ASH_COATED_OSMIUM;XIRECS;39787.0;6
166100;BOT_MAKER;BOT_TAKER;INTARIAN_PEPPER_ROOT;XIRECS;10165.0;5
166700;BOT_MAKER;BOT_TAKER;INTARIAN_PEPPER_ROOT;XIRECS;10166.0;5
169900;BOT_TAKER;BOT_MAKER;ASH_COATED_OSMIUM;XIRECS;39790.0;5
169900;BOT_TAKER;BOT_MAKER;INTARIAN_PEPPER_ROOT;XIRECS;10169.0;7
170100;BOT_TAKER;BOT_MAKER;INTARIAN_PEPPER_ROOT;XIRECS;10170.0;3
171300;BOT_TAKER;BOT_MAKER;INTARIAN_PEPPER_ROOT;XIRECS;10166.0;8
172000;BOT_MAKER;BOT_TAKER;ASH_COATED_OSMIUM;XIRECS;39785.0;3
172500;BOT_MAKER;BOT_TAKER;INTARIAN_PEPPER_ROOT;XIRECS;10167.0;6
174700;BOT_MAKER;BOT_TAKER;ASH_COATED_OSMIUM;XIRECS;39790.0;5
175000;BOT_MAKER;BOT_TAKER;INTARIAN_PEPPER_ROOT;XIRECS;10165.0;3
175200;BOT_TAKER;BOT_MAKER;ASH_COATED_OSMIUM;XIRECS;39806.0;2
176900;BOT_MAKER;BOT_TAKER;ASH_COATED_OSMIUM;XIRECS;39779.0;5
182900;BOT_OUTAGE_ASK;SUBMISSION;INTARIAN_PEPPER_ROOT;XIRECS;10232.0;5
183000;SUBMISSION;BOT;INTARIAN_PEPPER_ROOT;XIRECS;10188.0;5
184100;BOT_MAKER;BOT_TAKER;ASH_COATED_OSMIUM;XIRECS;39793.0;2
185500;BOT_TAKER;BOT_MAKER;INTARIAN_PEPPER_ROOT;XIRECS;10191.0;6
187400;BOT_MAKER;BOT_TAKER;ASH_COATED_OSMIUM;XIRECS;39811.0;4
188000;BOT_MAKER;BOT_TAKER;INTARIAN_PEPPER_ROOT;XIRECS;10184.0;3
188500;BOT_TAKER;BOT_MAKER;INTARIAN_PEPPER_ROOT;XIRECS;10194.0;5
189000;BOT_TAKER;BOT_MAKER;ASH_COATED_OSMIUM;XIRECS;39855.0;2
190000;BOT_TAKER;BOT_MAKER;INTARIAN_PEPPER_ROOT;XIRECS;10199.0;6
190500;BOT_MAKER;BOT_TAKER;ASH_COATED_OSMIUM;XIRECS;39833.0;7
190800;BOT_MAKER;BOT_TAKER;ASH_COATED_OSMIUM;XIRECS;39842.0;2
195200;BOT_TAKER;BOT_MAKER;INTARIAN_PEPPER_ROOT;XIRECS;10200.0;6
195500;BOT_TAKER;BOT_MAKER;INTARIAN_PEPPER_ROOT;XIRECS;10199.0;5
197400;BOT_MAKER;BOT_TAKER;ASH_COATED_OSMIUM;XIRECS;39848.0;3
198800;BOT_TAKER;BOT_MAKER;ASH_COATED_OSMIUM;XIRECS;39861.0;2
201100;BOT_MAKER;BOT_TAKER;INTARIAN_PEPPER_ROOT;XIRECS;10191.0;3
202800;BOT_TAKER;BOT_MAKER;ASH_COATED_OSMIUM;XIRECS;39827.0;2
203400;BOT_TAKER;BOT_MAKER;ASH_COATED_OSMIUM;XIRECS;39820.0;10
205100;BOT_TAKER;BOT_MAKER;ASH_COATED_OSMIUM;XIRECS;39842.0;6
206700;BOT_TAKER;BOT_MAKER;INTARIAN_PEPPER_ROOT;XIRECS;10211.0;4
207000;BOT_MAKER;BOT_TAKER;INTARIAN_PEPPER_ROOT;XIRECS;10207.0;5
208300;BOT_TAKER;BOT_MAKER;INTARIAN_PEPPER_ROOT;XIRECS;10217.0;7
208900;BOT_MAKER;BOT_TAKER;INTARIAN_PEPPER_ROOT;XIRECS;10200.0;3
209400;BOT_MAKER;BOT_TAKER;INTARIAN_PEPPER_ROOT;XIRECS;10201.0;3
210700;BOT_MAKER;BOT_TAKER;ASH_COATED_OSMIUM;XIRECS;39839.0;7
210900;BOT_TAKER;BOT_MAKER;ASH_COATED_OSMIUM;XIRECS;39853.0;4
212700;BOT_TAKER;BOT_MAKER;ASH_COATED_OSMIUM;XIRECS;39880.0;2
213500;BOT_MAKER;BOT_TAKER;INTARIAN_PEPPER_ROOT;XIRECS;10208.0;5
213800;BOT_MAKER;BOT_TAKER;ASH_COATED_OSMIUM;XIRECS;39865.0;6
216600;BOT_TAKER;BOT_MAKER;INTARIAN_PEPPER_ROOT;XIRECS;10222.0;6
218300;BOT_TAKER;BOT_MAKER;INTARIAN_PEPPER_ROOT;XIRECS;10224.0;4
218800;BOT_MAKER;BOT_TAKER;ASH_COATED_OSMIUM;XIRECS;39859.0;6
220900;BOT_MAKER;BOT_TAKER;INTARIAN_PEPPER_ROOT;XIRECS;10215.0;5
221600;BOT_MAKER;BOT_TAKER;ASH_COATED_OSMIUM;XIRECS;39874.0;4
222400;BOT_TAKER;BOT_MAKER;ASH_COATED_OSMIUM;XIRECS;39891.0;6
222600;BOT_MAKER;BOT_TAKER;INTARIAN_PEPPER_ROOT;XIRECS;10215.0;6
223200;BOT_TAKER;BOT_MAKER;INTARIAN_PEPPER_ROOT;XIRECS;10223.0;5
224400;BOT_TAKER;BOT_MAKER;INTARIAN_PEPPER_ROOT;XIRECS;10225.0;6
228000;BOT_TAKER;BOT_MAKER;INTARIAN_PEPPER_ROOT;XIRECS;10234.0;3
228100;BOT_MAKER;BOT_TAKER;ASH_COATED_OSMIUM;XIRECS;39923.0;9
229900;BOT_TAKER;BOT_MAKER;ASH_COATED_OSMIUM;XIRECS;39940.0;3
230300;BOT_TAKER;BOT_MAKER;ASH_COATED_OSMIUM;XIRECS;39946.0;3
230600;BOT_MAKER;BOT_TAKER;INTARIAN_PEPPER_ROOT;XIRECS;10231.0;3
232100;BOT_MAKER;BOT_TAKER;ASH_COATED_OSMIUM;XIRECS;39971.0;3
232200;BOT_MAKER;BOT_TAKER;INTARIAN_PEPPER_ROOT;XIRECS;10231.0;3
232900;BOT_TAKER;BOT_MAKER;INTARIAN_PEPPER_ROOT;XIRECS;10234.0;7
233100;BOT_OUTAGE_ASK;SUBMISSION;INTARIAN_PEPPER_ROOT;XIRECS;10332.0;5
233200;SUBMISSION;BOT;INTARIAN_PEPPER_ROOT;XIRECS;10239.0;5
233400;BOT_TAKER;BOT_MAKER;ASH_COATED_OSMIUM;XIRECS;39980.0;9
234100;BOT_MAKER;BOT_TAKER;INTARIAN_PEPPER_ROOT;XIRECS;10225.0;3
235500;BOT_MAKER;BOT_TAKER;INTARIAN_PEPPER_ROOT;XIRECS;10230.0;7
237200;BOT_TAKER;BOT_MAKER;INTARIAN_PEPPER_ROOT;XIRECS;10245.0;4
237600;BOT_TAKER;BOT_MAKER;INTARIAN_PEPPER_ROOT;XIRECS;10238.0;8
237800;BOT_MAKER;BOT_TAKER;INTARIAN_PEPPER_ROOT;XIRECS;10236.0;3
238100;BOT_TAKER;BOT_MAKER;ASH_COATED_OSMIUM;XIRECS;39945.0;5
241400;BOT_MAKER;BOT_TAKER;INTARIAN_PEPPER_ROOT;XIRECS;10233.0;7
244500;BOT_MAKER;BOT_TAKER;ASH_COATED_OSMIUM;XIRECS;39909.0;2
244600;BOT_MAKER;BOT_TAKER;INTARIAN_PEPPER_ROOT;XIRECS;10237.0;3
250100;BOT_MAKER;BOT_TAKER;INTARIAN_PEPPER_ROOT;XIRECS;10244.0;5
250200;BOT_TAKER;BOT_MAKER;ASH_COATED_OSMIUM;XIRECS;39860.0;7
251500;BOT_MAKER;BOT_TAKER;ASH_COATED_OSMIUM;XIRECS;39858.0;5
253200;BOT_TAKER;BOT_MAKER;ASH_COATED_OSMIUM;XIRECS;39878.0;6
253700;BOT_MAKER;BOT_TAKER;ASH_COATED_OSMIUM;XIRECS;39849.0;5
256300;BOT_MAKER;BOT_TAKER;ASH_COATED_OSMIUM;XIRECS;39805.0;8
256500;BOT_TAKER;BOT_MAKER;INTARIAN_PEPPER_ROOT;XIRECS;10257.0;6
257300;BOT_MAKER;BOT_TAKER;ASH_COATED_OSMIUM;XIRECS;39801.0;8
257500;BOT_TAKER;BOT_MAKER;INTARIAN_PEPPER_ROOT;XIRECS;10263.0;7
259900;BOT_MAKER;BOT_TAKER;INTARIAN_PEPPER_ROOT;XIRECS;10254.0;3
262200;BOT_OUTAGE_ASK;SUBMISSION;INTARIAN_PEPPER_ROOT;XIRECS;10312.0;5
262300;SUBMISSION;BOT;INTARIAN_PEPPER_ROOT;XIRECS;10268.0;5
262600;BOT_MAKER;BOT_TAKER;INTARIAN_PEPPER_ROOT;XIRECS;10257.0;5
264100;BOT_TAKER;BOT_MAKER;ASH_COATED_OSMIUM;XIRECS;39815.0;5
271100;BOT_TAKER;BOT_MAKER;ASH_COATED_OSMIUM;XIRECS;39812.0;7
273600;BOT_MAKER;BOT_TAKER;ASH_COATED_OSMIUM;XIRECS;39808.0;8
276700;BOT_MAKER;BOT_TAKER;ASH_COATED_OSMIUM;XIRECS;39802.0;7
281400;BOT_MAKER;BOT_TAKER;INTARIAN_PEPPER_ROOT;XIRECS;10280.0;4
282100;BOT_TAKER;BOT_MAKER;INTARIAN_PEPPER_ROOT;XIRECS;10291.0;5
282900;BOT_TAKER;BOT_MAKER;ASH_COATED_OSMIUM;XIRECS;39853.0;3
284300;BOT_MAKER;BOT_TAKER;ASH_COATED_OSMIUM;XIRECS;39790.0;7
285100;BOT_TAKER;BOT_MAKER;INTARIAN_PEPPER_ROOT;XIRECS;10295.0;7
287200;BOT_MAKER;BOT_TAKER;ASH_COATED_OSMIUM;XIRECS;39794.0;8
291400;BOT_MAKER;BOT_TAKER;INTARIAN_PEPPER_ROOT;XIRECS;10285.0;5
293100;BOT_MAKER;BOT_TAKER;ASH_COATED_OSMIUM;XIRECS;39787.0;6
295300;BOT_TAKER;BOT_MAKER;ASH_COATED_OSMIUM;XIRECS;39772.0;10
295700;BOT_MAKER;BOT_TAKER;INTARIAN_PEPPER_ROOT;XIRECS;10286.0;3
299600;BOT_TAKER;BOT_MAKER;INTARIAN_PEPPER_ROOT;XIRECS;10300.0;6
301000;BOT_TAKER;BOT_MAKER;INTARIAN_PEPPER_ROOT;XIRECS;10308.0;4
305400;BOT_MAKER;BOT_TAKER;INTARIAN_PEPPER_ROOT;XIRECS;10297.0;6
306700;BOT_MAKER;BOT_TAKER;INTARIAN_PEPPER_ROOT;XIRECS;10306.0;4
307900;BOT_TAKER;BOT_MAKER;INTARIAN_PEPPER_ROOT;XIRECS;10308.0;8
309300;BOT_TAKER;BOT_MAKER;INTARIAN_PEPPER_ROOT;XIRECS;10309.0;8
317200;BOT_MAKER;BOT_TAKER;INTARIAN_PEPPER_ROOT;XIRECS;10316.0;6
317700;BOT_TAKER;BOT_MAKER;INTARIAN_PEPPER_ROOT;XIRECS;10323.0;5
318900;BOT_MAKER;BOT_TAKER;INTARIAN_PEPPER_ROOT;XIRECS;10313.0;5
325400;BOT_TAKER;BOT_MAKER;INTARIAN_PEPPER_ROOT;XIRECS;10330.0;3
326100;BOT_MAKER;BOT_TAKER;ASH_COATED_OSMIUM;XIRECS;49706.0;3
326100;BOT_TAKER;BOT_MAKER;INTARIAN_PEPPER_ROOT;XIRECS;10331.0;5
331400;BOT_TAKER;BOT_MAKER;ASH_COATED_OSMIUM;XIRECS;49706.0;5
331700;BOT_OUTAGE_ASK;SUBMISSION;INTARIAN_PEPPER_ROOT;XIRECS;10380.0;5
331700;BOT_MAKER;BOT_TAKER;INTARIAN_PEPPER_ROOT;XIRECS;10331.0;4
331800;SUBMISSION;BOT;INTARIAN_PEPPER_ROOT;XIRECS;10337.0;5
331900;BOT_MAKER;BOT_TAKER;INTARIAN_PEPPER_ROOT;XIRECS;10330.0;6
332800;BOT_TAKER;BOT_MAKER;ASH_COATED_OSMIUM;XIRECS;49693.0;7
333900;BOT_TAKER;BOT_MAKER;ASH_COATED_OSMIUM;XIRECS;49698.0;2
333900;BOT_MAKER;BOT_TAKER;INTARIAN_PEPPER_ROOT;XIRECS;10327.0;6
335000;BOT_OUTAGE_ASK;SUBMISSION;INTARIAN_PEPPER_ROOT;XIRECS;10385.0;5
335100;SUBMISSION;BOT;INTARIAN_PEPPER_ROOT;XIRECS;10340.0;5
335400;BOT_MAKER;BOT_TAKER;ASH_COATED_OSMIUM;XIRECS;49680.0;4
336200;BOT_MAKER;BOT_TAKER;ASH_COATED_OSMIUM;XIRECS;49679.0;4
339600;BOT_MAKER;BOT_TAKER;INTARIAN_PEPPER_ROOT;XIRECS;10333.0;7
340400;BOT_TAKER;BOT_MAKER;INTARIAN_PEPPER_ROOT;XIRECS;10340.0;6
341600;BOT_TAKER;BOT_MAKER;INTARIAN_PEPPER_ROOT;XIRECS;10347.0;7
344900;BOT_TAKER;BOT_MAKER;ASH_COATED_OSMIUM;XIRECS;49699.0;5
346900;BOT_TAKER;BOT_MAKER;ASH_COATED_OSMIUM;XIRECS;49699.0;5
347200;BOT_TAKER;BOT_MAKER;INTARIAN_PEPPER_ROOT;XIRECS;10355.0;3
348700;BOT_TAKER;BOT_MAKER;ASH_COATED_OSMIUM;XIRECS;49706.0;5
349500;BOT_MAKER;BOT_TAKER;INTARIAN_PEPPER_ROOT;XIRECS;10347.0;7
350900;BOT_MAKER;BOT_TAKER;ASH_COATED_OSMIUM;XIRECS;49690.0;9
351900;BOT_TAKER;BOT_MAKER;ASH_COATED_OSMIUM;XIRECS;49705.0;8
355800;BOT_MAKER;BOT_TAKER;ASH_COATED_OSMIUM;XIRECS;49649.0;5
356500;BOT_TAKER;BOT_MAKER;ASH_COATED_OSMIUM;XIRECS;49661.0;5
358900;BOT_MAKER;BOT_TAKER;ASH_COATED_OSMIUM;XIRECS;49651.0;6
360100;BOT_TAKER;BOT_MAKER;ASH_COATED_OSMIUM;XIRECS;49671.0;2
364000;BOT_TAKER;BOT_MAKER;INTARIAN_PEPPER_ROOT;XIRECS;10373.0;7
366200;BOT_MAKER;BOT_TAKER;INTARIAN_PEPPER_ROOT;XIRECS;10359.0;6
367600;BOT_MAKER;BOT_TAKER;INTARIAN_PEPPER_ROOT;XIRECS;10365.0;6
367900;BOT_TAKER;BOT_MAKER;ASH_COATED_OSMIUM;XIRECS;49703.0;2
368300;BOT_MAKER;BOT_TAKER;INTARIAN_PEPPER_ROOT;XIRECS;10356.0;7
368500;BOT_MAKER;BOT_TAKER;ASH_COATED_OSMIUM;XIRECS;49690.0;8
369200;BOT_TAKER;BOT_MAKER;ASH_COATED_OSMIUM;XIRECS;49701.0;2
370100;BOT_TAKER;BOT_MAKER;INTARIAN_PEPPER_ROOT;XIRECS;10376.0;6
370500;BOT_MAKER;BOT_TAKER;ASH_COATED_OSMIUM;XIRECS;49700.0;3
376000;BOT_MAKER;BOT_TAKER;INTARIAN_PEPPER_ROOT;XIRECS;10368.0;8
378100;BOT_MAKER;BOT_TAKER;ASH_COATED_OSMIUM;XIRECS;49596.0;5
378200;BOT_TAKER;BOT_MAKER;ASH_COATED_OSMIUM;XIRECS;49614.0;10
380100;BOT_TAKER;BOT_MAKER;INTARIAN_PEPPER_ROOT;XIRECS;10380.0;7
383600;BOT_MAKER;BOT_TAKER;INTARIAN_PEPPER_ROOT;XIRECS;10377.0;5
383900;BOT_MAKER;BOT_TAKER;INTARIAN_PEPPER_ROOT;XIRECS;10379.0;5
385500;BOT_MAKER;BOT_TAKER;ASH_COATED_OSMIUM;XIRECS;59610.0;4
385500;BOT_MAKER;BOT_TAKER;INTARIAN_PEPPER_ROOT;XIRECS;10377.0;7
386800;BOT_MAKER;BOT_TAKER;INTARIAN_PEPPER_ROOT;XIRECS;10387.0;4
387800;BOT_TAKER;BOT_MAKER;INTARIAN_PEPPER_ROOT;XIRECS;10393.0;5
389500;BOT_MAKER;BOT_TAKER;INTARIAN_PEPPER_ROOT;XIRECS;10383.0;3
389600;BOT_TAKER;BOT_MAKER;INTARIAN_PEPPER_ROOT;XIRECS;10388.0;5
390900;BOT_MAKER;BOT_TAKER;INTARIAN_PEPPER_ROOT;XIRECS;10384.0;6
398300;BOT_TAKER;BOT_MAKER;ASH_COATED_OSMIUM;XIRECS;59579.0;2
398900;BOT_MAKER;BOT_TAKER;INTARIAN_PEPPER_ROOT;XIRECS;10383.0;3
399800;BOT_TAKER;BOT_MAKER;INTARIAN_PEPPER_ROOT;XIRECS;10400.0;8
400500;BOT_MAKER;BOT_TAKER;INTARIAN_PEPPER_ROOT;XIRECS;10390.0;3
400700;BOT_MAKER;BOT_TAKER;INTARIAN_PEPPER_ROOT;XIRECS;10390.0;3
401900;BOT_MAKER;BOT_TAKER;INTARIAN_PEPPER_ROOT;XIRECS;10395.0;7
405700;BOT_MAKER;BOT_TAKER;INTARIAN_PEPPER_ROOT;XIRECS;10399.0;7
406800;BOT_TAKER;BOT_MAKER;INTARIAN_PEPPER_ROOT;XIRECS;10416.0;7
412800;BOT_TAKER;BOT_MAKER;INTARIAN_PEPPER_ROOT;XIRECS;10418.0;6
414100;BOT_TAKER;BOT_MAKER;ASH_COATED_OSMIUM;XIRECS;59584.0;2
419300;BOT_MAKER;BOT_TAKER;INTARIAN_PEPPER_ROOT;XIRECS;10418.0;3
419400;BOT_TAKER;BOT_MAKER;INTARIAN_PEPPER_ROOT;XIRECS;10427.0;3
419900;BOT_MAKER;BOT_TAKER;INTARIAN_PEPPER_ROOT;XIRECS;10412.0;4
422700;BOT_MAKER;BOT_TAKER;INTARIAN_PEPPER_ROOT;XIRECS;10412.0;3
423400;BOT_TAKER;BOT_MAKER;ASH_COATED_OSMIUM;XIRECS;69637.0;5
424700;BOT_TAKER;BOT_MAKER;ASH_COATED_OSMIUM;XIRECS;69630.0;1
424700;BOT_TAKER;BOT_MAKER;ASH_COATED_OSMIUM;XIRECS;69636.0;3
424700;BOT_TAKER;BOT_MAKER;INTARIAN_PEPPER_ROOT;XIRECS;10428.0;3
426400;BOT_MAKER;BOT_TAKER;INTARIAN_PEPPER_ROOT;XIRECS;10419.0;3
429100;BOT_TAKER;BOT_MAKER;ASH_COATED_OSMIUM;XIRECS;69624.0;7
429300;BOT_TAKER;BOT_MAKER;ASH_COATED_OSMIUM;XIRECS;69633.0;5
431000;BOT_MAKER;BOT_TAKER;INTARIAN_PEPPER_ROOT;XIRECS;10422.0;4
433300;BOT_OUTAGE_ASK;SUBMISSION;INTARIAN_PEPPER_ROOT;XIRECS;10482.0;4
433400;SUBMISSION;BOT;INTARIAN_PEPPER_ROOT;XIRECS;10437.0;4
435000;BOT_MAKER;BOT_TAKER;ASH_COATED_OSMIUM;XIRECS;69596.0;3
435100;BOT_MAKER;BOT_TAKER;ASH_COATED_OSMIUM;XIRECS;69594.0;4
439500;BOT_TAKER;BOT_MAKER;INTARIAN_PEPPER_ROOT;XIRECS;10447.0;5
440300;BOT_MAKER;BOT_TAKER;INTARIAN_PEPPER_ROOT;XIRECS;10435.0;3
440500;BOT_MAKER;BOT_TAKER;INTARIAN_PEPPER_ROOT;XIRECS;10433.0;6
441400;BOT_TAKER;BOT_MAKER;INTARIAN_PEPPER_ROOT;XIRECS;10442.0;6
446700;BOT_MAKER;BOT_TAKER;INTARIAN_PEPPER_ROOT;XIRECS;10439.0;4
447600;BOT_TAKER;BOT_MAKER;INTARIAN_PEPPER_ROOT;XIRECS;10454.0;7
447900;BOT_MAKER;BOT_TAKER;INTARIAN_PEPPER_ROOT;XIRECS;10437.0;3
448100;BOT_TAKER;BOT_MAKER;INTARIAN_PEPPER_ROOT;XIRECS;10447.0;6
449800;BOT_MAKER;BOT_TAKER;INTARIAN_PEPPER_ROOT;XIRECS;10443.0;4
452100;BOT_MAKER;BOT_TAKER;ASH_COATED_OSMIUM;XIRECS;79573.0;4
452900;BOT_TAKER;BOT_MAKER;INTARIAN_PEPPER_ROOT;XIRECS;10457.0;5
456300;BOT_MAKER;BOT_TAKER;ASH_COATED_OSMIUM;XIRECS;69572.0;5
457100;BOT_TAKER;BOT_MAKER;INTARIAN_PEPPER_ROOT;XIRECS;10457.0;6
457400;BOT_TAKER;BOT_MAKER;ASH_COATED_OSMIUM;XIRECS;69576.0;5
458000;BOT_MAKER;BOT_TAKER;INTARIAN_PEPPER_ROOT;XIRECS;10451.0;4
458300;BOT_TAKER;BOT_MAKER;ASH_COATED_OSMIUM;XIRECS;69561.0;5
459100;BOT_MAKER;BOT_TAKER;ASH_COATED_OSMIUM;XIRECS;69551.0;5
461500;BOT_TAKER;BOT_MAKER;INTARIAN_PEPPER_ROOT;XIRECS;10468.0;7
463000;BOT_MAKER;BOT_TAKER;ASH_COATED_OSMIUM;XIRECS;69526.0;3
464100;BOT_TAKER;BOT_MAKER;INTARIAN_PEPPER_ROOT;XIRECS;10463.0;6
466400;BOT_TAKER;BOT_MAKER;ASH_COATED_OSMIUM;XIRECS;69540.0;6
466700;BOT_TAKER;BOT_MAKER;ASH_COATED_OSMIUM;XIRECS;69549.0;8
467700;BOT_TAKER;BOT_MAKER;ASH_COATED_OSMIUM;XIRECS;69548.0;2
468200;BOT_TAKER;BOT_MAKER;INTARIAN_PEPPER_ROOT;XIRECS;10473.0;5
468600;BOT_MAKER;BOT_TAKER;INTARIAN_PEPPER_ROOT;XIRECS;10462.0;3
470900;BOT_TAKER;BOT_MAKER;INTARIAN_PEPPER_ROOT;XIRECS;10475.0;6
472100;BOT_TAKER;BOT_MAKER;ASH_COATED_OSMIUM;XIRECS;69568.0;5
473500;BOT_TAKER;BOT_MAKER;INTARIAN_PEPPER_ROOT;XIRECS;10479.0;3
473800;BOT_TAKER;BOT_MAKER;ASH_COATED_OSMIUM;XIRECS;69558.0;4
475300;BOT_MAKER;BOT_TAKER;INTARIAN_PEPPER_ROOT;XIRECS;10469.0;5
477000;BOT_MAKER;BOT_TAKER;INTARIAN_PEPPER_ROOT;XIRECS;10470.0;3
478200;BOT_MAKER;BOT_TAKER;ASH_COATED_OSMIUM;XIRECS;69535.0;8
479200;BOT_MAKER;BOT_TAKER;INTARIAN_PEPPER_ROOT;XIRECS;10472.0;3
480500;BOT_MAKER;BOT_TAKER;ASH_COATED_OSMIUM;XIRECS;69528.0;5
481300;BOT_MAKER;BOT_TAKER;INTARIAN_PEPPER_ROOT;XIRECS;10474.0;3
484000;BOT_MAKER;BOT_TAKER;ASH_COATED_OSMIUM;XIRECS;69548.0;9
485500;BOT_MAKER;BOT_TAKER;ASH_COATED_OSMIUM;XIRECS;69545.0;4
487900;BOT_MAKER;BOT_TAKER;INTARIAN_PEPPER_ROOT;XIRECS;10481.0;5
489800;BOT_MAKER;BOT_TAKER;ASH_COATED_OSMIUM;XIRECS;69553.0;4
491300;BOT_TAKER;BOT_MAKER;ASH_COATED_OSMIUM;XIRECS;69555.0;5
491300;BOT_TAKER;BOT_MAKER;INTARIAN_PEPPER_ROOT;XIRECS;10496.0;5
491900;BOT_TAKER;BOT_MAKER;INTARIAN_PEPPER_ROOT;XIRECS;10491.0;4
493300;BOT_TAKER;BOT_MAKER;ASH_COATED_OSMIUM;XIRECS;69576.0;5
495100;BOT_MAKER;BOT_TAKER;INTARIAN_PEPPER_ROOT;XIRECS;10488.0;6
496000;BOT_MAKER;BOT_TAKER;INTARIAN_PEPPER_ROOT;XIRECS;10492.0;5
498300;BOT_TAKER;BOT_MAKER;ASH_COATED_OSMIUM;XIRECS;69594.0;2
498400;BOT_TAKER;BOT_MAKER;ASH_COATED_OSMIUM;XIRECS;69582.0;7
500100;BOT_MAKER;BOT_TAKER;ASH_COATED_OSMIUM;XIRECS;69533.0;3
500500;BOT_TAKER;BOT_MAKER;ASH_COATED_OSMIUM;XIRECS;69554.0;5
502600;BOT_TAKER;BOT_MAKER;ASH_COATED_OSMIUM;XIRECS;69520.0;5
502800;BOT_MAKER;BOT_TAKER;INTARIAN_PEPPER_ROOT;XIRECS;10496.0;5
505400;BOT_MAKER;BOT_TAKER;ASH_COATED_OSMIUM;XIRECS;79488.0;5
505800;BOT_TAKER;BOT_MAKER;INTARIAN_PEPPER_ROOT;XIRECS;10506.0;3
509000;BOT_MAKER;BOT_TAKER;INTARIAN_PEPPER_ROOT;XIRECS;10500.0;6
511000;BOT_MAKER;BOT_TAKER;INTARIAN_PEPPER_ROOT;XIRECS;10509.0;3
512800;BOT_TAKER;BOT_MAKER;INTARIAN_PEPPER_ROOT;XIRECS;10512.0;3
518300;BOT_MAKER;BOT_TAKER;INTARIAN_PEPPER_ROOT;XIRECS;10513.0;3
519700;BOT_TAKER;BOT_MAKER;ASH_COATED_OSMIUM;XIRECS;79478.0;5
523400;BOT_TAKER;BOT_MAKER;ASH_COATED_OSMIUM;XIRECS;79486.0;3
527500;BOT_TAKER;BOT_MAKER;ASH_COATED_OSMIUM;XIRECS;79482.0;3
528700;BOT_MAKER;BOT_TAKER;INTARIAN_PEPPER_ROOT;XIRECS;10526.0;7
528800;BOT_MAKER;BOT_TAKER;INTARIAN_PEPPER_ROOT;XIRECS;10527.0;6
531600;BOT_MAKER;BOT_TAKER;INTARIAN_PEPPER_ROOT;XIRECS;10525.0;6
534100;BOT_TAKER;BOT_MAKER;ASH_COATED_OSMIUM;XIRECS;69483.0;4
536000;BOT_MAKER;BOT_TAKER;INTARIAN_PEPPER_ROOT;XIRECS;10529.0;6
536500;BOT_MAKER;BOT_TAKER;INTARIAN_PEPPER_ROOT;XIRECS;10530.0;5
539300;BOT_TAKER;BOT_MAKER;ASH_COATED_OSMIUM;XIRECS;69461.0;6
539900;BOT_TAKER;BOT_MAKER;INTARIAN_PEPPER_ROOT;XIRECS;10544.0;7
540800;BOT_MAKER;BOT_TAKER;INTARIAN_PEPPER_ROOT;XIRECS;10538.0;7
541000;BOT_OUTAGE_ASK;SUBMISSION;INTARIAN_PEPPER_ROOT;XIRECS;10590.0;5
541100;SUBMISSION;BOT;INTARIAN_PEPPER_ROOT;XIRECS;10540.0;5
545900;BOT_TAKER;BOT_MAKER;INTARIAN_PEPPER_ROOT;XIRECS;10545.0;5
546500;BOT_TAKER;BOT_MAKER;ASH_COATED_OSMIUM;XIRECS;59486.0;3
547300;BOT_MAKER;BOT_TAKER;INTARIAN_PEPPER_ROOT;XIRECS;10538.0;7
552500;BOT_MAKER;BOT_TAKER;ASH_COATED_OSMIUM;XIRECS;59462.0;4
553500;BOT_MAKER;BOT_TAKER;INTARIAN_PEPPER_ROOT;XIRECS;10550.0;6
554000;BOT_TAKER;BOT_MAKER;INTARIAN_PEPPER_ROOT;XIRECS;10563.0;7
555400;BOT_MAKER;BOT_TAKER;INTARIAN_PEPPER_ROOT;XIRECS;10551.0;5
555800;BOT_TAKER;BOT_MAKER;INTARIAN_PEPPER_ROOT;XIRECS;10555.0;4
556200;BOT_TAKER;BOT_MAKER;INTARIAN_PEPPER_ROOT;XIRECS;10560.0;6
557100;BOT_TAKER;BOT_MAKER;ASH_COATED_OSMIUM;XIRECS;59500.0;6
558100;BOT_TAKER;BOT_MAKER;ASH_COATED_OSMIUM;XIRECS;69484.0;3
558200;BOT_TAKER;BOT_MAKER;ASH_COATED_OSMIUM;XIRECS;69490.0;6
560100;BOT_MAKER;BOT_TAKER;INTARIAN_PEPPER_ROOT;XIRECS;10550.0;3
561500;BOT_TAKER;BOT_MAKER;INTARIAN_PEPPER_ROOT;XIRECS;10565.0;7
564400;BOT_TAKER;BOT_MAKER;INTARIAN_PEPPER_ROOT;XIRECS;10567.0;3
565800;BOT_TAKER;BOT_MAKER;ASH_COATED_OSMIUM;XIRECS;69495.0;4
566000;BOT_TAKER;BOT_MAKER;ASH_COATED_OSMIUM;XIRECS;69493.0;5
568400;BOT_MAKER;BOT_TAKER;INTARIAN_PEPPER_ROOT;XIRECS;10561.0;3
569800;BOT_MAKER;BOT_TAKER;ASH_COATED_OSMIUM;XIRECS;69478.0;7
573700;BOT_TAKER;BOT_MAKER;ASH_COATED_OSMIUM;XIRECS;69454.0;5
575100;BOT_MAKER;BOT_TAKER;ASH_COATED_OSMIUM;XIRECS;69447.0;6
575400;BOT_TAKER;BOT_MAKER;ASH_COATED_OSMIUM;XIRECS;69453.0;5
576700;BOT_TAKER;BOT_MAKER;INTARIAN_PEPPER_ROOT;XIRECS;10580.0;3
577200;BOT_TAKER;BOT_MAKER;INTARIAN_PEPPER_ROOT;XIRECS;10584.0;4
578600;BOT_TAKER;BOT_MAKER;ASH_COATED_OSMIUM;XIRECS;69435.0;6
579000;BOT_TAKER;BOT_MAKER;INTARIAN_PEPPER_ROOT;XIRECS;10583.0;7
581000;BOT_TAKER;BOT_MAKER;INTARIAN_PEPPER_ROOT;XIRECS;10585.0;5
583000;BOT_TAKER;BOT_MAKER;ASH_COATED_OSMIUM;XIRECS;69465.0;6
583200;BOT_TAKER;BOT_MAKER;ASH_COATED_OSMIUM;XIRECS;69464.0;6
584200;BOT_TAKER;BOT_MAKER;ASH_COATED_OSMIUM;XIRECS;69467.0;3
585700;BOT_MAKER;BOT_TAKER;ASH_COATED_OSMIUM;XIRECS;69504.0;7
587800;BOT_MAKER;BOT_TAKER;INTARIAN_PEPPER_ROOT;XIRECS;10581.0;7
588500;BOT_MAKER;BOT_TAKER;ASH_COATED_OSMIUM;XIRECS;69506.0;8
589300;BOT_TAKER;BOT_MAKER;ASH_COATED_OSMIUM;XIRECS;69523.0;8
590600;BOT_TAKER;BOT_MAKER;INTARIAN_PEPPER_ROOT;XIRECS;10594.0;5
590700;BOT_TAKER;BOT_MAKER;ASH_COATED_OSMIUM;XIRECS;69521.0;6
590700;BOT_TAKER;BOT_MAKER;INTARIAN_PEPPER_ROOT;XIRECS;10595.0;4
592600;BOT_TAKER;BOT_MAKER;ASH_COATED_OSMIUM;XIRECS;69510.0;2
594000;BOT_TAKER;BOT_MAKER;INTARIAN_PEPPER_ROOT;XIRECS;10593.0;6
595800;BOT_MAKER;BOT_TAKER;INTARIAN_PEPPER_ROOT;XIRECS;10593.0;6
595900;BOT_MAKER;BOT_TAKER;INTARIAN_PEPPER_ROOT;XIRECS;10586.0;5
600600;BOT_MAKER;BOT_TAKER;ASH_COATED_OSMIUM;XIRECS;69529.0;6
604400;BOT_TAKER;BOT_MAKER;INTARIAN_PEPPER_ROOT;XIRECS;10608.0;7
608100;BOT_TAKER;BOT_MAKER;ASH_COATED_OSMIUM;XIRECS;69499.0;5
609700;BOT_TAKER;BOT_MAKER;ASH_COATED_OSMIUM;XIRECS;69508.0;6
611000;BOT_TAKER;BOT_MAKER;INTARIAN_PEPPER_ROOT;XIRECS;10611.0;7
613000;BOT_TAKER;BOT_MAKER;ASH_COATED_OSMIUM;XIRECS;69503.0;6
613600;BOT_TAKER;BOT_MAKER;ASH_COATED_OSMIUM;XIRECS;69504.0;7
613800;BOT_TAKER;BOT_MAKER;INTARIAN_PEPPER_ROOT;XIRECS;10618.0;7
614900;BOT_MAKER;BOT_TAKER;INTARIAN_PEPPER_ROOT;XIRECS;10607.0;3
615300;BOT_MAKER;BOT_TAKER;INTARIAN_PEPPER_ROOT;XIRECS;10613.0;6
615600;BOT_TAKER;BOT_MAKER;ASH_COATED_OSMIUM;XIRECS;69532.0;5
618600;BOT_MAKER;BOT_TAKER;INTARIAN_PEPPER_ROOT;XIRECS;10610.0;5
620200;BOT_TAKER;BOT_MAKER;INTARIAN_PEPPER_ROOT;XIRECS;10619.0;6
620300;BOT_TAKER;BOT_MAKER;ASH_COATED_OSMIUM;XIRECS;69518.0;5
622400;BOT_MAKER;BOT_TAKER;INTARIAN_PEPPER_ROOT;XIRECS;10609.0;5
627100;BOT_MAKER;BOT_TAKER;INTARIAN_PEPPER_ROOT;XIRECS;10619.0;7
630200;BOT_TAKER;BOT_MAKER;INTARIAN_PEPPER_ROOT;XIRECS;10635.0;4
631200;BOT_TAKER;BOT_MAKER;ASH_COATED_OSMIUM;XIRECS;69526.0;2
635100;BOT_TAKER;BOT_MAKER;ASH_COATED_OSMIUM;XIRECS;79517.0;5
635500;BOT_TAKER;BOT_MAKER;ASH_COATED_OSMIUM;XIRECS;79509.0;2
635600;BOT_TAKER;BOT_MAKER;INTARIAN_PEPPER_ROOT;XIRECS;10641.0;3
635700;BOT_TAKER;BOT_MAKER;INTARIAN_PEPPER_ROOT;XIRECS;10638.0;3
636100;BOT_TAKER;BOT_MAKER;INTARIAN_PEPPER_ROOT;XIRECS;10635.0;3
638100;BOT_TAKER;BOT_MAKER;INTARIAN_PEPPER_ROOT;XIRECS;10636.0;8
639700;BOT_MAKER;BOT_TAKER;INTARIAN_PEPPER_ROOT;XIRECS;10629.0;5
641100;BOT_TAKER;BOT_MAKER;ASH_COATED_OSMIUM;XIRECS;79497.0;6
641500;BOT_TAKER;BOT_MAKER;ASH_COATED_OSMIUM;XIRECS;79490.0;3
642800;BOT_TAKER;BOT_MAKER;INTARIAN_PEPPER_ROOT;XIRECS;10647.0;3
645400;BOT_MAKER;BOT_TAKER;INTARIAN_PEPPER_ROOT;XIRECS;10633.0;6
651500;BOT_TAKER;BOT_MAKER;ASH_COATED_OSMIUM;XIRECS;79480.0;2
652700;BOT_TAKER;BOT_MAKER;INTARIAN_PEPPER_ROOT;XIRECS;10657.0;3
653500;BOT_MAKER;BOT_TAKER;INTARIAN_PEPPER_ROOT;XIRECS;10651.0;3
653900;BOT_TAKER;BOT_MAKER;ASH_COATED_OSMIUM;XIRECS;79497.0;2
655900;BOT_TAKER;BOT_MAKER;INTARIAN_PEPPER_ROOT;XIRECS;10658.0;3
656300;BOT_MAKER;BOT_TAKER;ASH_COATED_OSMIUM;XIRECS;79479.0;5
658500;BOT_TAKER;BOT_MAKER;INTARIAN_PEPPER_ROOT;XIRECS;10663.0;7
660600;BOT_MAKER;BOT_TAKER;INTARIAN_PEPPER_ROOT;XIRECS;10653.0;7
661400;BOT_TAKER;BOT_MAKER;ASH_COATED_OSMIUM;XIRECS;79497.0;5
661600;BOT_TAKER;BOT_MAKER;ASH_COATED_OSMIUM;XIRECS;79493.0;4
663800;BOT_TAKER;BOT_MAKER;ASH_COATED_OSMIUM;XIRECS;69484.0;2
665600;BOT_TAKER;BOT_MAKER;ASH_COATED_OSMIUM;XIRECS;69488.0;2
665600;BOT_MAKER;BOT_TAKER;ASH_COATED_OSMIUM;XIRECS;69472.0;7
666000;BOT_TAKER;BOT_MAKER;ASH_COATED_OSMIUM;XIRECS;69484.0;9
666700;BOT_TAKER;BOT_MAKER;ASH_COATED_OSMIUM;XIRECS;69501.0;8
666700;BOT_TAKER;BOT_MAKER;INTARIAN_PEPPER_ROOT;XIRECS;10662.0;3
667300;BOT_TAKER;BOT_MAKER;ASH_COATED_OSMIUM;XIRECS;69505.0;6
667900;BOT_TAKER;BOT_MAKER;ASH_COATED_OSMIUM;XIRECS;69515.0;6
670300;BOT_TAKER;BOT_MAKER;INTARIAN_PEPPER_ROOT;XIRECS;10670.0;3
672100;BOT_OUTAGE_ASK;SUBMISSION;INTARIAN_PEPPER_ROOT;XIRECS;10718.0;4
672200;SUBMISSION;BOT;INTARIAN_PEPPER_ROOT;XIRECS;10677.0;4
673300;BOT_MAKER;BOT_TAKER;INTARIAN_PEPPER_ROOT;XIRECS;10666.0;5
676400;BOT_TAKER;BOT_MAKER;ASH_COATED_OSMIUM;XIRECS;69517.0;6
676500;BOT_TAKER;BOT_MAKER;INTARIAN_PEPPER_ROOT;XIRECS;10679.0;5
677200;BOT_MAKER;BOT_TAKER;INTARIAN_PEPPER_ROOT;XIRECS;10670.0;5
677800;BOT_TAKER;BOT_MAKER;INTARIAN_PEPPER_ROOT;XIRECS;10682.0;5
678500;BOT_MAKER;BOT_TAKER;ASH_COATED_OSMIUM;XIRECS;69485.0;4
678800;BOT_MAKER;BOT_TAKER;INTARIAN_PEPPER_ROOT;XIRECS;10675.0;7
679000;BOT_TAKER;BOT_MAKER;INTARIAN_PEPPER_ROOT;XIRECS;10679.0;8
680900;BOT_MAKER;BOT_TAKER;ASH_COATED_OSMIUM;XIRECS;69510.0;2
681200;BOT_MAKER;BOT_TAKER;INTARIAN_PEPPER_ROOT;XIRECS;10674.0;4
683300;BOT_MAKER;BOT_TAKER;ASH_COATED_OSMIUM;XIRECS;69506.0;5
683700;BOT_TAKER;BOT_MAKER;INTARIAN_PEPPER_ROOT;XIRECS;10685.0;3
685200;BOT_TAKER;BOT_MAKER;INTARIAN_PEPPER_ROOT;XIRECS;10690.0;6
685500;BOT_MAKER;BOT_TAKER;INTARIAN_PEPPER_ROOT;XIRECS;10674.0;4
690700;BOT_MAKER;BOT_TAKER;INTARIAN_PEPPER_ROOT;XIRECS;10682.0;3
691200;BOT_TAKER;BOT_MAKER;INTARIAN_PEPPER_ROOT;XIRECS;10695.0;3
694100;BOT_TAKER;BOT_MAKER;INTARIAN_PEPPER_ROOT;XIRECS;10696.0;3
694200;BOT_TAKER;BOT_MAKER;INTARIAN_PEPPER_ROOT;XIRECS;10686.0;8
694900;BOT_TAKER;BOT_MAKER;INTARIAN_PEPPER_ROOT;XIRECS;10692.0;4
695500;BOT_MAKER;BOT_TAKER;ASH_COATED_OSMIUM;XIRECS;69555.0;7
696500;BOT_TAKER;BOT_MAKER;INTARIAN_PEPPER_ROOT;XIRECS;10693.0;6
697600;BOT_TAKER;BOT_MAKER;ASH_COATED_OSMIUM;XIRECS;69560.0;6
699600;BOT_MAKER;BOT_TAKER;INTARIAN_PEPPER_ROOT;XIRECS;10691.0;3
700400;BOT_TAKER;BOT_MAKER;INTARIAN_PEPPER_ROOT;XIRECS;10705.0;3
701500;BOT_MAKER;BOT_TAKER;ASH_COATED_OSMIUM;XIRECS;79569.0;5
702100;BOT_MAKER;BOT_TAKER;ASH_COATED_OSMIUM;XIRECS;79593.0;4
702700;BOT_TAKER;BOT_MAKER;ASH_COATED_OSMIUM;XIRECS;79616.0;6
706900;BOT_TAKER;BOT_MAKER;INTARIAN_PEPPER_ROOT;XIRECS;10710.0;7
708700;BOT_MAKER;BOT_TAKER;INTARIAN_PEPPER_ROOT;XIRECS;10702.0;7
709300;BOT_MAKER;BOT_TAKER;INTARIAN_PEPPER_ROOT;XIRECS;10697.0;6
710700;BOT_MAKER;BOT_TAKER;ASH_COATED_OSMIUM;XIRECS;69562.0;6
713000;BOT_TAKER;BOT_MAKER;ASH_COATED_OSMIUM;XIRECS;69569.0;3
714000;BOT_TAKER;BOT_MAKER;INTARIAN_PEPPER_ROOT;XIRECS;10721.0;3
715400;BOT_TAKER;BOT_MAKER;INTARIAN_PEPPER_ROOT;XIRECS;10717.0;3
716900;BOT_MAKER;BOT_TAKER;INTARIAN_PEPPER_ROOT;XIRECS;10709.0;3
718400;BOT_TAKER;BOT_MAKER;ASH_COATED_OSMIUM;XIRECS;69501.0;9
721200;BOT_MAKER;BOT_TAKER;ASH_COATED_OSMIUM;XIRECS;69478.0;5
722700;BOT_MAKER;BOT_TAKER;INTARIAN_PEPPER_ROOT;XIRECS;10720.0;5
722900;BOT_MAKER;BOT_TAKER;INTARIAN_PEPPER_ROOT;XIRECS;10715.0;6
723600;BOT_MAKER;BOT_TAKER;ASH_COATED_OSMIUM;XIRECS;69448.0;9
723700;BOT_TAKER;BOT_MAKER;ASH_COATED_OSMIUM;XIRECS;69463.0;4
725000;BOT_MAKER;BOT_TAKER;ASH_COATED_OSMIUM;XIRECS;69437.0;2
726800;BOT_MAKER;BOT_TAKER;INTARIAN_PEPPER_ROOT;XIRECS;10723.0;7
729800;BOT_MAKER;BOT_TAKER;INTARIAN_PEPPER_ROOT;XIRECS;10721.0;3
730000;BOT_MAKER;BOT_TAKER;INTARIAN_PEPPER_ROOT;XIRECS;10724.0;3
734400;BOT_TAKER;BOT_MAKER;INTARIAN_PEPPER_ROOT;XIRECS;10740.0;5
735500;BOT_TAKER;BOT_MAKER;INTARIAN_PEPPER_ROOT;XIRECS;10729.0;4
737800;BOT_MAKER;BOT_TAKER;ASH_COATED_OSMIUM;XIRECS;69414.0;2
737800;BOT_TAKER;BOT_MAKER;ASH_COATED_OSMIUM;XIRECS;69430.0;5
739000;BOT_MAKER;BOT_TAKER;INTARIAN_PEPPER_ROOT;XIRECS;10731.0;3
740500;BOT_TAKER;BOT_MAKER;ASH_COATED_OSMIUM;XIRECS;69413.0;5
741700;BOT_MAKER;BOT_TAKER;ASH_COATED_OSMIUM;XIRECS;69411.0;6
743300;BOT_TAKER;BOT_MAKER;ASH_COATED_OSMIUM;XIRECS;69421.0;6
745900;BOT_TAKER;BOT_MAKER;ASH_COATED_OSMIUM;XIRECS;69402.0;5
747700;BOT_TAKER;BOT_MAKER;INTARIAN_PEPPER_ROOT;XIRECS;10751.0;4
749000;BOT_MAKER;BOT_TAKER;ASH_COATED_OSMIUM;XIRECS;69389.0;5
752200;BOT_MAKER;BOT_TAKER;ASH_COATED_OSMIUM;XIRECS;69395.0;10
755200;BOT_TAKER;BOT_MAKER;INTARIAN_PEPPER_ROOT;XIRECS;10753.0;6
756900;BOT_TAKER;BOT_MAKER;INTARIAN_PEPPER_ROOT;XIRECS;10761.0;5
757100;BOT_MAKER;BOT_TAKER;ASH_COATED_OSMIUM;XIRECS;69380.0;8
757600;BOT_MAKER;BOT_TAKER;INTARIAN_PEPPER_ROOT;XIRECS;10748.0;6
761900;BOT_MAKER;BOT_TAKER;INTARIAN_PEPPER_ROOT;XIRECS;10754.0;3
763100;BOT_TAKER;BOT_MAKER;ASH_COATED_OSMIUM;XIRECS;49378.0;6
763200;BOT_TAKER;BOT_MAKER;ASH_COATED_OSMIUM;XIRECS;49374.0;6
765100;BOT_TAKER;BOT_MAKER;INTARIAN_PEPPER_ROOT;XIRECS;10763.0;8
766200;BOT_TAKER;BOT_MAKER;ASH_COATED_OSMIUM;XIRECS;49343.0;6
767800;BOT_MAKER;BOT_TAKER;ASH_COATED_OSMIUM;XIRECS;49303.0;2
769800;BOT_TAKER;BOT_MAKER;ASH_COATED_OSMIUM;XIRECS;49301.0;5
771100;BOT_TAKER;BOT_MAKER;ASH_COATED_OSMIUM;XIRECS;49310.0;2
774700;BOT_MAKER;BOT_TAKER;ASH_COATED_OSMIUM;XIRECS;49303.0;2
775700;BOT_MAKER;BOT_TAKER;INTARIAN_PEPPER_ROOT;XIRECS;10767.0;3
777000;BOT_TAKER;BOT_MAKER;ASH_COATED_OSMIUM;XIRECS;49324.0;6
777200;BOT_TAKER;BOT_MAKER;ASH_COATED_OSMIUM;XIRECS;49302.0;6
778800;BOT_TAKER;BOT_MAKER;ASH_COATED_OSMIUM;XIRECS;49310.0;2
778800;BOT_MAKER;BOT_TAKER;ASH_COATED_OSMIUM;XIRECS;49294.0;7
779900;BOT_OUTAGE_ASK;SUBMISSION;INTARIAN_PEPPER_ROOT;XIRECS;10828.0;4
780000;BOT_MAKER;BOT_TAKER;INTARIAN_PEPPER_ROOT;XIRECS;10784.0;5
780100;SUBMISSION;BOT;INTARIAN_PEPPER_ROOT;XIRECS;10784.0;4
780400;BOT_MAKER;BOT_TAKER;INTARIAN_PEPPER_ROOT;XIRECS;10777.0;5
783300;BOT_MAKER;BOT_TAKER;ASH_COATED_OSMIUM;XIRECS;49281.0;9
783500;BOT_MAKER;BOT_TAKER;ASH_COATED_OSMIUM;XIRECS;49295.0;5
783700;BOT_TAKER;BOT_MAKER;ASH_COATED_OSMIUM;XIRECS;49310.0;5
784000;BOT_TAKER;BOT_MAKER;ASH_COATED_OSMIUM;XIRECS;49311.0;2
784000;BOT_MAKER;BOT_TAKER;INTARIAN_PEPPER_ROOT;XIRECS;10774.0;6
785900;BOT_MAKER;BOT_TAKER;ASH_COATED_OSMIUM;XIRECS;59279.0;9
786400;BOT_TAKER;BOT_MAKER;INTARIAN_PEPPER_ROOT;XIRECS;10785.0;4
790700;BOT_TAKER;BOT_MAKER;ASH_COATED_OSMIUM;XIRECS;59246.0;2
790900;BOT_TAKER;BOT_MAKER;INTARIAN_PEPPER_ROOT;XIRECS;10784.0;5
794900;BOT_MAKER;BOT_TAKER;INTARIAN_PEPPER_ROOT;XIRECS;10787.0;4
795100;BOT_MAKER;BOT_TAKER;INTARIAN_PEPPER_ROOT;XIRECS;10788.0;6
795400;BOT_TAKER;BOT_MAKER;INTARIAN_PEPPER_ROOT;XIRECS;10797.0;5
797000;BOT_TAKER;BOT_MAKER;ASH_COATED_OSMIUM;XIRECS;59218.0;4
797600;BOT_TAKER;BOT_MAKER;INTARIAN_PEPPER_ROOT;XIRECS;10803.0;6
797800;BOT_MAKER;BOT_TAKER;INTARIAN_PEPPER_ROOT;XIRECS;10788.0;6
802300;BOT_TAKER;BOT_MAKER;ASH_COATED_OSMIUM;XIRECS;59249.0;5
802700;BOT_TAKER;BOT_MAKER;ASH_COATED_OSMIUM;XIRECS;59251.0;5
806900;BOT_TAKER;BOT_MAKER;ASH_COATED_OSMIUM;XIRECS;59243.0;6
808100;BOT_MAKER;BOT_TAKER;INTARIAN_PEPPER_ROOT;XIRECS;10804.0;6
811100;BOT_MAKER;BOT_TAKER;INTARIAN_PEPPER_ROOT;XIRECS;10816.0;5
811500;BOT_MAKER;BOT_TAKER;ASH_COATED_OSMIUM;XIRECS;59233.0;5
815300;BOT_MAKER;BOT_TAKER;ASH_COATED_OSMIUM;XIRECS;59229.0;2
817000;BOT_TAKER;BOT_MAKER;ASH_COATED_OSMIUM;XIRECS;69233.0;2
817500;BOT_MAKER;BOT_TAKER;INTARIAN_PEPPER_ROOT;XIRECS;10809.0;7
820800;BOT_TAKER;BOT_MAKER;INTARIAN_PEPPER_ROOT;XIRECS;10819.0;4
821900;BOT_MAKER;BOT_TAKER;INTARIAN_PEPPER_ROOT;XIRECS;10813.0;6
822300;BOT_TAKER;BOT_MAKER;INTARIAN_PEPPER_ROOT;XIRECS;10826.0;3
822800;BOT_TAKER;BOT_MAKER;INTARIAN_PEPPER_ROOT;XIRECS;10828.0;3
825300;BOT_TAKER;BOT_MAKER;INTARIAN_PEPPER_ROOT;XIRECS;10822.0;3
826800;BOT_MAKER;BOT_TAKER;INTARIAN_PEPPER_ROOT;XIRECS;10818.0;3
828300;BOT_TAKER;BOT_MAKER;ASH_COATED_OSMIUM;XIRECS;69152.0;5
829000;BOT_MAKER;BOT_TAKER;INTARIAN_PEPPER_ROOT;XIRECS;10822.0;5
830700;BOT_MAKER;BOT_TAKER;INTARIAN_PEPPER_ROOT;XIRECS;10820.0;4
833900;BOT_TAKER;BOT_MAKER;INTARIAN_PEPPER_ROOT;XIRECS;10837.0;5
836400;BOT_MAKER;BOT_TAKER;ASH_COATED_OSMIUM;XIRECS;69205.0;5
836500;BOT_TAKER;BOT_MAKER;INTARIAN_PEPPER_ROOT;XIRECS;10839.0;7
838700;BOT_TAKER;BOT_MAKER;ASH_COATED_OSMIUM;XIRECS;69206.0;3
841600;BOT_TAKER;BOT_MAKER;INTARIAN_PEPPER_ROOT;XIRECS;10844.0;3
844500;BOT_TAKER;BOT_MAKER;ASH_COATED_OSMIUM;XIRECS;69202.0;8
845600;BOT_MAKER;BOT_TAKER;ASH_COATED_OSMIUM;XIRECS;69171.0;5
847300;BOT_TAKER;BOT_MAKER;ASH_COATED_OSMIUM;XIRECS;69187.0;2
847700;BOT_MAKER;BOT_TAKER;INTARIAN_PEPPER_ROOT;XIRECS;10839.0;3
848400;BOT_MAKER;BOT_TAKER;INTARIAN_PEPPER_ROOT;XIRECS;10845.0;7
849000;BOT_MAKER;BOT_TAKER;INTARIAN_PEPPER_ROOT;XIRECS;10836.0;5
849100;BOT_TAKER;BOT_MAKER;ASH_COATED_OSMIUM;XIRECS;69187.0;5
851300;BOT_MAKER;BOT_TAKER;ASH_COATED_OSMIUM;XIRECS;69158.0;6
852600;BOT_TAKER;BOT_MAKER;INTARIAN_PEPPER_ROOT;XIRECS;10850.0;4
854000;BOT_TAKER;BOT_MAKER;ASH_COATED_OSMIUM;XIRECS;69183.0;5
854300;BOT_TAKER;BOT_MAKER;ASH_COATED_OSMIUM;XIRECS;69177.0;3
856200;BOT_MAKER;BOT_TAKER;INTARIAN_PEPPER_ROOT;XIRECS;10853.0;6
856600;BOT_TAKER;BOT_MAKER;INTARIAN_PEPPER_ROOT;XIRECS;10855.0;3
859300;BOT_TAKER;BOT_MAKER;INTARIAN_PEPPER_ROOT;XIRECS;10857.0;4
859800;BOT_TAKER;BOT_MAKER;INTARIAN_PEPPER_ROOT;XIRECS;10861.0;8
862200;BOT_MAKER;BOT_TAKER;INTARIAN_PEPPER_ROOT;XIRECS;10854.0;7
863400;BOT_TAKER;BOT_MAKER;ASH_COATED_OSMIUM;XIRECS;79201.0;6
864400;BOT_TAKER;BOT_MAKER;INTARIAN_PEPPER_ROOT;XIRECS;10872.0;4
869000;BOT_MAKER;BOT_TAKER;ASH_COATED_OSMIUM;XIRECS;69156.0;2
869600;BOT_TAKER;BOT_MAKER;ASH_COATED_OSMIUM;XIRECS;69171.0;10
873300;BOT_TAKER;BOT_MAKER;ASH_COATED_OSMIUM;XIRECS;69186.0;6
876000;BOT_TAKER;BOT_MAKER;ASH_COATED_OSMIUM;XIRECS;69199.0;6
877700;BOT_MAKER;BOT_TAKER;INTARIAN_PEPPER_ROOT;XIRECS;10870.0;4
878800;BOT_TAKER;BOT_MAKER;ASH_COATED_OSMIUM;XIRECS;69191.0;8
880900;BOT_TAKER;BOT_MAKER;INTARIAN_PEPPER_ROOT;XIRECS;10885.0;3
881100;BOT_TAKER;BOT_MAKER;ASH_COATED_OSMIUM;XIRECS;69188.0;6
885600;BOT_MAKER;BOT_TAKER;ASH_COATED_OSMIUM;XIRECS;59198.0;3
886200;BOT_TAKER;BOT_MAKER;INTARIAN_PEPPER_ROOT;XIRECS;10888.0;5
887000;BOT_TAKER;BOT_MAKER;ASH_COATED_OSMIUM;XIRECS;59188.0;6
888700;BOT_TAKER;BOT_MAKER;INTARIAN_PEPPER_ROOT;XIRECS;10889.0;6
889200;BOT_MAKER;BOT_TAKER;ASH_COATED_OSMIUM;XIRECS;59162.0;4
889800;BOT_TAKER;BOT_MAKER;INTARIAN_PEPPER_ROOT;XIRECS;10893.0;6
896500;BOT_TAKER;BOT_MAKER;ASH_COATED_OSMIUM;XIRECS;59176.0;5
896800;BOT_TAKER;BOT_MAKER;INTARIAN_PEPPER_ROOT;XIRECS;10900.0;7
897500;BOT_MAKER;BOT_TAKER;ASH_COATED_OSMIUM;XIRECS;59160.0;5
898100;BOT_TAKER;BOT_MAKER;INTARIAN_PEPPER_ROOT;XIRECS;10902.0;6
898700;BOT_TAKER;BOT_MAKER;INTARIAN_PEPPER_ROOT;XIRECS;10906.0;4
899500;BOT_MAKER;BOT_TAKER;INTARIAN_PEPPER_ROOT;XIRECS;10891.0;5
901300;BOT_TAKER;BOT_MAKER;ASH_COATED_OSMIUM;XIRECS;59187.0;2
901900;BOT_MAKER;BOT_TAKER;INTARIAN_PEPPER_ROOT;XIRECS;10889.0;4
904700;BOT_TAKER;BOT_MAKER;INTARIAN_PEPPER_ROOT;XIRECS;10903.0;6
908200;BOT_MAKER;BOT_TAKER;INTARIAN_PEPPER_ROOT;XIRECS;10900.0;7
908300;BOT_MAKER;BOT_TAKER;ASH_COATED_OSMIUM;XIRECS;59150.0;3
908900;BOT_MAKER;BOT_TAKER;ASH_COATED_OSMIUM;XIRECS;59144.0;2
910000;BOT_MAKER;BOT_TAKER;ASH_COATED_OSMIUM;XIRECS;59123.0;3
910200;BOT_MAKER;BOT_TAKER;INTARIAN_PEPPER_ROOT;XIRECS;10902.0;3
912700;BOT_TAKER;BOT_MAKER;INTARIAN_PEPPER_ROOT;XIRECS;10922.0;5
913200;BOT_TAKER;BOT_MAKER;ASH_COATED_OSMIUM;XIRECS;59117.0;4
913700;BOT_MAKER;BOT_TAKER;INTARIAN_PEPPER_ROOT;XIRECS;10903.0;7
913900;BOT_TAKER;BOT_MAKER;INTARIAN_PEPPER_ROOT;XIRECS;10911.0;6
914300;BOT_MAKER;BOT_TAKER;ASH_COATED_OSMIUM;XIRECS;59087.0;2
916300;BOT_TAKER;BOT_MAKER;ASH_COATED_OSMIUM;XIRECS;59100.0;5
917300;BOT_MAKER;BOT_TAKER;INTARIAN_PEPPER_ROOT;XIRECS;10909.0;3
920600;BOT_MAKER;BOT_TAKER;ASH_COATED_OSMIUM;XIRECS;59093.0;3
920700;BOT_MAKER;BOT_TAKER;INTARIAN_PEPPER_ROOT;XIRECS;10913.0;5
921500;BOT_MAKER;BOT_TAKER;INTARIAN_PEPPER_ROOT;XIRECS;10911.0;6
921700;BOT_TAKER;BOT_MAKER;INTARIAN_PEPPER_ROOT;XIRECS;10924.0;7
922500;BOT_TAKER;BOT_MAKER;INTARIAN_PEPPER_ROOT;XIRECS;10925.0;5
923300;BOT_TAKER;BOT_MAKER;INTARIAN_PEPPER_ROOT;XIRECS;10926.0;4
923800;BOT_MAKER;BOT_TAKER;ASH_COATED_OSMIUM;XIRECS;59091.0;5
924200;BOT_MAKER;BOT_TAKER;INTARIAN_PEPPER_ROOT;XIRECS;10916.0;7
924300;BOT_MAKER;BOT_TAKER;ASH_COATED_OSMIUM;XIRECS;59066.0;4
925400;BOT_TAKER;BOT_MAKER;ASH_COATED_OSMIUM;XIRECS;59082.0;5
926800;BOT_MAKER;BOT_TAKER;ASH_COATED_OSMIUM;XIRECS;59073.0;4
928800;BOT_TAKER;BOT_MAKER;ASH_COATED_OSMIUM;XIRECS;59119.0;5
929900;BOT_TAKER;BOT_MAKER;INTARIAN_PEPPER_ROOT;XIRECS;10932.0;7
930900;BOT_TAKER;BOT_MAKER;INTARIAN_PEPPER_ROOT;XIRECS;10934.0;5
931200;BOT_MAKER;BOT_TAKER;INTARIAN_PEPPER_ROOT;XIRECS;10933.0;4
933500;BOT_MAKER;BOT_TAKER;INTARIAN_PEPPER_ROOT;XIRECS;10925.0;3
936000;BOT_TAKER;BOT_MAKER;ASH_COATED_OSMIUM;XIRECS;59105.0;5
936200;BOT_TAKER;BOT_MAKER;ASH_COATED_OSMIUM;XIRECS;59104.0;5
939000;BOT_MAKER;BOT_TAKER;INTARIAN_PEPPER_ROOT;XIRECS;10931.0;6
940100;BOT_TAKER;BOT_MAKER;INTARIAN_PEPPER_ROOT;XIRECS;10944.0;6
940900;BOT_MAKER;BOT_TAKER;ASH_COATED_OSMIUM;XIRECS;69112.0;10
941300;BOT_MAKER;BOT_TAKER;ASH_COATED_OSMIUM;XIRECS;69121.0;3
941500;BOT_MAKER;BOT_TAKER;INTARIAN_PEPPER_ROOT;XIRECS;10930.0;5
941900;BOT_TAKER;BOT_MAKER;INTARIAN_PEPPER_ROOT;XIRECS;10941.0;6
943100;BOT_TAKER;BOT_MAKER;ASH_COATED_OSMIUM;XIRECS;69139.0;4
945500;BOT_TAKER;BOT_MAKER;INTARIAN_PEPPER_ROOT;XIRECS;10948.0;7
945700;BOT_MAKER;BOT_TAKER;ASH_COATED_OSMIUM;XIRECS;69117.0;3
945800;BOT_TAKER;BOT_MAKER;INTARIAN_PEPPER_ROOT;XIRECS;10953.0;3
946600;BOT_TAKER;BOT_MAKER;ASH_COATED_OSMIUM;XIRECS;69098.0;5
946700;BOT_TAKER;BOT_MAKER;ASH_COATED_OSMIUM;XIRECS;69098.0;7
950700;BOT_TAKER;BOT_MAKER;ASH_COATED_OSMIUM;XIRECS;59111.0;3
951500;BOT_TAKER;BOT_MAKER;ASH_COATED_OSMIUM;XIRECS;59112.0;6
952500;BOT_TAKER;BOT_MAKER;ASH_COATED_OSMIUM;XIRECS;59114.0;2
953700;BOT_MAKER;BOT_TAKER;INTARIAN_PEPPER_ROOT;XIRECS;10945.0;7
956500;BOT_TAKER;BOT_MAKER;ASH_COATED_OSMIUM;XIRECS;49086.0;3
957100;BOT_MAKER;BOT_TAKER;ASH_COATED_OSMIUM;XIRECS;49066.0;5
959100;BOT_MAKER;BOT_TAKER;ASH_COATED_OSMIUM;XIRECS;49090.0;5
960000;BOT_TAKER;BOT_MAKER;INTARIAN_PEPPER_ROOT;XIRECS;10964.0;5
966000;BOT_MAKER;BOT_TAKER;ASH_COATED_OSMIUM;XIRECS;49062.0;2
966600;BOT_MAKER;BOT_TAKER;INTARIAN_PEPPER_ROOT;XIRECS;10958.0;7
967900;BOT_MAKER;BOT_TAKER;ASH_COATED_OSMIUM;XIRECS;49039.0;6
968000;BOT_TAKER;BOT_MAKER;ASH_COATED_OSMIUM;XIRECS;49047.0;4
968500;BOT_MAKER;BOT_TAKER;ASH_COATED_OSMIUM;XIRECS;49033.0;10
969400;BOT_MAKER;BOT_TAKER;INTARIAN_PEPPER_ROOT;XIRECS;10962.0;3
975800;BOT_TAKER;BOT_MAKER;INTARIAN_PEPPER_ROOT;XIRECS;10978.0;6
976700;BOT_TAKER;BOT_MAKER;ASH_COATED_OSMIUM;XIRECS;49071.0;4
977100;BOT_TAKER;BOT_MAKER;INTARIAN_PEPPER_ROOT;XIRECS;10980.0;6
977500;BOT_TAKER;BOT_MAKER;INTARIAN_PEPPER_ROOT;XIRECS;10979.0;3
978000;BOT_MAKER;BOT_TAKER;INTARIAN_PEPPER_ROOT;XIRECS;10974.0;8
978200;BOT_MAKER;BOT_TAKER;ASH_COATED_OSMIUM;XIRECS;49050.0;5
978500;BOT_TAKER;BOT_MAKER;ASH_COATED_OSMIUM;XIRECS;49065.0;4
980200;BOT_MAKER;BOT_TAKER;INTARIAN_PEPPER_ROOT;XIRECS;10971.0;4
982600;BOT_TAKER;BOT_MAKER;ASH_COATED_OSMIUM;XIRECS;49080.0;2
983000;BOT_MAKER;BOT_TAKER;ASH_COATED_OSMIUM;XIRECS;49062.0;5
984400;BOT_TAKER;BOT_MAKER;INTARIAN_PEPPER_ROOT;XIRECS;10982.0;6
986700;BOT_TAKER;BOT_MAKER;ASH_COATED_OSMIUM;XIRECS;49083.0;2
989000;BOT_MAKER;BOT_TAKER;INTARIAN_PEPPER_ROOT;XIRECS;10978.0;3
993700;BOT_MAKER;BOT_TAKER;ASH_COATED_OSMIUM;XIRECS;49032.0;2
993800;BOT_MAKER;BOT_TAKER;ASH_COATED_OSMIUM;XIRECS;49039.0;2
994900;BOT_MAKER;BOT_TAKER;ASH_COATED_OSMIUM;XIRECS;49021.0;9
998700;BOT_MAKER;BOT_TAKER;ASH_COATED_OSMIUM;XIRECS;49013.0;3
